

================================================================
== Synthesis Summary Report of 'student_infer_frame_streaming8'
================================================================
+ General Information: 
    * Date:           Tue Aug 18 11:38:57 2026
    * Version:        2022.2 (Build 3670227 on Oct 13 2022)
    * Project:        seq2seqlite_student_proj
    * Solution:       solution_streaming8 (Vivado IP Flow Target)
    * Product family: kintex7
    * Target device:  xc7k410t-ffg676-1
    

+ Performance & Resource Estimates: 
    
    PS: '+' for module; 'o' for loop; '*' for dataflow
    +----------------------------------------------------------+--------+-------+------------+-----------+----------+------------+-------+----------+---------+-------------+---------------+---------------+-----+
    |                          Modules                         |  Issue |       |  Latency   |  Latency  | Iteration|            |  Trip |          |         |             |               |               |     |
    |                          & Loops                         |  Type  | Slack |  (cycles)  |    (ns)   |  Latency |  Interval  | Count | Pipelined|  BRAM   |     DSP     |       FF      |      LUT      | URAM|
    +----------------------------------------------------------+--------+-------+------------+-----------+----------+------------+-------+----------+---------+-------------+---------------+---------------+-----+
    |+ student_infer_frame_streaming8*                         |  Timing|  -0.02|           -|          -|         -|  3194562502|      -|  dataflow|  16 (1%)|  1864 (121%)|  569116 (111%)|  385586 (151%)|    -|
    | + lane_worker8                                           |  Timing|  -0.02|  3194562501|  1.438e+10|         -|  3194562501|      -|        no|  2 (~0%)|    233 (15%)|    69524 (13%)|    45164 (17%)|    -|
    |  o VITIS_LOOP_7_1                                        |       -|   3.28|  3194562500|  1.438e+10|    102226|           -|  31250|        no|        -|            -|              -|              -|    -|
    |   + lane_worker8_Pipeline_READ_PIXEL                     |  Timing|  -0.01|         138|    621.000|         -|         138|      -|        no|        -|            -|       45 (~0%)|       83 (~0%)|    -|
    |    o READ_PIXEL                                          |       -|   3.28|         136|    612.000|         3|           1|    135|       yes|        -|            -|              -|              -|    -|
    |   + lane_worker8_Pipeline_WRITE_PIXEL_T_WRITE_PIXEL_O    |  Timing|  -0.02|         410|  1.845e+03|         -|         410|      -|        no|        -|            -|      135 (~0%)|      213 (~0%)|    -|
    |    o WRITE_PIXEL_T_WRITE_PIXEL_O                         |       -|   3.28|         408|  1.836e+03|         5|           1|    405|       yes|        -|            -|              -|              -|    -|
    |   o VITIS_LOOP_197_2                                     |       -|   3.28|       48600|  2.187e+05|       360|           -|    135|        no|        -|            -|              -|              -|    -|
    |    + gru_cell_step                                       |       -|   0.03|         340|  1.530e+03|         -|         340|      -|        no|        -|     100 (6%)|     28314 (5%)|     18870 (7%)|    -|
    |     + gru_cell_step_Pipeline_VITIS_LOOP_69_1             |       -|   0.21|         153|    688.500|         -|         153|      -|        no|        -|      33 (2%)|     13478 (2%)|      6280 (2%)|    -|
    |      o VITIS_LOOP_69_1                                   |       -|   3.28|         151|    679.500|        28|           4|     32|       yes|        -|            -|              -|              -|    -|
    |     + gru_cell_step_Pipeline_VITIS_LOOP_120_5            |       -|   0.04|         159|    715.500|         -|         159|      -|        no|        -|      2 (~0%)|      6647 (1%)|      3853 (1%)|    -|
    |      o VITIS_LOOP_120_5                                  |       -|   3.28|         157|    706.500|        34|           4|     32|       yes|        -|            -|              -|              -|    -|
    |   o VITIS_LOOP_220_5                                     |       -|   3.28|       53055|  2.387e+05|       393|           -|    135|        no|        -|            -|              -|              -|    -|
    |    + gru_cell_step_1                                     |       -|   0.03|         338|  1.521e+03|         -|         338|      -|        no|        -|     101 (6%)|     28231 (5%)|     18145 (7%)|    -|
    |     + gru_cell_step_1_Pipeline_VITIS_LOOP_69_1           |       -|   0.21|         153|    688.500|         -|         153|      -|        no|        -|      35 (2%)|     13765 (2%)|      6087 (2%)|    -|
    |      o VITIS_LOOP_69_1                                   |       -|   3.28|         151|    679.500|        28|           4|     32|       yes|        -|            -|              -|              -|    -|
    |     + gru_cell_step_1_Pipeline_VITIS_LOOP_120_5          |       -|   0.07|         157|    706.500|         -|         157|      -|        no|        -|      5 (~0%)|      6817 (1%)|      3701 (1%)|    -|
    |      o VITIS_LOOP_120_5                                  |       -|   3.28|         155|    697.500|        32|           4|     32|       yes|        -|            -|              -|              -|    -|
    |    + lane_worker8_Pipeline_VITIS_LOOP_238_7              |       -|   0.07|          35|    157.500|         -|          35|      -|        no|        -|      32 (2%)|     11268 (2%)|      5280 (2%)|    -|
    |     o VITIS_LOOP_238_7                                   |       -|   3.28|          33|    148.500|        26|           4|      3|       yes|        -|            -|              -|              -|    -|
    | + lane_worker8_2                                         |  Timing|  -0.02|  3194562501|  1.438e+10|         -|  3194562501|      -|        no|  2 (~0%)|    233 (15%)|    69524 (13%)|    45164 (17%)|    -|
    |  o VITIS_LOOP_7_1                                        |       -|   3.28|  3194562500|  1.438e+10|    102226|           -|  31250|        no|        -|            -|              -|              -|    -|
    |   + lane_worker8_2_Pipeline_READ_PIXEL                   |  Timing|  -0.01|         138|    621.000|         -|         138|      -|        no|        -|            -|       45 (~0%)|       83 (~0%)|    -|
    |    o READ_PIXEL                                          |       -|   3.28|         136|    612.000|         3|           1|    135|       yes|        -|            -|              -|              -|    -|
    |   + lane_worker8_2_Pipeline_WRITE_PIXEL_T_WRITE_PIXEL_O  |  Timing|  -0.02|         410|  1.845e+03|         -|         410|      -|        no|        -|            -|      135 (~0%)|      213 (~0%)|    -|
    |    o WRITE_PIXEL_T_WRITE_PIXEL_O                         |       -|   3.28|         408|  1.836e+03|         5|           1|    405|       yes|        -|            -|              -|              -|    -|
    |   o VITIS_LOOP_197_2                                     |       -|   3.28|       48600|  2.187e+05|       360|           -|    135|        no|        -|            -|              -|              -|    -|
    |    + gru_cell_step                                       |       -|   0.03|         340|  1.530e+03|         -|         340|      -|        no|        -|     100 (6%)|     28314 (5%)|     18870 (7%)|    -|
    |     + gru_cell_step_Pipeline_VITIS_LOOP_69_1             |       -|   0.21|         153|    688.500|         -|         153|      -|        no|        -|      33 (2%)|     13478 (2%)|      6280 (2%)|    -|
    |      o VITIS_LOOP_69_1                                   |       -|   3.28|         151|    679.500|        28|           4|     32|       yes|        -|            -|              -|              -|    -|
    |     + gru_cell_step_Pipeline_VITIS_LOOP_120_5            |       -|   0.04|         159|    715.500|         -|         159|      -|        no|        -|      2 (~0%)|      6647 (1%)|      3853 (1%)|    -|
    |      o VITIS_LOOP_120_5                                  |       -|   3.28|         157|    706.500|        34|           4|     32|       yes|        -|            -|              -|              -|    -|
    |   o VITIS_LOOP_220_5                                     |       -|   3.28|       53055|  2.387e+05|       393|           -|    135|        no|        -|            -|              -|              -|    -|
    |    + gru_cell_step_1                                     |       -|   0.03|         338|  1.521e+03|         -|         338|      -|        no|        -|     101 (6%)|     28231 (5%)|     18145 (7%)|    -|
    |     + gru_cell_step_1_Pipeline_VITIS_LOOP_69_1           |       -|   0.21|         153|    688.500|         -|         153|      -|        no|        -|      35 (2%)|     13765 (2%)|      6087 (2%)|    -|
    |      o VITIS_LOOP_69_1                                   |       -|   3.28|         151|    679.500|        28|           4|     32|       yes|        -|            -|              -|              -|    -|
    |     + gru_cell_step_1_Pipeline_VITIS_LOOP_120_5          |       -|   0.07|         157|    706.500|         -|         157|      -|        no|        -|      5 (~0%)|      6817 (1%)|      3701 (1%)|    -|
    |      o VITIS_LOOP_120_5                                  |       -|   3.28|         155|    697.500|        32|           4|     32|       yes|        -|            -|              -|              -|    -|
    |    + lane_worker8_2_Pipeline_VITIS_LOOP_238_7            |       -|   0.07|          35|    157.500|         -|          35|      -|        no|        -|      32 (2%)|     11268 (2%)|      5280 (2%)|    -|
    |     o VITIS_LOOP_238_7                                   |       -|   3.28|          33|    148.500|        26|           4|      3|       yes|        -|            -|              -|              -|    -|
    | + lane_worker8_3                                         |  Timing|  -0.02|  3194562501|  1.438e+10|         -|  3194562501|      -|        no|  2 (~0%)|    233 (15%)|    69524 (13%)|    45164 (17%)|    -|
    |  o VITIS_LOOP_7_1                                        |       -|   3.28|  3194562500|  1.438e+10|    102226|           -|  31250|        no|        -|            -|              -|              -|    -|
    |   + lane_worker8_3_Pipeline_READ_PIXEL                   |  Timing|  -0.01|         138|    621.000|         -|         138|      -|        no|        -|            -|       45 (~0%)|       83 (~0%)|    -|
    |    o READ_PIXEL                                          |       -|   3.28|         136|    612.000|         3|           1|    135|       yes|        -|            -|              -|              -|    -|
    |   + lane_worker8_3_Pipeline_WRITE_PIXEL_T_WRITE_PIXEL_O  |  Timing|  -0.02|         410|  1.845e+03|         -|         410|      -|        no|        -|            -|      135 (~0%)|      213 (~0%)|    -|
    |    o WRITE_PIXEL_T_WRITE_PIXEL_O                         |       -|   3.28|         408|  1.836e+03|         5|           1|    405|       yes|        -|            -|              -|              -|    -|
    |   o VITIS_LOOP_197_2                                     |       -|   3.28|       48600|  2.187e+05|       360|           -|    135|        no|        -|            -|              -|              -|    -|
    |    + gru_cell_step                                       |       -|   0.03|         340|  1.530e+03|         -|         340|      -|        no|        -|     100 (6%)|     28314 (5%)|     18870 (7%)|    -|
    |     + gru_cell_step_Pipeline_VITIS_LOOP_69_1             |       -|   0.21|         153|    688.500|         -|         153|      -|        no|        -|      33 (2%)|     13478 (2%)|      6280 (2%)|    -|
    |      o VITIS_LOOP_69_1                                   |       -|   3.28|         151|    679.500|        28|           4|     32|       yes|        -|            -|              -|              -|    -|
    |     + gru_cell_step_Pipeline_VITIS_LOOP_120_5            |       -|   0.04|         159|    715.500|         -|         159|      -|        no|        -|      2 (~0%)|      6647 (1%)|      3853 (1%)|    -|
    |      o VITIS_LOOP_120_5                                  |       -|   3.28|         157|    706.500|        34|           4|     32|       yes|        -|            -|              -|              -|    -|
    |   o VITIS_LOOP_220_5                                     |       -|   3.28|       53055|  2.387e+05|       393|           -|    135|        no|        -|            -|              -|              -|    -|
    |    + gru_cell_step_1                                     |       -|   0.03|         338|  1.521e+03|         -|         338|      -|        no|        -|     101 (6%)|     28231 (5%)|     18145 (7%)|    -|
    |     + gru_cell_step_1_Pipeline_VITIS_LOOP_69_1           |       -|   0.21|         153|    688.500|         -|         153|      -|        no|        -|      35 (2%)|     13765 (2%)|      6087 (2%)|    -|
    |      o VITIS_LOOP_69_1                                   |       -|   3.28|         151|    679.500|        28|           4|     32|       yes|        -|            -|              -|              -|    -|
    |     + gru_cell_step_1_Pipeline_VITIS_LOOP_120_5          |       -|   0.07|         157|    706.500|         -|         157|      -|        no|        -|      5 (~0%)|      6817 (1%)|      3701 (1%)|    -|
    |      o VITIS_LOOP_120_5                                  |       -|   3.28|         155|    697.500|        32|           4|     32|       yes|        -|            -|              -|              -|    -|
    |    + lane_worker8_3_Pipeline_VITIS_LOOP_238_7            |       -|   0.07|          35|    157.500|         -|          35|      -|        no|        -|      32 (2%)|     11268 (2%)|      5280 (2%)|    -|
    |     o VITIS_LOOP_238_7                                   |       -|   3.28|          33|    148.500|        26|           4|      3|       yes|        -|            -|              -|              -|    -|
    | + lane_worker8_4                                         |  Timing|  -0.02|  3194562501|  1.438e+10|         -|  3194562501|      -|        no|  2 (~0%)|    233 (15%)|    69524 (13%)|    45164 (17%)|    -|
    |  o VITIS_LOOP_7_1                                        |       -|   3.28|  3194562500|  1.438e+10|    102226|           -|  31250|        no|        -|            -|              -|              -|    -|
    |   + lane_worker8_4_Pipeline_READ_PIXEL                   |  Timing|  -0.01|         138|    621.000|         -|         138|      -|        no|        -|            -|       45 (~0%)|       83 (~0%)|    -|
    |    o READ_PIXEL                                          |       -|   3.28|         136|    612.000|         3|           1|    135|       yes|        -|            -|              -|              -|    -|
    |   + lane_worker8_4_Pipeline_WRITE_PIXEL_T_WRITE_PIXEL_O  |  Timing|  -0.02|         410|  1.845e+03|         -|         410|      -|        no|        -|            -|      135 (~0%)|      213 (~0%)|    -|
    |    o WRITE_PIXEL_T_WRITE_PIXEL_O                         |       -|   3.28|         408|  1.836e+03|         5|           1|    405|       yes|        -|            -|              -|              -|    -|
    |   o VITIS_LOOP_197_2                                     |       -|   3.28|       48600|  2.187e+05|       360|           -|    135|        no|        -|            -|              -|              -|    -|
    |    + gru_cell_step                                       |       -|   0.03|         340|  1.530e+03|         -|         340|      -|        no|        -|     100 (6%)|     28314 (5%)|     18870 (7%)|    -|
    |     + gru_cell_step_Pipeline_VITIS_LOOP_69_1             |       -|   0.21|         153|    688.500|         -|         153|      -|        no|        -|      33 (2%)|     13478 (2%)|      6280 (2%)|    -|
    |      o VITIS_LOOP_69_1                                   |       -|   3.28|         151|    679.500|        28|           4|     32|       yes|        -|            -|              -|              -|    -|
    |     + gru_cell_step_Pipeline_VITIS_LOOP_120_5            |       -|   0.04|         159|    715.500|         -|         159|      -|        no|        -|      2 (~0%)|      6647 (1%)|      3853 (1%)|    -|
    |      o VITIS_LOOP_120_5                                  |       -|   3.28|         157|    706.500|        34|           4|     32|       yes|        -|            -|              -|              -|    -|
    |   o VITIS_LOOP_220_5                                     |       -|   3.28|       53055|  2.387e+05|       393|           -|    135|        no|        -|            -|              -|              -|    -|
    |    + gru_cell_step_1                                     |       -|   0.03|         338|  1.521e+03|         -|         338|      -|        no|        -|     101 (6%)|     28231 (5%)|     18145 (7%)|    -|
    |     + gru_cell_step_1_Pipeline_VITIS_LOOP_69_1           |       -|   0.21|         153|    688.500|         -|         153|      -|        no|        -|      35 (2%)|     13765 (2%)|      6087 (2%)|    -|
    |      o VITIS_LOOP_69_1                                   |       -|   3.28|         151|    679.500|        28|           4|     32|       yes|        -|            -|              -|              -|    -|
    |     + gru_cell_step_1_Pipeline_VITIS_LOOP_120_5          |       -|   0.07|         157|    706.500|         -|         157|      -|        no|        -|      5 (~0%)|      6817 (1%)|      3701 (1%)|    -|
    |      o VITIS_LOOP_120_5                                  |       -|   3.28|         155|    697.500|        32|           4|     32|       yes|        -|            -|              -|              -|    -|
    |    + lane_worker8_4_Pipeline_VITIS_LOOP_238_7            |       -|   0.07|          35|    157.500|         -|          35|      -|        no|        -|      32 (2%)|     11268 (2%)|      5280 (2%)|    -|
    |     o VITIS_LOOP_238_7                                   |       -|   3.28|          33|    148.500|        26|           4|      3|       yes|        -|            -|              -|              -|    -|
    | + lane_worker8_5                                         |  Timing|  -0.02|  3194562501|  1.438e+10|         -|  3194562501|      -|        no|  2 (~0%)|    233 (15%)|    69524 (13%)|    45164 (17%)|    -|
    |  o VITIS_LOOP_7_1                                        |       -|   3.28|  3194562500|  1.438e+10|    102226|           -|  31250|        no|        -|            -|              -|              -|    -|
    |   + lane_worker8_5_Pipeline_READ_PIXEL                   |  Timing|  -0.01|         138|    621.000|         -|         138|      -|        no|        -|            -|       45 (~0%)|       83 (~0%)|    -|
    |    o READ_PIXEL                                          |       -|   3.28|         136|    612.000|         3|           1|    135|       yes|        -|            -|              -|              -|    -|
    |   + lane_worker8_5_Pipeline_WRITE_PIXEL_T_WRITE_PIXEL_O  |  Timing|  -0.02|         410|  1.845e+03|         -|         410|      -|        no|        -|            -|      135 (~0%)|      213 (~0%)|    -|
    |    o WRITE_PIXEL_T_WRITE_PIXEL_O                         |       -|   3.28|         408|  1.836e+03|         5|           1|    405|       yes|        -|            -|              -|              -|    -|
    |   o VITIS_LOOP_197_2                                     |       -|   3.28|       48600|  2.187e+05|       360|           -|    135|        no|        -|            -|              -|              -|    -|
    |    + gru_cell_step                                       |       -|   0.03|         340|  1.530e+03|         -|         340|      -|        no|        -|     100 (6%)|     28314 (5%)|     18870 (7%)|    -|
    |     + gru_cell_step_Pipeline_VITIS_LOOP_69_1             |       -|   0.21|         153|    688.500|         -|         153|      -|        no|        -|      33 (2%)|     13478 (2%)|      6280 (2%)|    -|
    |      o VITIS_LOOP_69_1                                   |       -|   3.28|         151|    679.500|        28|           4|     32|       yes|        -|            -|              -|              -|    -|
    |     + gru_cell_step_Pipeline_VITIS_LOOP_120_5            |       -|   0.04|         159|    715.500|         -|         159|      -|        no|        -|      2 (~0%)|      6647 (1%)|      3853 (1%)|    -|
    |      o VITIS_LOOP_120_5                                  |       -|   3.28|         157|    706.500|        34|           4|     32|       yes|        -|            -|              -|              -|    -|
    |   o VITIS_LOOP_220_5                                     |       -|   3.28|       53055|  2.387e+05|       393|           -|    135|        no|        -|            -|              -|              -|    -|
    |    + gru_cell_step_1                                     |       -|   0.03|         338|  1.521e+03|         -|         338|      -|        no|        -|     101 (6%)|     28231 (5%)|     18145 (7%)|    -|
    |     + gru_cell_step_1_Pipeline_VITIS_LOOP_69_1           |       -|   0.21|         153|    688.500|         -|         153|      -|        no|        -|      35 (2%)|     13765 (2%)|      6087 (2%)|    -|
    |      o VITIS_LOOP_69_1                                   |       -|   3.28|         151|    679.500|        28|           4|     32|       yes|        -|            -|              -|              -|    -|
    |     + gru_cell_step_1_Pipeline_VITIS_LOOP_120_5          |       -|   0.07|         157|    706.500|         -|         157|      -|        no|        -|      5 (~0%)|      6817 (1%)|      3701 (1%)|    -|
    |      o VITIS_LOOP_120_5                                  |       -|   3.28|         155|    697.500|        32|           4|     32|       yes|        -|            -|              -|              -|    -|
    |    + lane_worker8_5_Pipeline_VITIS_LOOP_238_7            |       -|   0.07|          35|    157.500|         -|          35|      -|        no|        -|      32 (2%)|     11268 (2%)|      5280 (2%)|    -|
    |     o VITIS_LOOP_238_7                                   |       -|   3.28|          33|    148.500|        26|           4|      3|       yes|        -|            -|              -|              -|    -|
    | + lane_worker8_6                                         |  Timing|  -0.02|  3194562501|  1.438e+10|         -|  3194562501|      -|        no|  2 (~0%)|    233 (15%)|    69524 (13%)|    45164 (17%)|    -|
    |  o VITIS_LOOP_7_1                                        |       -|   3.28|  3194562500|  1.438e+10|    102226|           -|  31250|        no|        -|            -|              -|              -|    -|
    |   + lane_worker8_6_Pipeline_READ_PIXEL                   |  Timing|  -0.01|         138|    621.000|         -|         138|      -|        no|        -|            -|       45 (~0%)|       83 (~0%)|    -|
    |    o READ_PIXEL                                          |       -|   3.28|         136|    612.000|         3|           1|    135|       yes|        -|            -|              -|              -|    -|
    |   + lane_worker8_6_Pipeline_WRITE_PIXEL_T_WRITE_PIXEL_O  |  Timing|  -0.02|         410|  1.845e+03|         -|         410|      -|        no|        -|            -|      135 (~0%)|      213 (~0%)|    -|
    |    o WRITE_PIXEL_T_WRITE_PIXEL_O                         |       -|   3.28|         408|  1.836e+03|         5|           1|    405|       yes|        -|            -|              -|              -|    -|
    |   o VITIS_LOOP_197_2                                     |       -|   3.28|       48600|  2.187e+05|       360|           -|    135|        no|        -|            -|              -|              -|    -|
    |    + gru_cell_step                                       |       -|   0.03|         340|  1.530e+03|         -|         340|      -|        no|        -|     100 (6%)|     28314 (5%)|     18870 (7%)|    -|
    |     + gru_cell_step_Pipeline_VITIS_LOOP_69_1             |       -|   0.21|         153|    688.500|         -|         153|      -|        no|        -|      33 (2%)|     13478 (2%)|      6280 (2%)|    -|
    |      o VITIS_LOOP_69_1                                   |       -|   3.28|         151|    679.500|        28|           4|     32|       yes|        -|            -|              -|              -|    -|
    |     + gru_cell_step_Pipeline_VITIS_LOOP_120_5            |       -|   0.04|         159|    715.500|         -|         159|      -|        no|        -|      2 (~0%)|      6647 (1%)|      3853 (1%)|    -|
    |      o VITIS_LOOP_120_5                                  |       -|   3.28|         157|    706.500|        34|           4|     32|       yes|        -|            -|              -|              -|    -|
    |   o VITIS_LOOP_220_5                                     |       -|   3.28|       53055|  2.387e+05|       393|           -|    135|        no|        -|            -|              -|              -|    -|
    |    + gru_cell_step_1                                     |       -|   0.03|         338|  1.521e+03|         -|         338|      -|        no|        -|     101 (6%)|     28231 (5%)|     18145 (7%)|    -|
    |     + gru_cell_step_1_Pipeline_VITIS_LOOP_69_1           |       -|   0.21|         153|    688.500|         -|         153|      -|        no|        -|      35 (2%)|     13765 (2%)|      6087 (2%)|    -|
    |      o VITIS_LOOP_69_1                                   |       -|   3.28|         151|    679.500|        28|           4|     32|       yes|        -|            -|              -|              -|    -|
    |     + gru_cell_step_1_Pipeline_VITIS_LOOP_120_5          |       -|   0.07|         157|    706.500|         -|         157|      -|        no|        -|      5 (~0%)|      6817 (1%)|      3701 (1%)|    -|
    |      o VITIS_LOOP_120_5                                  |       -|   3.28|         155|    697.500|        32|           4|     32|       yes|        -|            -|              -|              -|    -|
    |    + lane_worker8_6_Pipeline_VITIS_LOOP_238_7            |       -|   0.07|          35|    157.500|         -|          35|      -|        no|        -|      32 (2%)|     11268 (2%)|      5280 (2%)|    -|
    |     o VITIS_LOOP_238_7                                   |       -|   3.28|          33|    148.500|        26|           4|      3|       yes|        -|            -|              -|              -|    -|
    | + lane_worker8_7                                         |  Timing|  -0.02|  3194562501|  1.438e+10|         -|  3194562501|      -|        no|  2 (~0%)|    233 (15%)|    69524 (13%)|    45164 (17%)|    -|
    |  o VITIS_LOOP_7_1                                        |       -|   3.28|  3194562500|  1.438e+10|    102226|           -|  31250|        no|        -|            -|              -|              -|    -|
    |   + lane_worker8_7_Pipeline_READ_PIXEL                   |  Timing|  -0.01|         138|    621.000|         -|         138|      -|        no|        -|            -|       45 (~0%)|       83 (~0%)|    -|
    |    o READ_PIXEL                                          |       -|   3.28|         136|    612.000|         3|           1|    135|       yes|        -|            -|              -|              -|    -|
    |   + lane_worker8_7_Pipeline_WRITE_PIXEL_T_WRITE_PIXEL_O  |  Timing|  -0.02|         410|  1.845e+03|         -|         410|      -|        no|        -|            -|      135 (~0%)|      213 (~0%)|    -|
    |    o WRITE_PIXEL_T_WRITE_PIXEL_O                         |       -|   3.28|         408|  1.836e+03|         5|           1|    405|       yes|        -|            -|              -|              -|    -|
    |   o VITIS_LOOP_197_2                                     |       -|   3.28|       48600|  2.187e+05|       360|           -|    135|        no|        -|            -|              -|              -|    -|
    |    + gru_cell_step                                       |       -|   0.03|         340|  1.530e+03|         -|         340|      -|        no|        -|     100 (6%)|     28314 (5%)|     18870 (7%)|    -|
    |     + gru_cell_step_Pipeline_VITIS_LOOP_69_1             |       -|   0.21|         153|    688.500|         -|         153|      -|        no|        -|      33 (2%)|     13478 (2%)|      6280 (2%)|    -|
    |      o VITIS_LOOP_69_1                                   |       -|   3.28|         151|    679.500|        28|           4|     32|       yes|        -|            -|              -|              -|    -|
    |     + gru_cell_step_Pipeline_VITIS_LOOP_120_5            |       -|   0.04|         159|    715.500|         -|         159|      -|        no|        -|      2 (~0%)|      6647 (1%)|      3853 (1%)|    -|
    |      o VITIS_LOOP_120_5                                  |       -|   3.28|         157|    706.500|        34|           4|     32|       yes|        -|            -|              -|              -|    -|
    |   o VITIS_LOOP_220_5                                     |       -|   3.28|       53055|  2.387e+05|       393|           -|    135|        no|        -|            -|              -|              -|    -|
    |    + gru_cell_step_1                                     |       -|   0.03|         338|  1.521e+03|         -|         338|      -|        no|        -|     101 (6%)|     28231 (5%)|     18145 (7%)|    -|
    |     + gru_cell_step_1_Pipeline_VITIS_LOOP_69_1           |       -|   0.21|         153|    688.500|         -|         153|      -|        no|        -|      35 (2%)|     13765 (2%)|      6087 (2%)|    -|
    |      o VITIS_LOOP_69_1                                   |       -|   3.28|         151|    679.500|        28|           4|     32|       yes|        -|            -|              -|              -|    -|
    |     + gru_cell_step_1_Pipeline_VITIS_LOOP_120_5          |       -|   0.07|         157|    706.500|         -|         157|      -|        no|        -|      5 (~0%)|      6817 (1%)|      3701 (1%)|    -|
    |      o VITIS_LOOP_120_5                                  |       -|   3.28|         155|    697.500|        32|           4|     32|       yes|        -|            -|              -|              -|    -|
    |    + lane_worker8_7_Pipeline_VITIS_LOOP_238_7            |       -|   0.07|          35|    157.500|         -|          35|      -|        no|        -|      32 (2%)|     11268 (2%)|      5280 (2%)|    -|
    |     o VITIS_LOOP_238_7                                   |       -|   3.28|          33|    148.500|        26|           4|      3|       yes|        -|            -|              -|              -|    -|
    | + lane_worker8_8                                         |  Timing|  -0.02|  3194562501|  1.438e+10|         -|  3194562501|      -|        no|  2 (~0%)|    233 (15%)|    69524 (13%)|    45164 (17%)|    -|
    |  o VITIS_LOOP_7_1                                        |       -|   3.28|  3194562500|  1.438e+10|    102226|           -|  31250|        no|        -|            -|              -|              -|    -|
    |   + lane_worker8_8_Pipeline_READ_PIXEL                   |  Timing|  -0.01|         138|    621.000|         -|         138|      -|        no|        -|            -|       45 (~0%)|       83 (~0%)|    -|
    |    o READ_PIXEL                                          |       -|   3.28|         136|    612.000|         3|           1|    135|       yes|        -|            -|              -|              -|    -|
    |   + lane_worker8_8_Pipeline_WRITE_PIXEL_T_WRITE_PIXEL_O  |  Timing|  -0.02|         410|  1.845e+03|         -|         410|      -|        no|        -|            -|      135 (~0%)|      213 (~0%)|    -|
    |    o WRITE_PIXEL_T_WRITE_PIXEL_O                         |       -|   3.28|         408|  1.836e+03|         5|           1|    405|       yes|        -|            -|              -|              -|    -|
    |   o VITIS_LOOP_197_2                                     |       -|   3.28|       48600|  2.187e+05|       360|           -|    135|        no|        -|            -|              -|              -|    -|
    |    + gru_cell_step                                       |       -|   0.03|         340|  1.530e+03|         -|         340|      -|        no|        -|     100 (6%)|     28314 (5%)|     18870 (7%)|    -|
    |     + gru_cell_step_Pipeline_VITIS_LOOP_69_1             |       -|   0.21|         153|    688.500|         -|         153|      -|        no|        -|      33 (2%)|     13478 (2%)|      6280 (2%)|    -|
    |      o VITIS_LOOP_69_1                                   |       -|   3.28|         151|    679.500|        28|           4|     32|       yes|        -|            -|              -|              -|    -|
    |     + gru_cell_step_Pipeline_VITIS_LOOP_120_5            |       -|   0.04|         159|    715.500|         -|         159|      -|        no|        -|      2 (~0%)|      6647 (1%)|      3853 (1%)|    -|
    |      o VITIS_LOOP_120_5                                  |       -|   3.28|         157|    706.500|        34|           4|     32|       yes|        -|            -|              -|              -|    -|
    |   o VITIS_LOOP_220_5                                     |       -|   3.28|       53055|  2.387e+05|       393|           -|    135|        no|        -|            -|              -|              -|    -|
    |    + gru_cell_step_1                                     |       -|   0.03|         338|  1.521e+03|         -|         338|      -|        no|        -|     101 (6%)|     28231 (5%)|     18145 (7%)|    -|
    |     + gru_cell_step_1_Pipeline_VITIS_LOOP_69_1           |       -|   0.21|         153|    688.500|         -|         153|      -|        no|        -|      35 (2%)|     13765 (2%)|      6087 (2%)|    -|
    |      o VITIS_LOOP_69_1                                   |       -|   3.28|         151|    679.500|        28|           4|     32|       yes|        -|            -|              -|              -|    -|
    |     + gru_cell_step_1_Pipeline_VITIS_LOOP_120_5          |       -|   0.07|         157|    706.500|         -|         157|      -|        no|        -|      5 (~0%)|      6817 (1%)|      3701 (1%)|    -|
    |      o VITIS_LOOP_120_5                                  |       -|   3.28|         155|    697.500|        32|           4|     32|       yes|        -|            -|              -|              -|    -|
    |    + lane_worker8_8_Pipeline_VITIS_LOOP_238_7            |       -|   0.07|          35|    157.500|         -|          35|      -|        no|        -|      32 (2%)|     11268 (2%)|      5280 (2%)|    -|
    |     o VITIS_LOOP_238_7                                   |       -|   3.28|          33|    148.500|        26|           4|      3|       yes|        -|            -|              -|              -|    -|
    +----------------------------------------------------------+--------+-------+------------+-----------+----------+------------+-------+----------+---------+-------------+---------------+---------------+-----+


================================================================
== HW Interfaces
================================================================
* M_AXI
+-----------------+------------+---------------+---------+--------+----------+-----------+--------------+--------------+-------------+-------------+
| Interface       | Data Width | Address Width | Latency | Offset | Register | Max Widen | Max Read     | Max Write    | Num Read    | Num Write   |
|                 | (SW->HW)   |               |         |        |          | Bitwidth  | Burst Length | Burst Length | Outstanding | Outstanding |
+-----------------+------------+---------------+---------+--------+----------+-----------+--------------+--------------+-------------+-------------+
| m_axi_gmem_in0  | 16 -> 16   | 64            | 0       | slave  | 0        | 0         | 16           | 16           | 16          | 16          |
| m_axi_gmem_in1  | 16 -> 16   | 64            | 0       | slave  | 0        | 0         | 16           | 16           | 16          | 16          |
| m_axi_gmem_in2  | 16 -> 16   | 64            | 0       | slave  | 0        | 0         | 16           | 16           | 16          | 16          |
| m_axi_gmem_in3  | 16 -> 16   | 64            | 0       | slave  | 0        | 0         | 16           | 16           | 16          | 16          |
| m_axi_gmem_in4  | 16 -> 16   | 64            | 0       | slave  | 0        | 0         | 16           | 16           | 16          | 16          |
| m_axi_gmem_in5  | 16 -> 16   | 64            | 0       | slave  | 0        | 0         | 16           | 16           | 16          | 16          |
| m_axi_gmem_in6  | 16 -> 16   | 64            | 0       | slave  | 0        | 0         | 16           | 16           | 16          | 16          |
| m_axi_gmem_in7  | 16 -> 16   | 64            | 0       | slave  | 0        | 0         | 16           | 16           | 16          | 16          |
| m_axi_gmem_out0 | 16 -> 16   | 64            | 0       | slave  | 0        | 0         | 16           | 16           | 16          | 16          |
| m_axi_gmem_out1 | 16 -> 16   | 64            | 0       | slave  | 0        | 0         | 16           | 16           | 16          | 16          |
| m_axi_gmem_out2 | 16 -> 16   | 64            | 0       | slave  | 0        | 0         | 16           | 16           | 16          | 16          |
| m_axi_gmem_out3 | 16 -> 16   | 64            | 0       | slave  | 0        | 0         | 16           | 16           | 16          | 16          |
| m_axi_gmem_out4 | 16 -> 16   | 64            | 0       | slave  | 0        | 0         | 16           | 16           | 16          | 16          |
| m_axi_gmem_out5 | 16 -> 16   | 64            | 0       | slave  | 0        | 0         | 16           | 16           | 16          | 16          |
| m_axi_gmem_out6 | 16 -> 16   | 64            | 0       | slave  | 0        | 0         | 16           | 16           | 16          | 16          |
| m_axi_gmem_out7 | 16 -> 16   | 64            | 0       | slave  | 0        | 0         | 16           | 16           | 16          | 16          |
+-----------------+------------+---------------+---------+--------+----------+-----------+--------------+--------------+-------------+-------------+

* S_AXILITE Interfaces
+---------------+------------+---------------+--------+----------+
| Interface     | Data Width | Address Width | Offset | Register |
+---------------+------------+---------------+--------+----------+
| s_axi_control | 32         | 8             | 16     | 0        |
+---------------+------------+---------------+--------+----------+

* S_AXILITE Registers
+---------------+-----------------+--------+-------+--------+----------------------------------+----------------------------------------------------------------------+
| Interface     | Register        | Offset | Width | Access | Description                      | Bit Fields                                                           |
+---------------+-----------------+--------+-------+--------+----------------------------------+----------------------------------------------------------------------+
| s_axi_control | CTRL            | 0x00   | 32    | RW     | Control signals                  | 0=AP_START 1=AP_DONE 2=AP_IDLE 3=AP_READY 7=AUTO_RESTART 9=INTERRUPT |
| s_axi_control | GIER            | 0x04   | 32    | RW     | Global Interrupt Enable Register | 0=Enable                                                             |
| s_axi_control | IP_IER          | 0x08   | 32    | RW     | IP Interrupt Enable Register     | 0=CHAN0_INT_EN 1=CHAN1_INT_EN                                        |
| s_axi_control | IP_ISR          | 0x0c   | 32    | RW     | IP Interrupt Status Register     | 0=CHAN0_INT_ST 1=CHAN1_INT_ST                                        |
| s_axi_control | tpsf_in_lane0_1 | 0x10   | 32    | W      | Data signal of tpsf_in_lane0     |                                                                      |
| s_axi_control | tpsf_in_lane0_2 | 0x14   | 32    | W      | Data signal of tpsf_in_lane0     |                                                                      |
| s_axi_control | tpsf_in_lane1_1 | 0x1c   | 32    | W      | Data signal of tpsf_in_lane1     |                                                                      |
| s_axi_control | tpsf_in_lane1_2 | 0x20   | 32    | W      | Data signal of tpsf_in_lane1     |                                                                      |
| s_axi_control | tpsf_in_lane2_1 | 0x28   | 32    | W      | Data signal of tpsf_in_lane2     |                                                                      |
| s_axi_control | tpsf_in_lane2_2 | 0x2c   | 32    | W      | Data signal of tpsf_in_lane2     |                                                                      |
| s_axi_control | tpsf_in_lane3_1 | 0x34   | 32    | W      | Data signal of tpsf_in_lane3     |                                                                      |
| s_axi_control | tpsf_in_lane3_2 | 0x38   | 32    | W      | Data signal of tpsf_in_lane3     |                                                                      |
| s_axi_control | tpsf_in_lane4_1 | 0x40   | 32    | W      | Data signal of tpsf_in_lane4     |                                                                      |
| s_axi_control | tpsf_in_lane4_2 | 0x44   | 32    | W      | Data signal of tpsf_in_lane4     |                                                                      |
| s_axi_control | tpsf_in_lane5_1 | 0x4c   | 32    | W      | Data signal of tpsf_in_lane5     |                                                                      |
| s_axi_control | tpsf_in_lane5_2 | 0x50   | 32    | W      | Data signal of tpsf_in_lane5     |                                                                      |
| s_axi_control | tpsf_in_lane6_1 | 0x58   | 32    | W      | Data signal of tpsf_in_lane6     |                                                                      |
| s_axi_control | tpsf_in_lane6_2 | 0x5c   | 32    | W      | Data signal of tpsf_in_lane6     |                                                                      |
| s_axi_control | tpsf_in_lane7_1 | 0x64   | 32    | W      | Data signal of tpsf_in_lane7     |                                                                      |
| s_axi_control | tpsf_in_lane7_2 | 0x68   | 32    | W      | Data signal of tpsf_in_lane7     |                                                                      |
| s_axi_control | sfd_out_lane0_1 | 0x70   | 32    | W      | Data signal of sfd_out_lane0     |                                                                      |
| s_axi_control | sfd_out_lane0_2 | 0x74   | 32    | W      | Data signal of sfd_out_lane0     |                                                                      |
| s_axi_control | sfd_out_lane1_1 | 0x7c   | 32    | W      | Data signal of sfd_out_lane1     |                                                                      |
| s_axi_control | sfd_out_lane1_2 | 0x80   | 32    | W      | Data signal of sfd_out_lane1     |                                                                      |
| s_axi_control | sfd_out_lane2_1 | 0x88   | 32    | W      | Data signal of sfd_out_lane2     |                                                                      |
| s_axi_control | sfd_out_lane2_2 | 0x8c   | 32    | W      | Data signal of sfd_out_lane2     |                                                                      |
| s_axi_control | sfd_out_lane3_1 | 0x94   | 32    | W      | Data signal of sfd_out_lane3     |                                                                      |
| s_axi_control | sfd_out_lane3_2 | 0x98   | 32    | W      | Data signal of sfd_out_lane3     |                                                                      |
| s_axi_control | sfd_out_lane4_1 | 0xa0   | 32    | W      | Data signal of sfd_out_lane4     |                                                                      |
| s_axi_control | sfd_out_lane4_2 | 0xa4   | 32    | W      | Data signal of sfd_out_lane4     |                                                                      |
| s_axi_control | sfd_out_lane5_1 | 0xac   | 32    | W      | Data signal of sfd_out_lane5     |                                                                      |
| s_axi_control | sfd_out_lane5_2 | 0xb0   | 32    | W      | Data signal of sfd_out_lane5     |                                                                      |
| s_axi_control | sfd_out_lane6_1 | 0xb8   | 32    | W      | Data signal of sfd_out_lane6     |                                                                      |
| s_axi_control | sfd_out_lane6_2 | 0xbc   | 32    | W      | Data signal of sfd_out_lane6     |                                                                      |
| s_axi_control | sfd_out_lane7_1 | 0xc4   | 32    | W      | Data signal of sfd_out_lane7     |                                                                      |
| s_axi_control | sfd_out_lane7_2 | 0xc8   | 32    | W      | Data signal of sfd_out_lane7     |                                                                      |
+---------------+-----------------+--------+-------+--------+----------------------------------+----------------------------------------------------------------------+

* TOP LEVEL CONTROL
+-----------+------------+-----------+
| Interface | Type       | Ports     |
+-----------+------------+-----------+
| ap_clk    | clock      | ap_clk    |
| ap_rst_n  | reset      | ap_rst_n  |
| interrupt | interrupt  | interrupt |
| ap_ctrl   | ap_ctrl_hs |           |
+-----------+------------+-----------+


================================================================
== SW I/O Information
================================================================
* Top Function Arguments
+---------------+-----------+--------------------------------------+
| Argument      | Direction | Datatype                             |
+---------------+-----------+--------------------------------------+
| tpsf_in_lane0 | in        | ap_fixed<16, 2, AP_TRN, AP_WRAP, 0>* |
| tpsf_in_lane1 | in        | ap_fixed<16, 2, AP_TRN, AP_WRAP, 0>* |
| tpsf_in_lane2 | in        | ap_fixed<16, 2, AP_TRN, AP_WRAP, 0>* |
| tpsf_in_lane3 | in        | ap_fixed<16, 2, AP_TRN, AP_WRAP, 0>* |
| tpsf_in_lane4 | in        | ap_fixed<16, 2, AP_TRN, AP_WRAP, 0>* |
| tpsf_in_lane5 | in        | ap_fixed<16, 2, AP_TRN, AP_WRAP, 0>* |
| tpsf_in_lane6 | in        | ap_fixed<16, 2, AP_TRN, AP_WRAP, 0>* |
| tpsf_in_lane7 | in        | ap_fixed<16, 2, AP_TRN, AP_WRAP, 0>* |
| sfd_out_lane0 | out       | ap_fixed<16, 6, AP_RND, AP_SAT, 0>*  |
| sfd_out_lane1 | out       | ap_fixed<16, 6, AP_RND, AP_SAT, 0>*  |
| sfd_out_lane2 | out       | ap_fixed<16, 6, AP_RND, AP_SAT, 0>*  |
| sfd_out_lane3 | out       | ap_fixed<16, 6, AP_RND, AP_SAT, 0>*  |
| sfd_out_lane4 | out       | ap_fixed<16, 6, AP_RND, AP_SAT, 0>*  |
| sfd_out_lane5 | out       | ap_fixed<16, 6, AP_RND, AP_SAT, 0>*  |
| sfd_out_lane6 | out       | ap_fixed<16, 6, AP_RND, AP_SAT, 0>*  |
| sfd_out_lane7 | out       | ap_fixed<16, 6, AP_RND, AP_SAT, 0>*  |
+---------------+-----------+--------------------------------------+

* SW-to-HW Mapping
+---------------+-----------------+-----------+----------+-------------------------------------------+
| Argument      | HW Interface    | HW Type   | HW Usage | HW Info                                   |
+---------------+-----------------+-----------+----------+-------------------------------------------+
| tpsf_in_lane0 | m_axi_gmem_in0  | interface |          |                                           |
| tpsf_in_lane0 | s_axi_control   | register  | offset   | name=tpsf_in_lane0_1 offset=0x10 range=32 |
| tpsf_in_lane0 | s_axi_control   | register  | offset   | name=tpsf_in_lane0_2 offset=0x14 range=32 |
| tpsf_in_lane1 | m_axi_gmem_in1  | interface |          |                                           |
| tpsf_in_lane1 | s_axi_control   | register  | offset   | name=tpsf_in_lane1_1 offset=0x1c range=32 |
| tpsf_in_lane1 | s_axi_control   | register  | offset   | name=tpsf_in_lane1_2 offset=0x20 range=32 |
| tpsf_in_lane2 | m_axi_gmem_in2  | interface |          |                                           |
| tpsf_in_lane2 | s_axi_control   | register  | offset   | name=tpsf_in_lane2_1 offset=0x28 range=32 |
| tpsf_in_lane2 | s_axi_control   | register  | offset   | name=tpsf_in_lane2_2 offset=0x2c range=32 |
| tpsf_in_lane3 | m_axi_gmem_in3  | interface |          |                                           |
| tpsf_in_lane3 | s_axi_control   | register  | offset   | name=tpsf_in_lane3_1 offset=0x34 range=32 |
| tpsf_in_lane3 | s_axi_control   | register  | offset   | name=tpsf_in_lane3_2 offset=0x38 range=32 |
| tpsf_in_lane4 | m_axi_gmem_in4  | interface |          |                                           |
| tpsf_in_lane4 | s_axi_control   | register  | offset   | name=tpsf_in_lane4_1 offset=0x40 range=32 |
| tpsf_in_lane4 | s_axi_control   | register  | offset   | name=tpsf_in_lane4_2 offset=0x44 range=32 |
| tpsf_in_lane5 | m_axi_gmem_in5  | interface |          |                                           |
| tpsf_in_lane5 | s_axi_control   | register  | offset   | name=tpsf_in_lane5_1 offset=0x4c range=32 |
| tpsf_in_lane5 | s_axi_control   | register  | offset   | name=tpsf_in_lane5_2 offset=0x50 range=32 |
| tpsf_in_lane6 | m_axi_gmem_in6  | interface |          |                                           |
| tpsf_in_lane6 | s_axi_control   | register  | offset   | name=tpsf_in_lane6_1 offset=0x58 range=32 |
| tpsf_in_lane6 | s_axi_control   | register  | offset   | name=tpsf_in_lane6_2 offset=0x5c range=32 |
| tpsf_in_lane7 | m_axi_gmem_in7  | interface |          |                                           |
| tpsf_in_lane7 | s_axi_control   | register  | offset   | name=tpsf_in_lane7_1 offset=0x64 range=32 |
| tpsf_in_lane7 | s_axi_control   | register  | offset   | name=tpsf_in_lane7_2 offset=0x68 range=32 |
| sfd_out_lane0 | m_axi_gmem_out0 | interface |          |                                           |
| sfd_out_lane0 | s_axi_control   | register  | offset   | name=sfd_out_lane0_1 offset=0x70 range=32 |
| sfd_out_lane0 | s_axi_control   | register  | offset   | name=sfd_out_lane0_2 offset=0x74 range=32 |
| sfd_out_lane1 | m_axi_gmem_out1 | interface |          |                                           |
| sfd_out_lane1 | s_axi_control   | register  | offset   | name=sfd_out_lane1_1 offset=0x7c range=32 |
| sfd_out_lane1 | s_axi_control   | register  | offset   | name=sfd_out_lane1_2 offset=0x80 range=32 |
| sfd_out_lane2 | m_axi_gmem_out2 | interface |          |                                           |
| sfd_out_lane2 | s_axi_control   | register  | offset   | name=sfd_out_lane2_1 offset=0x88 range=32 |
| sfd_out_lane2 | s_axi_control   | register  | offset   | name=sfd_out_lane2_2 offset=0x8c range=32 |
| sfd_out_lane3 | m_axi_gmem_out3 | interface |          |                                           |
| sfd_out_lane3 | s_axi_control   | register  | offset   | name=sfd_out_lane3_1 offset=0x94 range=32 |
| sfd_out_lane3 | s_axi_control   | register  | offset   | name=sfd_out_lane3_2 offset=0x98 range=32 |
| sfd_out_lane4 | m_axi_gmem_out4 | interface |          |                                           |
| sfd_out_lane4 | s_axi_control   | register  | offset   | name=sfd_out_lane4_1 offset=0xa0 range=32 |
| sfd_out_lane4 | s_axi_control   | register  | offset   | name=sfd_out_lane4_2 offset=0xa4 range=32 |
| sfd_out_lane5 | m_axi_gmem_out5 | interface |          |                                           |
| sfd_out_lane5 | s_axi_control   | register  | offset   | name=sfd_out_lane5_1 offset=0xac range=32 |
| sfd_out_lane5 | s_axi_control   | register  | offset   | name=sfd_out_lane5_2 offset=0xb0 range=32 |
| sfd_out_lane6 | m_axi_gmem_out6 | interface |          |                                           |
| sfd_out_lane6 | s_axi_control   | register  | offset   | name=sfd_out_lane6_1 offset=0xb8 range=32 |
| sfd_out_lane6 | s_axi_control   | register  | offset   | name=sfd_out_lane6_2 offset=0xbc range=32 |
| sfd_out_lane7 | m_axi_gmem_out7 | interface |          |                                           |
| sfd_out_lane7 | s_axi_control   | register  | offset   | name=sfd_out_lane7_1 offset=0xc4 range=32 |
| sfd_out_lane7 | s_axi_control   | register  | offset   | name=sfd_out_lane7_2 offset=0xc8 range=32 |
+---------------+-----------------+-----------+----------+-------------------------------------------+


================================================================
== M_AXI Burst Information
================================================================
 Note: All burst requests might be further partitioned into multiple requests during RTL generation based on max_read_burst_length or max_write_burst_length settings.

* Inferred Burst Summary
+-----------------+---------------+-----------+--------+-------+--------------------------------------+
| HW Interface    | Loop          | Direction | Length | Width | Location                             |
+-----------------+---------------+-----------+--------+-------+--------------------------------------+
| m_axi_gmem_in0  | READ_PIXEL    | read      | 135    | 16    | src/student_top_streaming8.cpp:13:21 |
| m_axi_gmem_out0 | WRITE_PIXEL_T | write     | 405    | 16    | src/student_top_streaming8.cpp:21:24 |
| m_axi_gmem_in1  | READ_PIXEL    | read      | 135    | 16    | src/student_top_streaming8.cpp:13:21 |
| m_axi_gmem_out1 | WRITE_PIXEL_T | write     | 405    | 16    | src/student_top_streaming8.cpp:21:24 |
| m_axi_gmem_in2  | READ_PIXEL    | read      | 135    | 16    | src/student_top_streaming8.cpp:13:21 |
| m_axi_gmem_out2 | WRITE_PIXEL_T | write     | 405    | 16    | src/student_top_streaming8.cpp:21:24 |
| m_axi_gmem_in3  | READ_PIXEL    | read      | 135    | 16    | src/student_top_streaming8.cpp:13:21 |
| m_axi_gmem_out3 | WRITE_PIXEL_T | write     | 405    | 16    | src/student_top_streaming8.cpp:21:24 |
| m_axi_gmem_in4  | READ_PIXEL    | read      | 135    | 16    | src/student_top_streaming8.cpp:13:21 |
| m_axi_gmem_out4 | WRITE_PIXEL_T | write     | 405    | 16    | src/student_top_streaming8.cpp:21:24 |
| m_axi_gmem_in5  | READ_PIXEL    | read      | 135    | 16    | src/student_top_streaming8.cpp:13:21 |
| m_axi_gmem_out5 | WRITE_PIXEL_T | write     | 405    | 16    | src/student_top_streaming8.cpp:21:24 |
| m_axi_gmem_in6  | READ_PIXEL    | read      | 135    | 16    | src/student_top_streaming8.cpp:13:21 |
| m_axi_gmem_out6 | WRITE_PIXEL_T | write     | 405    | 16    | src/student_top_streaming8.cpp:21:24 |
| m_axi_gmem_in7  | READ_PIXEL    | read      | 135    | 16    | src/student_top_streaming8.cpp:13:21 |
| m_axi_gmem_out7 | WRITE_PIXEL_T | write     | 405    | 16    | src/student_top_streaming8.cpp:21:24 |
+-----------------+---------------+-----------+--------+-------+--------------------------------------+

* Inferred Bursts and Widening Missed
+---------------------------------------------------------------------------------------+--------------+---------------+-------------------------------------------------------------------------------------------------------+------------+--------------------------------------+
| HW Interface                                                                          | Variable     | Loop          | Problem                                                                                               | Resolution | Location                             |
+---------------------------------------------------------------------------------------+--------------+---------------+-------------------------------------------------------------------------------------------------------+------------+--------------------------------------+
| m_axi_gmem_in0,gmem_in1,gmem_in2,gmem_in3,gmem_in4,gmem_in5,gmem_in6,gmem_in7         | tpsf_in_lane |               | Access is clobbered by call                                                                           | 214-231    | src/student_top_streaming8.cpp:13:21 |
| m_axi_gmem_out0,gmem_out1,gmem_out2,gmem_out3,gmem_out4,gmem_out5,gmem_out6,gmem_out7 | sfd_out_lane |               | Access is clobbered by call                                                                           | 214-231    | src/student_top_streaming8.cpp:21:24 |
| m_axi_gmem_in0,gmem_in1,gmem_in2,gmem_in3,gmem_in4,gmem_in5,gmem_in6,gmem_in7         | tpsf_in_lane |               | Access is clobbered by call                                                                           | 214-231    | src/student_top_streaming8.cpp:13:21 |
| m_axi_gmem_out0,gmem_out1,gmem_out2,gmem_out3,gmem_out4,gmem_out5,gmem_out6,gmem_out7 | sfd_out_lane |               | Access is clobbered by call                                                                           | 214-231    | src/student_top_streaming8.cpp:21:24 |
| m_axi_gmem_in0,gmem_in1,gmem_in2,gmem_in3,gmem_in4,gmem_in5,gmem_in6,gmem_in7         | tpsf_in_lane |               | Access is clobbered by call                                                                           | 214-231    | src/student_top_streaming8.cpp:13:21 |
| m_axi_gmem_out0,gmem_out1,gmem_out2,gmem_out3,gmem_out4,gmem_out5,gmem_out6,gmem_out7 | sfd_out_lane |               | Access is clobbered by call                                                                           | 214-231    | src/student_top_streaming8.cpp:21:24 |
| m_axi_gmem_in0,gmem_in1,gmem_in2,gmem_in3,gmem_in4,gmem_in5,gmem_in6,gmem_in7         | tpsf_in_lane |               | Access is clobbered by call                                                                           | 214-231    | src/student_top_streaming8.cpp:13:21 |
| m_axi_gmem_out0,gmem_out1,gmem_out2,gmem_out3,gmem_out4,gmem_out5,gmem_out6,gmem_out7 | sfd_out_lane |               | Access is clobbered by call                                                                           | 214-231    | src/student_top_streaming8.cpp:21:24 |
| m_axi_gmem_in0,gmem_in1,gmem_in2,gmem_in3,gmem_in4,gmem_in5,gmem_in6,gmem_in7         | tpsf_in_lane |               | Access is clobbered by call                                                                           | 214-231    | src/student_top_streaming8.cpp:13:21 |
| m_axi_gmem_out0,gmem_out1,gmem_out2,gmem_out3,gmem_out4,gmem_out5,gmem_out6,gmem_out7 | sfd_out_lane |               | Access is clobbered by call                                                                           | 214-231    | src/student_top_streaming8.cpp:21:24 |
| m_axi_gmem_in0,gmem_in1,gmem_in2,gmem_in3,gmem_in4,gmem_in5,gmem_in6,gmem_in7         | tpsf_in_lane |               | Access is clobbered by call                                                                           | 214-231    | src/student_top_streaming8.cpp:13:21 |
| m_axi_gmem_out0,gmem_out1,gmem_out2,gmem_out3,gmem_out4,gmem_out5,gmem_out6,gmem_out7 | sfd_out_lane |               | Access is clobbered by call                                                                           | 214-231    | src/student_top_streaming8.cpp:21:24 |
| m_axi_gmem_in0,gmem_in1,gmem_in2,gmem_in3,gmem_in4,gmem_in5,gmem_in6,gmem_in7         | tpsf_in_lane |               | Access is clobbered by call                                                                           | 214-231    | src/student_top_streaming8.cpp:13:21 |
| m_axi_gmem_out0,gmem_out1,gmem_out2,gmem_out3,gmem_out4,gmem_out5,gmem_out6,gmem_out7 | sfd_out_lane |               | Access is clobbered by call                                                                           | 214-231    | src/student_top_streaming8.cpp:21:24 |
| m_axi_gmem_in0,gmem_in1,gmem_in2,gmem_in3,gmem_in4,gmem_in5,gmem_in6,gmem_in7         | tpsf_in_lane |               | Access is clobbered by call                                                                           | 214-231    | src/student_top_streaming8.cpp:13:21 |
| m_axi_gmem_out0,gmem_out1,gmem_out2,gmem_out3,gmem_out4,gmem_out5,gmem_out6,gmem_out7 | sfd_out_lane |               | Access is clobbered by call                                                                           | 214-231    | src/student_top_streaming8.cpp:21:24 |
| m_axi_gmem_out0,gmem_out1,gmem_out2,gmem_out3,gmem_out4,gmem_out5,gmem_out6,gmem_out7 | sfd_out_lane | WRITE_PIXEL_O | Could not widen since type i16 size is greater than or equal to the max_widen_bitwidth threshold of 0 | 214-353    | src/student_top_streaming8.cpp:22:28 |
| m_axi_gmem_in0,gmem_in1,gmem_in2,gmem_in3,gmem_in4,gmem_in5,gmem_in6,gmem_in7         | tpsf_in_lane | READ_PIXEL    | Could not widen since type i16 size is greater than or equal to the max_widen_bitwidth threshold of 0 | 214-353    | src/student_top_streaming8.cpp:13:21 |
| m_axi_gmem_out0,gmem_out1,gmem_out2,gmem_out3,gmem_out4,gmem_out5,gmem_out6,gmem_out7 | sfd_out_lane | WRITE_PIXEL_O | Could not widen since type i16 size is greater than or equal to the max_widen_bitwidth threshold of 0 | 214-353    | src/student_top_streaming8.cpp:22:28 |
| m_axi_gmem_in0,gmem_in1,gmem_in2,gmem_in3,gmem_in4,gmem_in5,gmem_in6,gmem_in7         | tpsf_in_lane | READ_PIXEL    | Could not widen since type i16 size is greater than or equal to the max_widen_bitwidth threshold of 0 | 214-353    | src/student_top_streaming8.cpp:13:21 |
| m_axi_gmem_out0,gmem_out1,gmem_out2,gmem_out3,gmem_out4,gmem_out5,gmem_out6,gmem_out7 | sfd_out_lane | WRITE_PIXEL_O | Could not widen since type i16 size is greater than or equal to the max_widen_bitwidth threshold of 0 | 214-353    | src/student_top_streaming8.cpp:22:28 |
| m_axi_gmem_in0,gmem_in1,gmem_in2,gmem_in3,gmem_in4,gmem_in5,gmem_in6,gmem_in7         | tpsf_in_lane | READ_PIXEL    | Could not widen since type i16 size is greater than or equal to the max_widen_bitwidth threshold of 0 | 214-353    | src/student_top_streaming8.cpp:13:21 |
| m_axi_gmem_out0,gmem_out1,gmem_out2,gmem_out3,gmem_out4,gmem_out5,gmem_out6,gmem_out7 | sfd_out_lane | WRITE_PIXEL_O | Could not widen since type i16 size is greater than or equal to the max_widen_bitwidth threshold of 0 | 214-353    | src/student_top_streaming8.cpp:22:28 |
| m_axi_gmem_in0,gmem_in1,gmem_in2,gmem_in3,gmem_in4,gmem_in5,gmem_in6,gmem_in7         | tpsf_in_lane | READ_PIXEL    | Could not widen since type i16 size is greater than or equal to the max_widen_bitwidth threshold of 0 | 214-353    | src/student_top_streaming8.cpp:13:21 |
| m_axi_gmem_out0,gmem_out1,gmem_out2,gmem_out3,gmem_out4,gmem_out5,gmem_out6,gmem_out7 | sfd_out_lane | WRITE_PIXEL_O | Could not widen since type i16 size is greater than or equal to the max_widen_bitwidth threshold of 0 | 214-353    | src/student_top_streaming8.cpp:22:28 |
| m_axi_gmem_in0,gmem_in1,gmem_in2,gmem_in3,gmem_in4,gmem_in5,gmem_in6,gmem_in7         | tpsf_in_lane | READ_PIXEL    | Could not widen since type i16 size is greater than or equal to the max_widen_bitwidth threshold of 0 | 214-353    | src/student_top_streaming8.cpp:13:21 |
| m_axi_gmem_out0,gmem_out1,gmem_out2,gmem_out3,gmem_out4,gmem_out5,gmem_out6,gmem_out7 | sfd_out_lane | WRITE_PIXEL_O | Could not widen since type i16 size is greater than or equal to the max_widen_bitwidth threshold of 0 | 214-353    | src/student_top_streaming8.cpp:22:28 |
| m_axi_gmem_in0,gmem_in1,gmem_in2,gmem_in3,gmem_in4,gmem_in5,gmem_in6,gmem_in7         | tpsf_in_lane | READ_PIXEL    | Could not widen since type i16 size is greater than or equal to the max_widen_bitwidth threshold of 0 | 214-353    | src/student_top_streaming8.cpp:13:21 |
| m_axi_gmem_out0,gmem_out1,gmem_out2,gmem_out3,gmem_out4,gmem_out5,gmem_out6,gmem_out7 | sfd_out_lane | WRITE_PIXEL_O | Could not widen since type i16 size is greater than or equal to the max_widen_bitwidth threshold of 0 | 214-353    | src/student_top_streaming8.cpp:22:28 |
| m_axi_gmem_in0,gmem_in1,gmem_in2,gmem_in3,gmem_in4,gmem_in5,gmem_in6,gmem_in7         | tpsf_in_lane | READ_PIXEL    | Could not widen since type i16 size is greater than or equal to the max_widen_bitwidth threshold of 0 | 214-353    | src/student_top_streaming8.cpp:13:21 |
| m_axi_gmem_out0,gmem_out1,gmem_out2,gmem_out3,gmem_out4,gmem_out5,gmem_out6,gmem_out7 | sfd_out_lane | WRITE_PIXEL_O | Could not widen since type i16 size is greater than or equal to the max_widen_bitwidth threshold of 0 | 214-353    | src/student_top_streaming8.cpp:22:28 |
| m_axi_gmem_in0,gmem_in1,gmem_in2,gmem_in3,gmem_in4,gmem_in5,gmem_in6,gmem_in7         | tpsf_in_lane | READ_PIXEL    | Could not widen since type i16 size is greater than or equal to the max_widen_bitwidth threshold of 0 | 214-353    | src/student_top_streaming8.cpp:13:21 |
+---------------------------------------------------------------------------------------+--------------+---------------+-------------------------------------------------------------------------------------------------------+------------+--------------------------------------+

    * Resolution URL: www.xilinx.com/cgi-bin/docs/rdoc?v=2022.2;t=hls+guidance;d=XXX-YYY.html (replace XXX-YYY with column value)

================================================================
== Bind Op Report
================================================================
+--------------------------------------------------------------------------------------------------------+------+--------+----------------+-----+--------+---------+
| Name                                                                                                   | DSP  | Pragma | Variable       | Op  | Impl   | Latency |
+--------------------------------------------------------------------------------------------------------+------+--------+----------------+-----+--------+---------+
| + student_infer_frame_streaming8                                                                       | 1864 |        |                |     |        |         |
|  + lane_worker8                                                                                        | 233  |        |                |     |        |         |
|    add_ln7_15_fu_2854_p2                                                                               | -    |        | add_ln7_15     | add | fabric | 0       |
|    add_ln7_16_fu_2860_p2                                                                               | -    |        | add_ln7_16     | add | fabric | 0       |
|    add_ln7_fu_2872_p2                                                                                  | -    |        | add_ln7        | add | fabric | 0       |
|    add_ln9_fu_2882_p2                                                                                  | -    |        | add_ln9        | add | fabric | 0       |
|    add_ln197_fu_2918_p2                                                                                | -    |        | add_ln197      | add | fabric | 0       |
|    add_ln220_fu_2934_p2                                                                                | -    |        | add_ln220      | add | fabric | 0       |
|    sub_ln247_fu_2952_p2                                                                                | -    |        | sub_ln247      | sub | fabric | 0       |
|    add_ln9_8_fu_2961_p2                                                                                | -    |        | add_ln9_8      | add | fabric | 0       |
|   + lane_worker8_Pipeline_READ_PIXEL                                                                   | 0    |        |                |     |        |         |
|     add_ln13_fu_100_p2                                                                                 | -    |        | add_ln13       | add | fabric | 0       |
|   + gru_cell_step (grp_gru_cell_step_fu_2302)                                                          | 100  |        |                |     |        |         |
|     mul_mul_15ns_15s_30_4_1_U311                                                                       | 1    |        | r_V_624        | mul | dsp48  | 3       |
|     p_Val2_179_fu_1710_p2                                                                              | -    |        | p_Val2_179     | add | fabric | 0       |
|     mul_mul_15ns_15s_30_4_1_U312                                                                       | 1    |        | r_V_625        | mul | dsp48  | 3       |
|     p_Val2_182_fu_1840_p2                                                                              | -    |        | p_Val2_182     | add | fabric | 0       |
|     mul_mul_15ns_15s_30_4_1_U313                                                                       | 1    |        | r_V_626        | mul | dsp48  | 3       |
|     mul_23s_21s_44_5_1_U358                                                                            | -    |        | p_Val2_185     | add | fabric | 0       |
|     mul_mul_15ns_15s_30_4_1_U314                                                                       | 1    |        | r_V_627        | mul | dsp48  | 3       |
|     p_Val2_188_fu_2204_p2                                                                              | -    |        | p_Val2_188     | add | fabric | 0       |
|     mul_mul_15ns_15s_30_4_1_U315                                                                       | 1    |        | r_V_628        | mul | dsp48  | 3       |
|     mul_23s_22s_45_5_1_U357                                                                            | -    |        | p_Val2_191     | add | fabric | 0       |
|     mul_mul_15ns_15s_30_4_1_U316                                                                       | 1    |        | r_V_629        | mul | dsp48  | 3       |
|     p_Val2_194_fu_2594_p2                                                                              | -    |        | p_Val2_194     | add | fabric | 0       |
|     mul_mul_15ns_15s_30_4_1_U317                                                                       | 1    |        | r_V_630        | mul | dsp48  | 3       |
|     mul_23s_22s_45_5_1_U371                                                                            | -    |        | p_Val2_197     | add | fabric | 0       |
|     mul_mul_15ns_15s_30_4_1_U318                                                                       | 1    |        | r_V_631        | mul | dsp48  | 3       |
|     p_Val2_200_fu_2984_p2                                                                              | -    |        | p_Val2_200     | add | fabric | 0       |
|     mul_mul_15ns_15s_30_4_1_U319                                                                       | 1    |        | r_V_632        | mul | dsp48  | 3       |
|     p_Val2_203_fu_3244_p2                                                                              | -    |        | p_Val2_203     | add | fabric | 0       |
|     mul_mul_15ns_15s_30_4_1_U320                                                                       | 1    |        | r_V_633        | mul | dsp48  | 3       |
|     p_Val2_206_fu_3374_p2                                                                              | -    |        | p_Val2_206     | add | fabric | 0       |
|     mul_mul_15ns_15s_30_4_1_U321                                                                       | 1    |        | r_V_634        | mul | dsp48  | 3       |
|     p_Val2_209_fu_3634_p2                                                                              | -    |        | p_Val2_209     | add | fabric | 0       |
|     mul_mul_15ns_15s_30_4_1_U322                                                                       | 1    |        | r_V_635        | mul | dsp48  | 3       |
|     p_Val2_212_fu_3764_p2                                                                              | -    |        | p_Val2_212     | add | fabric | 0       |
|     mul_mul_15ns_15s_30_4_1_U323                                                                       | 1    |        | r_V_636        | mul | dsp48  | 3       |
|     p_Val2_215_fu_4024_p2                                                                              | -    |        | p_Val2_215     | add | fabric | 0       |
|     mul_mul_15ns_15s_30_4_1_U324                                                                       | 1    |        | r_V_637        | mul | dsp48  | 3       |
|     p_Val2_218_fu_4154_p2                                                                              | -    |        | p_Val2_218     | add | fabric | 0       |
|     mul_mul_15ns_15s_30_4_1_U325                                                                       | 1    |        | r_V_638        | mul | dsp48  | 3       |
|     p_Val2_221_fu_4414_p2                                                                              | -    |        | p_Val2_221     | add | fabric | 0       |
|     mul_mul_15ns_15s_30_4_1_U326                                                                       | 1    |        | r_V_639        | mul | dsp48  | 3       |
|     p_Val2_224_fu_4544_p2                                                                              | -    |        | p_Val2_224     | add | fabric | 0       |
|     mul_mul_15ns_15s_30_4_1_U327                                                                       | 1    |        | r_V_640        | mul | dsp48  | 3       |
|     p_Val2_227_fu_4804_p2                                                                              | -    |        | p_Val2_227     | add | fabric | 0       |
|     mul_mul_15ns_15s_30_4_1_U328                                                                       | 1    |        | r_V_641        | mul | dsp48  | 3       |
|     p_Val2_230_fu_4934_p2                                                                              | -    |        | p_Val2_230     | add | fabric | 0       |
|     mul_mul_15ns_15s_30_4_1_U329                                                                       | 1    |        | r_V_642        | mul | dsp48  | 3       |
|     p_Val2_233_fu_5194_p2                                                                              | -    |        | p_Val2_233     | add | fabric | 0       |
|     mul_mul_15ns_15s_30_4_1_U330                                                                       | 1    |        | r_V_643        | mul | dsp48  | 3       |
|     p_Val2_236_fu_5324_p2                                                                              | -    |        | p_Val2_236     | add | fabric | 0       |
|     mul_mul_15ns_15s_30_4_1_U331                                                                       | 1    |        | r_V_644        | mul | dsp48  | 3       |
|     p_Val2_239_fu_5584_p2                                                                              | -    |        | p_Val2_239     | add | fabric | 0       |
|     mul_mul_15ns_15s_30_4_1_U332                                                                       | 1    |        | r_V_645        | mul | dsp48  | 3       |
|     p_Val2_242_fu_5714_p2                                                                              | -    |        | p_Val2_242     | add | fabric | 0       |
|     mul_mul_15ns_15s_30_4_1_U333                                                                       | 1    |        | r_V_646        | mul | dsp48  | 3       |
|     p_Val2_245_fu_5974_p2                                                                              | -    |        | p_Val2_245     | add | fabric | 0       |
|     mul_mul_15ns_15s_30_4_1_U334                                                                       | 1    |        | r_V_647        | mul | dsp48  | 3       |
|     p_Val2_248_fu_6104_p2                                                                              | -    |        | p_Val2_248     | add | fabric | 0       |
|     mul_mul_15ns_15s_30_4_1_U335                                                                       | 1    |        | r_V_648        | mul | dsp48  | 3       |
|     p_Val2_251_fu_6364_p2                                                                              | -    |        | p_Val2_251     | add | fabric | 0       |
|     mul_mul_15ns_15s_30_4_1_U336                                                                       | 1    |        | r_V_649        | mul | dsp48  | 3       |
|     p_Val2_254_fu_6494_p2                                                                              | -    |        | p_Val2_254     | add | fabric | 0       |
|     mul_mul_15ns_15s_30_4_1_U337                                                                       | 1    |        | r_V_650        | mul | dsp48  | 3       |
|     p_Val2_257_fu_6724_p2                                                                              | -    |        | p_Val2_257     | add | fabric | 0       |
|     mul_mul_15ns_15s_30_4_1_U338                                                                       | 1    |        | r_V_651        | mul | dsp48  | 3       |
|     p_Val2_260_fu_6854_p2                                                                              | -    |        | p_Val2_260     | add | fabric | 0       |
|     mul_mul_15ns_15s_30_4_1_U339                                                                       | 1    |        | r_V_652        | mul | dsp48  | 3       |
|     p_Val2_263_fu_7084_p2                                                                              | -    |        | p_Val2_263     | add | fabric | 0       |
|     mul_mul_15ns_15s_30_4_1_U340                                                                       | 1    |        | r_V_653        | mul | dsp48  | 3       |
|     p_Val2_266_fu_7214_p2                                                                              | -    |        | p_Val2_266     | add | fabric | 0       |
|     mul_mul_15ns_15s_30_4_1_U341                                                                       | 1    |        | r_V_654        | mul | dsp48  | 3       |
|     p_Val2_269_fu_7444_p2                                                                              | -    |        | p_Val2_269     | add | fabric | 0       |
|     mul_mul_15ns_15s_30_4_1_U342                                                                       | 1    |        | r_V_655        | mul | dsp48  | 3       |
|     p_Val2_272_fu_7574_p2                                                                              | -    |        | p_Val2_272     | add | fabric | 0       |
|    + gru_cell_step_Pipeline_VITIS_LOOP_69_1 (grp_gru_cell_step_Pipeline_VITIS_LOOP_69_1_fu_917)        | 33   |        |                |     |        |         |
|      add_ln69_fu_1848_p2                                                                               | -    |        | add_ln69       | add | fabric | 0       |
|      mul_24s_23s_47_3_1_U7                                                                             | 1    | yes    | r_V_250        | mul | dsp    | 2       |
|      ret_V_544_fu_2394_p2                                                                              | -    |        | ret_V_544      | add | fabric | 0       |
|      mul_23s_21s_44_5_1_U34                                                                            | 1    |        | r_V_277        | mul | auto   | 4       |
|      mul_23s_21s_44_5_1_U40                                                                            | 1    |        | r_V_283        | mul | auto   | 4       |
|      mul_23s_22s_45_5_1_U41                                                                            | 1    |        | r_V_284        | mul | auto   | 4       |
|      mul_23s_22s_45_5_1_U42                                                                            | 1    |        | r_V_285        | mul | auto   | 4       |
|      mul_23s_22s_45_5_1_U43                                                                            | 1    |        | r_V_286        | mul | auto   | 4       |
|      mul_23s_22s_45_5_1_U44                                                                            | 1    |        | r_V_287        | mul | auto   | 4       |
|      mul_23s_22s_45_5_1_U45                                                                            | 1    |        | r_V_288        | mul | auto   | 4       |
|      mul_23s_23s_46_5_1_U47                                                                            | 1    |        | r_V_289        | mul | auto   | 4       |
|      mul_23s_22s_45_5_1_U48                                                                            | 1    |        | r_V_291        | mul | auto   | 4       |
|      mul_23s_22s_45_5_1_U49                                                                            | 1    |        | r_V_292        | mul | auto   | 4       |
|      mul_23s_21s_44_5_1_U50                                                                            | 1    |        | r_V_293        | mul | auto   | 4       |
|      mul_23s_22s_45_5_1_U51                                                                            | 1    |        | r_V_294        | mul | auto   | 4       |
|      mul_23s_21s_44_5_1_U52                                                                            | 1    |        | r_V_295        | mul | auto   | 4       |
|      mul_23s_22s_45_5_1_U53                                                                            | 1    |        | r_V_296        | mul | auto   | 4       |
|      mul_23s_22s_45_5_1_U54                                                                            | 1    |        | r_V_297        | mul | auto   | 4       |
|      mul_23s_21s_44_5_1_U55                                                                            | 1    |        | r_V_298        | mul | auto   | 4       |
|      mul_23s_22s_45_5_1_U56                                                                            | 1    |        | r_V_299        | mul | auto   | 4       |
|      mul_23s_23s_46_5_1_U57                                                                            | 1    |        | r_V_300        | mul | auto   | 4       |
|      mul_23s_22s_45_5_1_U58                                                                            | 1    |        | r_V_301        | mul | auto   | 4       |
|      ret_V_594_fu_3575_p2                                                                              | -    |        | ret_V_594      | add | fabric | 0       |
|      mul_23s_22s_45_5_1_U59                                                                            | 1    |        | r_V_302        | mul | auto   | 4       |
|      mul_23s_22s_45_5_1_U60                                                                            | 1    |        | r_V_303        | mul | auto   | 4       |
|      mul_23s_21s_44_5_1_U61                                                                            | 1    |        | r_V_304        | mul | auto   | 4       |
|      mul_23s_21s_44_5_1_U62                                                                            | 1    |        | r_V_305        | mul | auto   | 4       |
|      mul_23s_22s_45_5_1_U63                                                                            | 1    |        | r_V_306        | mul | auto   | 4       |
|      mul_23s_21s_44_5_1_U66                                                                            | 1    |        | r_V_307        | mul | auto   | 4       |
|      mul_23s_22s_45_5_1_U64                                                                            | 1    |        | r_V_308        | mul | auto   | 4       |
|      mul_23s_21s_44_5_1_U67                                                                            | 1    |        | r_V_309        | mul | auto   | 4       |
|      mul_23s_22s_45_5_1_U65                                                                            | 1    |        | r_V_310        | mul | auto   | 4       |
|      mul_23s_22s_45_5_1_U68                                                                            | 1    |        | r_V_311        | mul | auto   | 4       |
|      mul_23s_22s_45_5_1_U69                                                                            | 1    |        | r_V_312        | mul | auto   | 4       |
|      mul_23s_22s_45_5_1_U70                                                                            | 1    |        | r_V_313        | mul | auto   | 4       |
|      mul_23s_22s_45_5_1_U71                                                                            | 1    |        | r_V_314        | mul | auto   | 4       |
|      sum_z_V_4_fu_3737_p2                                                                              | -    |        | sum_z_V_4      | add | fabric | 0       |
|      sum_r_V_4_fu_3717_p2                                                                              | -    |        | sum_r_V_4      | add | fabric | 0       |
|      add_ln1347_fu_3781_p2                                                                             | -    |        | add_ln1347     | add | fabric | 0       |
|      add_ln1347_35_fu_3754_p2                                                                          | -    |        | add_ln1347_35  | add | fabric | 0       |
|    + gru_cell_step_Pipeline_VITIS_LOOP_120_5 (grp_gru_cell_step_Pipeline_VITIS_LOOP_120_5_fu_1107)     | 2    |        |                |     |        |         |
|      add_ln120_fu_1209_p2                                                                              | -    |        | add_ln120      | add | fabric | 0       |
|      ret_V_607_fu_1559_p2                                                                              | -    |        | ret_V_607      | add | fabric | 0       |
|      ret_V_616_fu_1972_p2                                                                              | -    |        | ret_V_616      | add | fabric | 0       |
|      sum_h_V_4_fu_2530_p2                                                                              | -    |        | sum_h_V_4      | add | fabric | 0       |
|      add_ln123_fu_2590_p2                                                                              | -    |        | add_ln123      | add | fabric | 0       |
|      add_ln123_1_fu_2536_p2                                                                            | -    |        | add_ln123_1    | add | fabric | 0       |
|      hh_V_1_fu_2598_p2                                                                                 | -    |        | hh_V_1         | add | fabric | 0       |
|      one_minus_z_V_fu_2711_p2                                                                          | -    |        | one_minus_z_V  | sub | fabric | 0       |
|      mul_mul_15s_15ns_30_4_1_U233                                                                      | 1    |        | r_V_355        | mul | dsp48  | 3       |
|      mul_mul_16s_15s_31_4_1_U234                                                                       | 1    |        | r_V_356        | mul | dsp48  | 3       |
|      ret_V_638_fu_2771_p2                                                                              | -    |        | ret_V_638      | add | fabric | 0       |
|      add_ln823_fu_2794_p2                                                                              | -    |        | add_ln823      | add | fabric | 0       |
|      h_upd_V_4_fu_2818_p2                                                                              | -    |        | h_upd_V_4      | add | fabric | 0       |
|   + gru_cell_step_1 (grp_gru_cell_step_1_fu_2511)                                                      | 101  |        |                |     |        |         |
|     mul_mul_15ns_15s_30_4_1_U704                                                                       | 1    |        | r_V_528        | mul | dsp48  | 3       |
|     p_Val2_28_fu_1679_p2                                                                               | -    |        | p_Val2_28      | add | fabric | 0       |
|     mul_mul_15ns_15s_30_4_1_U705                                                                       | 1    |        | r_V_529        | mul | dsp48  | 3       |
|     p_Val2_37_fu_1809_p2                                                                               | -    |        | p_Val2_37      | add | fabric | 0       |
|     mul_mul_15ns_15s_30_4_1_U706                                                                       | 1    |        | r_V_530        | mul | dsp48  | 3       |
|     mul_23s_22s_45_5_1_U742                                                                            | -    |        | p_Val2_46      | add | fabric | 0       |
|     mul_mul_15ns_15s_30_4_1_U707                                                                       | 1    |        | r_V_531        | mul | dsp48  | 3       |
|     mul_23s_22s_45_5_1_U747                                                                            | -    |        | p_Val2_55      | add | fabric | 0       |
|     mul_23s_22s_45_5_1_U751                                                                            | 1    |        | r_V_532        | mul | dsp48  | 3       |
|     p_Val2_64_fu_2433_p2                                                                               | -    |        | p_Val2_64      | add | fabric | 0       |
|     mul_mul_15ns_15s_30_4_1_U709                                                                       | 1    |        | r_V_533        | mul | dsp48  | 3       |
|     p_Val2_73_fu_2563_p2                                                                               | -    |        | p_Val2_73      | add | fabric | 0       |
|     mul_mul_15ns_15s_30_4_1_U710                                                                       | 1    |        | r_V_534        | mul | dsp48  | 3       |
|     p_Val2_82_fu_2823_p2                                                                               | -    |        | p_Val2_82      | add | fabric | 0       |
|     mul_mul_15ns_15s_30_4_1_U711                                                                       | 1    |        | r_V_535        | mul | dsp48  | 3       |
|     p_Val2_91_fu_2953_p2                                                                               | -    |        | p_Val2_91      | add | fabric | 0       |
|     mul_mul_15ns_15s_30_4_1_U712                                                                       | 1    |        | r_V_536        | mul | dsp48  | 3       |
|     p_Val2_100_fu_3213_p2                                                                              | -    |        | p_Val2_100     | add | fabric | 0       |
|     mul_mul_15ns_15s_30_4_1_U713                                                                       | 1    |        | r_V_537        | mul | dsp48  | 3       |
|     p_Val2_109_fu_3343_p2                                                                              | -    |        | p_Val2_109     | add | fabric | 0       |
|     mul_mul_15ns_15s_30_4_1_U714                                                                       | 1    |        | r_V_538        | mul | dsp48  | 3       |
|     p_Val2_114_fu_3603_p2                                                                              | -    |        | p_Val2_114     | add | fabric | 0       |
|     mul_mul_15ns_15s_30_4_1_U715                                                                       | 1    |        | r_V_539        | mul | dsp48  | 3       |
|     p_Val2_117_fu_3733_p2                                                                              | -    |        | p_Val2_117     | add | fabric | 0       |
|     mul_mul_15ns_15s_30_4_1_U716                                                                       | 1    |        | r_V_540        | mul | dsp48  | 3       |
|     p_Val2_120_fu_3993_p2                                                                              | -    |        | p_Val2_120     | add | fabric | 0       |
|     mul_mul_15ns_15s_30_4_1_U717                                                                       | 1    |        | r_V_541        | mul | dsp48  | 3       |
|     p_Val2_123_fu_4123_p2                                                                              | -    |        | p_Val2_123     | add | fabric | 0       |
|     mul_mul_15ns_15s_30_4_1_U718                                                                       | 1    |        | r_V_542        | mul | dsp48  | 3       |
|     p_Val2_126_fu_4383_p2                                                                              | -    |        | p_Val2_126     | add | fabric | 0       |
|     mul_mul_15ns_15s_30_4_1_U719                                                                       | 1    |        | r_V_543        | mul | dsp48  | 3       |
|     p_Val2_129_fu_4513_p2                                                                              | -    |        | p_Val2_129     | add | fabric | 0       |
|     mul_mul_15ns_15s_30_4_1_U720                                                                       | 1    |        | r_V_544        | mul | dsp48  | 3       |
|     p_Val2_132_fu_4773_p2                                                                              | -    |        | p_Val2_132     | add | fabric | 0       |
|     mul_mul_15ns_15s_30_4_1_U721                                                                       | 1    |        | r_V_545        | mul | dsp48  | 3       |
|     p_Val2_135_fu_4903_p2                                                                              | -    |        | p_Val2_135     | add | fabric | 0       |
|     mul_mul_15ns_15s_30_4_1_U722                                                                       | 1    |        | r_V_546        | mul | dsp48  | 3       |
|     p_Val2_138_fu_5163_p2                                                                              | -    |        | p_Val2_138     | add | fabric | 0       |
|     mul_mul_15ns_15s_30_4_1_U723                                                                       | 1    |        | r_V_547        | mul | dsp48  | 3       |
|     p_Val2_141_fu_5293_p2                                                                              | -    |        | p_Val2_141     | add | fabric | 0       |
|     mul_mul_15ns_15s_30_4_1_U724                                                                       | 1    |        | r_V_548        | mul | dsp48  | 3       |
|     p_Val2_144_fu_5553_p2                                                                              | -    |        | p_Val2_144     | add | fabric | 0       |
|     mul_mul_15ns_15s_30_4_1_U725                                                                       | 1    |        | r_V_549        | mul | dsp48  | 3       |
|     p_Val2_147_fu_5683_p2                                                                              | -    |        | p_Val2_147     | add | fabric | 0       |
|     mul_mul_15ns_15s_30_4_1_U726                                                                       | 1    |        | r_V_550        | mul | dsp48  | 3       |
|     p_Val2_150_fu_5943_p2                                                                              | -    |        | p_Val2_150     | add | fabric | 0       |
|     mul_mul_15ns_15s_30_4_1_U727                                                                       | 1    |        | r_V_551        | mul | dsp48  | 3       |
|     p_Val2_153_fu_6073_p2                                                                              | -    |        | p_Val2_153     | add | fabric | 0       |
|     mul_mul_15ns_15s_30_4_1_U728                                                                       | 1    |        | r_V_552        | mul | dsp48  | 3       |
|     p_Val2_156_fu_6333_p2                                                                              | -    |        | p_Val2_156     | add | fabric | 0       |
|     mul_mul_15ns_15s_30_4_1_U729                                                                       | 1    |        | r_V_553        | mul | dsp48  | 3       |
|     p_Val2_159_fu_6463_p2                                                                              | -    |        | p_Val2_159     | add | fabric | 0       |
|     mul_mul_15ns_15s_30_4_1_U730                                                                       | 1    |        | r_V_554        | mul | dsp48  | 3       |
|     p_Val2_162_fu_6693_p2                                                                              | -    |        | p_Val2_162     | add | fabric | 0       |
|     mul_mul_15ns_15s_30_4_1_U731                                                                       | 1    |        | r_V_555        | mul | dsp48  | 3       |
|     p_Val2_165_fu_6823_p2                                                                              | -    |        | p_Val2_165     | add | fabric | 0       |
|     mul_mul_15ns_15s_30_4_1_U732                                                                       | 1    |        | r_V_556        | mul | dsp48  | 3       |
|     p_Val2_168_fu_7053_p2                                                                              | -    |        | p_Val2_168     | add | fabric | 0       |
|     mul_mul_15ns_15s_30_4_1_U733                                                                       | 1    |        | r_V_557        | mul | dsp48  | 3       |
|     p_Val2_171_fu_7183_p2                                                                              | -    |        | p_Val2_171     | add | fabric | 0       |
|     mul_mul_15ns_15s_30_4_1_U734                                                                       | 1    |        | r_V_558        | mul | dsp48  | 3       |
|     p_Val2_174_fu_7413_p2                                                                              | -    |        | p_Val2_174     | add | fabric | 0       |
|     mul_mul_15ns_15s_30_4_1_U735                                                                       | 1    |        | r_V_559        | mul | dsp48  | 3       |
|     p_Val2_177_fu_7543_p2                                                                              | -    |        | p_Val2_177     | add | fabric | 0       |
|    + gru_cell_step_1_Pipeline_VITIS_LOOP_69_1 (grp_gru_cell_step_1_Pipeline_VITIS_LOOP_69_1_fu_903)    | 35   |        |                |     |        |         |
|      add_ln69_fu_1706_p2                                                                               | -    |        | add_ln69       | add | fabric | 0       |
|      ret_V_714_fu_2345_p2                                                                              | -    |        | ret_V_714      | add | fabric | 0       |
|      ret_V_724_fu_2550_p2                                                                              | -    |        | ret_V_724      | add | fabric | 0       |
|      mul_23s_23s_46_5_1_U436                                                                           | 1    |        | r_V_375        | mul | auto   | 4       |
|      mul_23s_23s_46_5_1_U438                                                                           | 1    |        | r_V_376        | mul | auto   | 4       |
|      mul_23s_23s_46_5_1_U439                                                                           | 1    |        | r_V_378        | mul | auto   | 4       |
|      mul_23s_23s_46_5_1_U442                                                                           | 1    |        | r_V_381        | mul | auto   | 4       |
|      mul_23s_23s_46_5_1_U443                                                                           | 1    |        | r_V_382        | mul | auto   | 4       |
|      ret_V_734_fu_2955_p2                                                                              | -    |        | ret_V_734      | add | fabric | 0       |
|      mul_23s_23s_46_5_1_U446                                                                           | 1    |        | r_V_385        | mul | auto   | 4       |
|      mul_23s_23s_46_5_1_U451                                                                           | 1    |        | r_V_390        | mul | auto   | 4       |
|      mul_23s_23s_46_5_1_U452                                                                           | 1    |        | r_V_391        | mul | auto   | 4       |
|      mul_23s_22s_45_5_1_U453                                                                           | 1    |        | r_V_392        | mul | auto   | 4       |
|      mul_23s_22s_45_5_1_U454                                                                           | 1    |        | r_V_393        | mul | auto   | 4       |
|      mul_23s_23s_46_5_1_U457                                                                           | 1    |        | r_V_394        | mul | auto   | 4       |
|      mul_23s_22s_45_5_1_U455                                                                           | 1    |        | r_V_395        | mul | auto   | 4       |
|      mul_23s_22s_45_5_1_U458                                                                           | 1    |        | r_V_396        | mul | auto   | 4       |
|      mul_23s_23s_46_5_1_U456                                                                           | 1    |        | r_V_397        | mul | auto   | 4       |
|      mul_23s_22s_45_5_1_U459                                                                           | 1    |        | r_V_398        | mul | auto   | 4       |
|      mul_23s_22s_45_5_1_U461                                                                           | 1    |        | r_V_400        | mul | auto   | 4       |
|      mul_23s_22s_45_5_1_U462                                                                           | 1    |        | r_V_401        | mul | auto   | 4       |
|      mul_23s_22s_45_5_1_U463                                                                           | 1    |        | r_V_402        | mul | auto   | 4       |
|      mul_23s_23s_46_5_1_U464                                                                           | 1    |        | r_V_403        | mul | auto   | 4       |
|      ret_V_753_fu_3199_p2                                                                              | -    |        | ret_V_753      | add | fabric | 0       |
|      mul_23s_22s_45_5_1_U465                                                                           | 1    |        | r_V_404        | mul | auto   | 4       |
|      mul_23s_23s_46_5_1_U466                                                                           | 1    |        | r_V_405        | mul | auto   | 4       |
|      mul_23s_23s_46_5_1_U467                                                                           | 1    |        | r_V_406        | mul | auto   | 4       |
|      mul_23s_22s_45_5_1_U468                                                                           | 1    |        | r_V_407        | mul | auto   | 4       |
|      mul_23s_22s_45_5_1_U469                                                                           | 1    |        | r_V_408        | mul | auto   | 4       |
|      mul_23s_22s_45_5_1_U471                                                                           | 1    |        | r_V_410        | mul | auto   | 4       |
|      mul_23s_22s_45_5_1_U472                                                                           | 1    |        | r_V_411        | mul | auto   | 4       |
|      mul_23s_22s_45_5_1_U473                                                                           | 1    |        | r_V_412        | mul | auto   | 4       |
|      mul_23s_22s_45_5_1_U474                                                                           | 1    |        | r_V_413        | mul | auto   | 4       |
|      mul_23s_22s_45_5_1_U476                                                                           | 1    |        | r_V_414        | mul | auto   | 4       |
|      mul_23s_23s_46_5_1_U475                                                                           | 1    |        | r_V_415        | mul | auto   | 4       |
|      mul_23s_22s_45_5_1_U477                                                                           | 1    |        | r_V_416        | mul | auto   | 4       |
|      mul_23s_23s_46_5_1_U478                                                                           | 1    |        | r_V_417        | mul | auto   | 4       |
|      mul_23s_22s_45_5_1_U479                                                                           | 1    |        | r_V_418        | mul | auto   | 4       |
|      mul_23s_23s_46_5_1_U480                                                                           | 1    |        | r_V_419        | mul | auto   | 4       |
|      mul_23s_23s_46_5_1_U481                                                                           | 1    |        | r_V_420        | mul | auto   | 4       |
|      sum_z_V_7_fu_3396_p2                                                                              | -    |        | sum_z_V_7      | add | fabric | 0       |
|      sum_r_V_7_fu_3416_p2                                                                              | -    |        | sum_r_V_7      | add | fabric | 0       |
|      add_ln1347_fu_3433_p2                                                                             | -    |        | add_ln1347     | add | fabric | 0       |
|      add_ln1347_1_fu_3510_p2                                                                           | -    |        | add_ln1347_1   | add | fabric | 0       |
|    + gru_cell_step_1_Pipeline_VITIS_LOOP_120_5 (grp_gru_cell_step_1_Pipeline_VITIS_LOOP_120_5_fu_1089) | 5    |        |                |     |        |         |
|      add_ln120_fu_1137_p2                                                                              | -    |        | add_ln120      | add | fabric | 0       |
|      add_ln1347_544_fu_1453_p2                                                                         | -    |        | add_ln1347_544 | add | fabric | 0       |
|      ret_V_806_fu_1698_p2                                                                              | -    |        | ret_V_806      | add | fabric | 0       |
|      mul_23s_21s_44_5_1_U621                                                                           | 1    |        | r_V_447        | mul | auto   | 4       |
|      mul_23s_21s_44_5_1_U627                                                                           | 1    |        | r_V_453        | mul | auto   | 4       |
|      mul_23s_21s_44_5_1_U628                                                                           | 1    |        | r_V_454        | mul | auto   | 4       |
|      sum_h_V_7_fu_2361_p2                                                                              | -    |        | sum_h_V_7      | add | fabric | 0       |
|      add_ln123_fu_2456_p2                                                                              | -    |        | add_ln123      | add | fabric | 0       |
|      add_ln123_1_fu_2367_p2                                                                            | -    |        | add_ln123_1    | add | fabric | 0       |
|      hh_V_2_fu_2401_p2                                                                                 | -    |        | hh_V_2         | add | fabric | 0       |
|      one_minus_z_V_fu_2562_p2                                                                          | -    |        | one_minus_z_V  | sub | fabric | 0       |
|      mul_mul_15s_15ns_30_4_1_U631                                                                      | 1    |        | r_V_462        | mul | dsp48  | 3       |
|      mul_mul_16s_15s_31_4_1_U632                                                                       | 1    |        | r_V_463        | mul | dsp48  | 3       |
|      ret_V_830_fu_2602_p2                                                                              | -    |        | ret_V_830      | add | fabric | 0       |
|      add_ln823_fu_2625_p2                                                                              | -    |        | add_ln823      | add | fabric | 0       |
|      h_upd_V_7_fu_2649_p2                                                                              | -    |        | h_upd_V_7      | add | fabric | 0       |
|   + lane_worker8_Pipeline_VITIS_LOOP_238_7                                                             | 32   |        |                |     |        |         |
|     add_ln238_fu_1022_p2                                                                               | -    |        | add_ln238      | add | fabric | 0       |
|     add_ln247_fu_2268_p2                                                                               | -    |        | add_ln247      | add | fabric | 0       |
|     mul_23s_21ns_44_5_1_U771                                                                           | 1    |        | r_V            | mul | auto   | 4       |
|     mul_23s_23s_46_5_1_U772                                                                            | 1    |        | r_V_1          | mul | auto   | 4       |
|     mul_23s_22s_45_5_1_U773                                                                            | 1    |        | r_V_2          | mul | auto   | 4       |
|     add_ln1347_fu_1281_p2                                                                              | -    |        | add_ln1347     | add | fabric | 0       |
|     mul_23s_22s_45_5_1_U774                                                                            | 1    |        | r_V_3          | mul | auto   | 4       |
|     ret_V_33_fu_1406_p2                                                                                | -    |        | ret_V_33       | add | fabric | 0       |
|     mul_23s_23s_46_5_1_U775                                                                            | 1    |        | r_V_4          | mul | auto   | 4       |
|     mul_23s_21s_44_5_1_U776                                                                            | 1    |        | r_V_5          | mul | auto   | 4       |
|     mul_23s_22s_45_5_1_U777                                                                            | 1    |        | r_V_6          | mul | auto   | 4       |
|     mul_23s_20ns_43_5_1_U778                                                                           | 1    |        | r_V_7          | mul | auto   | 4       |
|     mul_23s_22s_45_5_1_U779                                                                            | 1    |        | r_V_8          | mul | auto   | 4       |
|     mul_23s_22s_45_5_1_U780                                                                            | 1    |        | r_V_9          | mul | auto   | 4       |
|     mul_23s_22s_45_5_1_U781                                                                            | 1    |        | r_V_10         | mul | auto   | 4       |
|     mul_23s_22s_45_5_1_U782                                                                            | 1    |        | r_V_11         | mul | auto   | 4       |
|     mul_23s_23s_46_5_1_U783                                                                            | 1    |        | r_V_12         | mul | auto   | 4       |
|     mul_23s_22s_45_5_1_U784                                                                            | 1    |        | r_V_13         | mul | auto   | 4       |
|     mul_23s_22s_45_5_1_U785                                                                            | 1    |        | r_V_14         | mul | auto   | 4       |
|     mul_23s_22s_45_5_1_U786                                                                            | 1    |        | r_V_15         | mul | auto   | 4       |
|     mul_23s_21s_44_5_1_U787                                                                            | 1    |        | r_V_16         | mul | auto   | 4       |
|     mul_23s_22s_45_5_1_U788                                                                            | 1    |        | r_V_17         | mul | auto   | 4       |
|     mul_23s_22s_45_5_1_U789                                                                            | 1    |        | r_V_18         | mul | auto   | 4       |
|     mul_23s_20s_43_5_1_U790                                                                            | 1    |        | r_V_19         | mul | auto   | 4       |
|     mul_23s_22s_45_5_1_U791                                                                            | 1    |        | r_V_20         | mul | auto   | 4       |
|     mul_23s_22s_45_5_1_U792                                                                            | 1    |        | r_V_21         | mul | auto   | 4       |
|     mul_23s_22s_45_5_1_U793                                                                            | 1    |        | r_V_22         | mul | auto   | 4       |
|     mul_23s_22s_45_5_1_U794                                                                            | 1    |        | r_V_23         | mul | auto   | 4       |
|     mul_23s_21s_44_5_1_U795                                                                            | 1    |        | r_V_24         | mul | auto   | 4       |
|     mul_23s_21s_44_5_1_U796                                                                            | 1    |        | r_V_25         | mul | auto   | 4       |
|     mul_23s_22s_45_5_1_U797                                                                            | 1    |        | r_V_26         | mul | auto   | 4       |
|     mul_23s_22s_45_5_1_U798                                                                            | 1    |        | r_V_27         | mul | auto   | 4       |
|     mul_23s_21s_44_5_1_U799                                                                            | 1    |        | r_V_28         | mul | auto   | 4       |
|     mul_23s_22s_45_5_1_U800                                                                            | 1    |        | r_V_29         | mul | auto   | 4       |
|     mul_23s_21ns_44_5_1_U801                                                                           | 1    |        | r_V_30         | mul | auto   | 4       |
|     mul_23s_22s_45_5_1_U802                                                                            | 1    |        | r_V_31         | mul | auto   | 4       |
|     sum_o_V_4_fu_2172_p2                                                                               | -    |        | sum_o_V_4      | add | fabric | 0       |
|     add_ln240_fu_2279_p2                                                                               | -    |        | add_ln240      | add | fabric | 0       |
|     add_ln240_1_fu_2178_p2                                                                             | -    |        | add_ln240_1    | add | fabric | 0       |
|     p_Val2_2_fu_2213_p2                                                                                | -    |        | p_Val2_2       | add | fabric | 0       |
|   + lane_worker8_Pipeline_WRITE_PIXEL_T_WRITE_PIXEL_O                                                  | 0    |        |                |     |        |         |
|     add_ln21_1_fu_129_p2                                                                               | -    |        | add_ln21_1     | add | fabric | 0       |
|     add_ln21_fu_141_p2                                                                                 | -    |        | add_ln21       | add | fabric | 0       |
|     add_ln22_fu_173_p2                                                                                 | -    |        | add_ln22       | add | fabric | 0       |
|  + lane_worker8_2                                                                                      | 233  |        |                |     |        |         |
|    add_ln7_13_fu_2854_p2                                                                               | -    |        | add_ln7_13     | add | fabric | 0       |
|    add_ln7_14_fu_2860_p2                                                                               | -    |        | add_ln7_14     | add | fabric | 0       |
|    add_ln7_fu_2872_p2                                                                                  | -    |        | add_ln7        | add | fabric | 0       |
|    add_ln9_fu_2882_p2                                                                                  | -    |        | add_ln9        | add | fabric | 0       |
|    add_ln197_fu_2918_p2                                                                                | -    |        | add_ln197      | add | fabric | 0       |
|    add_ln220_fu_2934_p2                                                                                | -    |        | add_ln220      | add | fabric | 0       |
|    sub_ln247_fu_2952_p2                                                                                | -    |        | sub_ln247      | sub | fabric | 0       |
|    add_ln9_7_fu_2961_p2                                                                                | -    |        | add_ln9_7      | add | fabric | 0       |
|   + lane_worker8_2_Pipeline_READ_PIXEL                                                                 | 0    |        |                |     |        |         |
|     add_ln13_fu_100_p2                                                                                 | -    |        | add_ln13       | add | fabric | 0       |
|   + gru_cell_step (grp_gru_cell_step_fu_2302)                                                          | 100  |        |                |     |        |         |
|     mul_mul_15ns_15s_30_4_1_U311                                                                       | 1    |        | r_V_624        | mul | dsp48  | 3       |
|     p_Val2_179_fu_1710_p2                                                                              | -    |        | p_Val2_179     | add | fabric | 0       |
|     mul_mul_15ns_15s_30_4_1_U312                                                                       | 1    |        | r_V_625        | mul | dsp48  | 3       |
|     p_Val2_182_fu_1840_p2                                                                              | -    |        | p_Val2_182     | add | fabric | 0       |
|     mul_mul_15ns_15s_30_4_1_U313                                                                       | 1    |        | r_V_626        | mul | dsp48  | 3       |
|     mul_23s_21s_44_5_1_U358                                                                            | -    |        | p_Val2_185     | add | fabric | 0       |
|     mul_mul_15ns_15s_30_4_1_U314                                                                       | 1    |        | r_V_627        | mul | dsp48  | 3       |
|     p_Val2_188_fu_2204_p2                                                                              | -    |        | p_Val2_188     | add | fabric | 0       |
|     mul_mul_15ns_15s_30_4_1_U315                                                                       | 1    |        | r_V_628        | mul | dsp48  | 3       |
|     mul_23s_22s_45_5_1_U357                                                                            | -    |        | p_Val2_191     | add | fabric | 0       |
|     mul_mul_15ns_15s_30_4_1_U316                                                                       | 1    |        | r_V_629        | mul | dsp48  | 3       |
|     p_Val2_194_fu_2594_p2                                                                              | -    |        | p_Val2_194     | add | fabric | 0       |
|     mul_mul_15ns_15s_30_4_1_U317                                                                       | 1    |        | r_V_630        | mul | dsp48  | 3       |
|     mul_23s_22s_45_5_1_U371                                                                            | -    |        | p_Val2_197     | add | fabric | 0       |
|     mul_mul_15ns_15s_30_4_1_U318                                                                       | 1    |        | r_V_631        | mul | dsp48  | 3       |
|     p_Val2_200_fu_2984_p2                                                                              | -    |        | p_Val2_200     | add | fabric | 0       |
|     mul_mul_15ns_15s_30_4_1_U319                                                                       | 1    |        | r_V_632        | mul | dsp48  | 3       |
|     p_Val2_203_fu_3244_p2                                                                              | -    |        | p_Val2_203     | add | fabric | 0       |
|     mul_mul_15ns_15s_30_4_1_U320                                                                       | 1    |        | r_V_633        | mul | dsp48  | 3       |
|     p_Val2_206_fu_3374_p2                                                                              | -    |        | p_Val2_206     | add | fabric | 0       |
|     mul_mul_15ns_15s_30_4_1_U321                                                                       | 1    |        | r_V_634        | mul | dsp48  | 3       |
|     p_Val2_209_fu_3634_p2                                                                              | -    |        | p_Val2_209     | add | fabric | 0       |
|     mul_mul_15ns_15s_30_4_1_U322                                                                       | 1    |        | r_V_635        | mul | dsp48  | 3       |
|     p_Val2_212_fu_3764_p2                                                                              | -    |        | p_Val2_212     | add | fabric | 0       |
|     mul_mul_15ns_15s_30_4_1_U323                                                                       | 1    |        | r_V_636        | mul | dsp48  | 3       |
|     p_Val2_215_fu_4024_p2                                                                              | -    |        | p_Val2_215     | add | fabric | 0       |
|     mul_mul_15ns_15s_30_4_1_U324                                                                       | 1    |        | r_V_637        | mul | dsp48  | 3       |
|     p_Val2_218_fu_4154_p2                                                                              | -    |        | p_Val2_218     | add | fabric | 0       |
|     mul_mul_15ns_15s_30_4_1_U325                                                                       | 1    |        | r_V_638        | mul | dsp48  | 3       |
|     p_Val2_221_fu_4414_p2                                                                              | -    |        | p_Val2_221     | add | fabric | 0       |
|     mul_mul_15ns_15s_30_4_1_U326                                                                       | 1    |        | r_V_639        | mul | dsp48  | 3       |
|     p_Val2_224_fu_4544_p2                                                                              | -    |        | p_Val2_224     | add | fabric | 0       |
|     mul_mul_15ns_15s_30_4_1_U327                                                                       | 1    |        | r_V_640        | mul | dsp48  | 3       |
|     p_Val2_227_fu_4804_p2                                                                              | -    |        | p_Val2_227     | add | fabric | 0       |
|     mul_mul_15ns_15s_30_4_1_U328                                                                       | 1    |        | r_V_641        | mul | dsp48  | 3       |
|     p_Val2_230_fu_4934_p2                                                                              | -    |        | p_Val2_230     | add | fabric | 0       |
|     mul_mul_15ns_15s_30_4_1_U329                                                                       | 1    |        | r_V_642        | mul | dsp48  | 3       |
|     p_Val2_233_fu_5194_p2                                                                              | -    |        | p_Val2_233     | add | fabric | 0       |
|     mul_mul_15ns_15s_30_4_1_U330                                                                       | 1    |        | r_V_643        | mul | dsp48  | 3       |
|     p_Val2_236_fu_5324_p2                                                                              | -    |        | p_Val2_236     | add | fabric | 0       |
|     mul_mul_15ns_15s_30_4_1_U331                                                                       | 1    |        | r_V_644        | mul | dsp48  | 3       |
|     p_Val2_239_fu_5584_p2                                                                              | -    |        | p_Val2_239     | add | fabric | 0       |
|     mul_mul_15ns_15s_30_4_1_U332                                                                       | 1    |        | r_V_645        | mul | dsp48  | 3       |
|     p_Val2_242_fu_5714_p2                                                                              | -    |        | p_Val2_242     | add | fabric | 0       |
|     mul_mul_15ns_15s_30_4_1_U333                                                                       | 1    |        | r_V_646        | mul | dsp48  | 3       |
|     p_Val2_245_fu_5974_p2                                                                              | -    |        | p_Val2_245     | add | fabric | 0       |
|     mul_mul_15ns_15s_30_4_1_U334                                                                       | 1    |        | r_V_647        | mul | dsp48  | 3       |
|     p_Val2_248_fu_6104_p2                                                                              | -    |        | p_Val2_248     | add | fabric | 0       |
|     mul_mul_15ns_15s_30_4_1_U335                                                                       | 1    |        | r_V_648        | mul | dsp48  | 3       |
|     p_Val2_251_fu_6364_p2                                                                              | -    |        | p_Val2_251     | add | fabric | 0       |
|     mul_mul_15ns_15s_30_4_1_U336                                                                       | 1    |        | r_V_649        | mul | dsp48  | 3       |
|     p_Val2_254_fu_6494_p2                                                                              | -    |        | p_Val2_254     | add | fabric | 0       |
|     mul_mul_15ns_15s_30_4_1_U337                                                                       | 1    |        | r_V_650        | mul | dsp48  | 3       |
|     p_Val2_257_fu_6724_p2                                                                              | -    |        | p_Val2_257     | add | fabric | 0       |
|     mul_mul_15ns_15s_30_4_1_U338                                                                       | 1    |        | r_V_651        | mul | dsp48  | 3       |
|     p_Val2_260_fu_6854_p2                                                                              | -    |        | p_Val2_260     | add | fabric | 0       |
|     mul_mul_15ns_15s_30_4_1_U339                                                                       | 1    |        | r_V_652        | mul | dsp48  | 3       |
|     p_Val2_263_fu_7084_p2                                                                              | -    |        | p_Val2_263     | add | fabric | 0       |
|     mul_mul_15ns_15s_30_4_1_U340                                                                       | 1    |        | r_V_653        | mul | dsp48  | 3       |
|     p_Val2_266_fu_7214_p2                                                                              | -    |        | p_Val2_266     | add | fabric | 0       |
|     mul_mul_15ns_15s_30_4_1_U341                                                                       | 1    |        | r_V_654        | mul | dsp48  | 3       |
|     p_Val2_269_fu_7444_p2                                                                              | -    |        | p_Val2_269     | add | fabric | 0       |
|     mul_mul_15ns_15s_30_4_1_U342                                                                       | 1    |        | r_V_655        | mul | dsp48  | 3       |
|     p_Val2_272_fu_7574_p2                                                                              | -    |        | p_Val2_272     | add | fabric | 0       |
|    + gru_cell_step_Pipeline_VITIS_LOOP_69_1 (grp_gru_cell_step_Pipeline_VITIS_LOOP_69_1_fu_917)        | 33   |        |                |     |        |         |
|      add_ln69_fu_1848_p2                                                                               | -    |        | add_ln69       | add | fabric | 0       |
|      mul_24s_23s_47_3_1_U7                                                                             | 1    | yes    | r_V_250        | mul | dsp    | 2       |
|      ret_V_544_fu_2394_p2                                                                              | -    |        | ret_V_544      | add | fabric | 0       |
|      mul_23s_21s_44_5_1_U34                                                                            | 1    |        | r_V_277        | mul | auto   | 4       |
|      mul_23s_21s_44_5_1_U40                                                                            | 1    |        | r_V_283        | mul | auto   | 4       |
|      mul_23s_22s_45_5_1_U41                                                                            | 1    |        | r_V_284        | mul | auto   | 4       |
|      mul_23s_22s_45_5_1_U42                                                                            | 1    |        | r_V_285        | mul | auto   | 4       |
|      mul_23s_22s_45_5_1_U43                                                                            | 1    |        | r_V_286        | mul | auto   | 4       |
|      mul_23s_22s_45_5_1_U44                                                                            | 1    |        | r_V_287        | mul | auto   | 4       |
|      mul_23s_22s_45_5_1_U45                                                                            | 1    |        | r_V_288        | mul | auto   | 4       |
|      mul_23s_23s_46_5_1_U47                                                                            | 1    |        | r_V_289        | mul | auto   | 4       |
|      mul_23s_22s_45_5_1_U48                                                                            | 1    |        | r_V_291        | mul | auto   | 4       |
|      mul_23s_22s_45_5_1_U49                                                                            | 1    |        | r_V_292        | mul | auto   | 4       |
|      mul_23s_21s_44_5_1_U50                                                                            | 1    |        | r_V_293        | mul | auto   | 4       |
|      mul_23s_22s_45_5_1_U51                                                                            | 1    |        | r_V_294        | mul | auto   | 4       |
|      mul_23s_21s_44_5_1_U52                                                                            | 1    |        | r_V_295        | mul | auto   | 4       |
|      mul_23s_22s_45_5_1_U53                                                                            | 1    |        | r_V_296        | mul | auto   | 4       |
|      mul_23s_22s_45_5_1_U54                                                                            | 1    |        | r_V_297        | mul | auto   | 4       |
|      mul_23s_21s_44_5_1_U55                                                                            | 1    |        | r_V_298        | mul | auto   | 4       |
|      mul_23s_22s_45_5_1_U56                                                                            | 1    |        | r_V_299        | mul | auto   | 4       |
|      mul_23s_23s_46_5_1_U57                                                                            | 1    |        | r_V_300        | mul | auto   | 4       |
|      mul_23s_22s_45_5_1_U58                                                                            | 1    |        | r_V_301        | mul | auto   | 4       |
|      ret_V_594_fu_3575_p2                                                                              | -    |        | ret_V_594      | add | fabric | 0       |
|      mul_23s_22s_45_5_1_U59                                                                            | 1    |        | r_V_302        | mul | auto   | 4       |
|      mul_23s_22s_45_5_1_U60                                                                            | 1    |        | r_V_303        | mul | auto   | 4       |
|      mul_23s_21s_44_5_1_U61                                                                            | 1    |        | r_V_304        | mul | auto   | 4       |
|      mul_23s_21s_44_5_1_U62                                                                            | 1    |        | r_V_305        | mul | auto   | 4       |
|      mul_23s_22s_45_5_1_U63                                                                            | 1    |        | r_V_306        | mul | auto   | 4       |
|      mul_23s_21s_44_5_1_U66                                                                            | 1    |        | r_V_307        | mul | auto   | 4       |
|      mul_23s_22s_45_5_1_U64                                                                            | 1    |        | r_V_308        | mul | auto   | 4       |
|      mul_23s_21s_44_5_1_U67                                                                            | 1    |        | r_V_309        | mul | auto   | 4       |
|      mul_23s_22s_45_5_1_U65                                                                            | 1    |        | r_V_310        | mul | auto   | 4       |
|      mul_23s_22s_45_5_1_U68                                                                            | 1    |        | r_V_311        | mul | auto   | 4       |
|      mul_23s_22s_45_5_1_U69                                                                            | 1    |        | r_V_312        | mul | auto   | 4       |
|      mul_23s_22s_45_5_1_U70                                                                            | 1    |        | r_V_313        | mul | auto   | 4       |
|      mul_23s_22s_45_5_1_U71                                                                            | 1    |        | r_V_314        | mul | auto   | 4       |
|      sum_z_V_4_fu_3737_p2                                                                              | -    |        | sum_z_V_4      | add | fabric | 0       |
|      sum_r_V_4_fu_3717_p2                                                                              | -    |        | sum_r_V_4      | add | fabric | 0       |
|      add_ln1347_fu_3781_p2                                                                             | -    |        | add_ln1347     | add | fabric | 0       |
|      add_ln1347_35_fu_3754_p2                                                                          | -    |        | add_ln1347_35  | add | fabric | 0       |
|    + gru_cell_step_Pipeline_VITIS_LOOP_120_5 (grp_gru_cell_step_Pipeline_VITIS_LOOP_120_5_fu_1107)     | 2    |        |                |     |        |         |
|      add_ln120_fu_1209_p2                                                                              | -    |        | add_ln120      | add | fabric | 0       |
|      ret_V_607_fu_1559_p2                                                                              | -    |        | ret_V_607      | add | fabric | 0       |
|      ret_V_616_fu_1972_p2                                                                              | -    |        | ret_V_616      | add | fabric | 0       |
|      sum_h_V_4_fu_2530_p2                                                                              | -    |        | sum_h_V_4      | add | fabric | 0       |
|      add_ln123_fu_2590_p2                                                                              | -    |        | add_ln123      | add | fabric | 0       |
|      add_ln123_1_fu_2536_p2                                                                            | -    |        | add_ln123_1    | add | fabric | 0       |
|      hh_V_1_fu_2598_p2                                                                                 | -    |        | hh_V_1         | add | fabric | 0       |
|      one_minus_z_V_fu_2711_p2                                                                          | -    |        | one_minus_z_V  | sub | fabric | 0       |
|      mul_mul_15s_15ns_30_4_1_U233                                                                      | 1    |        | r_V_355        | mul | dsp48  | 3       |
|      mul_mul_16s_15s_31_4_1_U234                                                                       | 1    |        | r_V_356        | mul | dsp48  | 3       |
|      ret_V_638_fu_2771_p2                                                                              | -    |        | ret_V_638      | add | fabric | 0       |
|      add_ln823_fu_2794_p2                                                                              | -    |        | add_ln823      | add | fabric | 0       |
|      h_upd_V_4_fu_2818_p2                                                                              | -    |        | h_upd_V_4      | add | fabric | 0       |
|   + gru_cell_step_1 (grp_gru_cell_step_1_fu_2511)                                                      | 101  |        |                |     |        |         |
|     mul_mul_15ns_15s_30_4_1_U704                                                                       | 1    |        | r_V_528        | mul | dsp48  | 3       |
|     p_Val2_28_fu_1679_p2                                                                               | -    |        | p_Val2_28      | add | fabric | 0       |
|     mul_mul_15ns_15s_30_4_1_U705                                                                       | 1    |        | r_V_529        | mul | dsp48  | 3       |
|     p_Val2_37_fu_1809_p2                                                                               | -    |        | p_Val2_37      | add | fabric | 0       |
|     mul_mul_15ns_15s_30_4_1_U706                                                                       | 1    |        | r_V_530        | mul | dsp48  | 3       |
|     mul_23s_22s_45_5_1_U742                                                                            | -    |        | p_Val2_46      | add | fabric | 0       |
|     mul_mul_15ns_15s_30_4_1_U707                                                                       | 1    |        | r_V_531        | mul | dsp48  | 3       |
|     mul_23s_22s_45_5_1_U747                                                                            | -    |        | p_Val2_55      | add | fabric | 0       |
|     mul_23s_22s_45_5_1_U751                                                                            | 1    |        | r_V_532        | mul | dsp48  | 3       |
|     p_Val2_64_fu_2433_p2                                                                               | -    |        | p_Val2_64      | add | fabric | 0       |
|     mul_mul_15ns_15s_30_4_1_U709                                                                       | 1    |        | r_V_533        | mul | dsp48  | 3       |
|     p_Val2_73_fu_2563_p2                                                                               | -    |        | p_Val2_73      | add | fabric | 0       |
|     mul_mul_15ns_15s_30_4_1_U710                                                                       | 1    |        | r_V_534        | mul | dsp48  | 3       |
|     p_Val2_82_fu_2823_p2                                                                               | -    |        | p_Val2_82      | add | fabric | 0       |
|     mul_mul_15ns_15s_30_4_1_U711                                                                       | 1    |        | r_V_535        | mul | dsp48  | 3       |
|     p_Val2_91_fu_2953_p2                                                                               | -    |        | p_Val2_91      | add | fabric | 0       |
|     mul_mul_15ns_15s_30_4_1_U712                                                                       | 1    |        | r_V_536        | mul | dsp48  | 3       |
|     p_Val2_100_fu_3213_p2                                                                              | -    |        | p_Val2_100     | add | fabric | 0       |
|     mul_mul_15ns_15s_30_4_1_U713                                                                       | 1    |        | r_V_537        | mul | dsp48  | 3       |
|     p_Val2_109_fu_3343_p2                                                                              | -    |        | p_Val2_109     | add | fabric | 0       |
|     mul_mul_15ns_15s_30_4_1_U714                                                                       | 1    |        | r_V_538        | mul | dsp48  | 3       |
|     p_Val2_114_fu_3603_p2                                                                              | -    |        | p_Val2_114     | add | fabric | 0       |
|     mul_mul_15ns_15s_30_4_1_U715                                                                       | 1    |        | r_V_539        | mul | dsp48  | 3       |
|     p_Val2_117_fu_3733_p2                                                                              | -    |        | p_Val2_117     | add | fabric | 0       |
|     mul_mul_15ns_15s_30_4_1_U716                                                                       | 1    |        | r_V_540        | mul | dsp48  | 3       |
|     p_Val2_120_fu_3993_p2                                                                              | -    |        | p_Val2_120     | add | fabric | 0       |
|     mul_mul_15ns_15s_30_4_1_U717                                                                       | 1    |        | r_V_541        | mul | dsp48  | 3       |
|     p_Val2_123_fu_4123_p2                                                                              | -    |        | p_Val2_123     | add | fabric | 0       |
|     mul_mul_15ns_15s_30_4_1_U718                                                                       | 1    |        | r_V_542        | mul | dsp48  | 3       |
|     p_Val2_126_fu_4383_p2                                                                              | -    |        | p_Val2_126     | add | fabric | 0       |
|     mul_mul_15ns_15s_30_4_1_U719                                                                       | 1    |        | r_V_543        | mul | dsp48  | 3       |
|     p_Val2_129_fu_4513_p2                                                                              | -    |        | p_Val2_129     | add | fabric | 0       |
|     mul_mul_15ns_15s_30_4_1_U720                                                                       | 1    |        | r_V_544        | mul | dsp48  | 3       |
|     p_Val2_132_fu_4773_p2                                                                              | -    |        | p_Val2_132     | add | fabric | 0       |
|     mul_mul_15ns_15s_30_4_1_U721                                                                       | 1    |        | r_V_545        | mul | dsp48  | 3       |
|     p_Val2_135_fu_4903_p2                                                                              | -    |        | p_Val2_135     | add | fabric | 0       |
|     mul_mul_15ns_15s_30_4_1_U722                                                                       | 1    |        | r_V_546        | mul | dsp48  | 3       |
|     p_Val2_138_fu_5163_p2                                                                              | -    |        | p_Val2_138     | add | fabric | 0       |
|     mul_mul_15ns_15s_30_4_1_U723                                                                       | 1    |        | r_V_547        | mul | dsp48  | 3       |
|     p_Val2_141_fu_5293_p2                                                                              | -    |        | p_Val2_141     | add | fabric | 0       |
|     mul_mul_15ns_15s_30_4_1_U724                                                                       | 1    |        | r_V_548        | mul | dsp48  | 3       |
|     p_Val2_144_fu_5553_p2                                                                              | -    |        | p_Val2_144     | add | fabric | 0       |
|     mul_mul_15ns_15s_30_4_1_U725                                                                       | 1    |        | r_V_549        | mul | dsp48  | 3       |
|     p_Val2_147_fu_5683_p2                                                                              | -    |        | p_Val2_147     | add | fabric | 0       |
|     mul_mul_15ns_15s_30_4_1_U726                                                                       | 1    |        | r_V_550        | mul | dsp48  | 3       |
|     p_Val2_150_fu_5943_p2                                                                              | -    |        | p_Val2_150     | add | fabric | 0       |
|     mul_mul_15ns_15s_30_4_1_U727                                                                       | 1    |        | r_V_551        | mul | dsp48  | 3       |
|     p_Val2_153_fu_6073_p2                                                                              | -    |        | p_Val2_153     | add | fabric | 0       |
|     mul_mul_15ns_15s_30_4_1_U728                                                                       | 1    |        | r_V_552        | mul | dsp48  | 3       |
|     p_Val2_156_fu_6333_p2                                                                              | -    |        | p_Val2_156     | add | fabric | 0       |
|     mul_mul_15ns_15s_30_4_1_U729                                                                       | 1    |        | r_V_553        | mul | dsp48  | 3       |
|     p_Val2_159_fu_6463_p2                                                                              | -    |        | p_Val2_159     | add | fabric | 0       |
|     mul_mul_15ns_15s_30_4_1_U730                                                                       | 1    |        | r_V_554        | mul | dsp48  | 3       |
|     p_Val2_162_fu_6693_p2                                                                              | -    |        | p_Val2_162     | add | fabric | 0       |
|     mul_mul_15ns_15s_30_4_1_U731                                                                       | 1    |        | r_V_555        | mul | dsp48  | 3       |
|     p_Val2_165_fu_6823_p2                                                                              | -    |        | p_Val2_165     | add | fabric | 0       |
|     mul_mul_15ns_15s_30_4_1_U732                                                                       | 1    |        | r_V_556        | mul | dsp48  | 3       |
|     p_Val2_168_fu_7053_p2                                                                              | -    |        | p_Val2_168     | add | fabric | 0       |
|     mul_mul_15ns_15s_30_4_1_U733                                                                       | 1    |        | r_V_557        | mul | dsp48  | 3       |
|     p_Val2_171_fu_7183_p2                                                                              | -    |        | p_Val2_171     | add | fabric | 0       |
|     mul_mul_15ns_15s_30_4_1_U734                                                                       | 1    |        | r_V_558        | mul | dsp48  | 3       |
|     p_Val2_174_fu_7413_p2                                                                              | -    |        | p_Val2_174     | add | fabric | 0       |
|     mul_mul_15ns_15s_30_4_1_U735                                                                       | 1    |        | r_V_559        | mul | dsp48  | 3       |
|     p_Val2_177_fu_7543_p2                                                                              | -    |        | p_Val2_177     | add | fabric | 0       |
|    + gru_cell_step_1_Pipeline_VITIS_LOOP_69_1 (grp_gru_cell_step_1_Pipeline_VITIS_LOOP_69_1_fu_903)    | 35   |        |                |     |        |         |
|      add_ln69_fu_1706_p2                                                                               | -    |        | add_ln69       | add | fabric | 0       |
|      ret_V_714_fu_2345_p2                                                                              | -    |        | ret_V_714      | add | fabric | 0       |
|      ret_V_724_fu_2550_p2                                                                              | -    |        | ret_V_724      | add | fabric | 0       |
|      mul_23s_23s_46_5_1_U436                                                                           | 1    |        | r_V_375        | mul | auto   | 4       |
|      mul_23s_23s_46_5_1_U438                                                                           | 1    |        | r_V_376        | mul | auto   | 4       |
|      mul_23s_23s_46_5_1_U439                                                                           | 1    |        | r_V_378        | mul | auto   | 4       |
|      mul_23s_23s_46_5_1_U442                                                                           | 1    |        | r_V_381        | mul | auto   | 4       |
|      mul_23s_23s_46_5_1_U443                                                                           | 1    |        | r_V_382        | mul | auto   | 4       |
|      ret_V_734_fu_2955_p2                                                                              | -    |        | ret_V_734      | add | fabric | 0       |
|      mul_23s_23s_46_5_1_U446                                                                           | 1    |        | r_V_385        | mul | auto   | 4       |
|      mul_23s_23s_46_5_1_U451                                                                           | 1    |        | r_V_390        | mul | auto   | 4       |
|      mul_23s_23s_46_5_1_U452                                                                           | 1    |        | r_V_391        | mul | auto   | 4       |
|      mul_23s_22s_45_5_1_U453                                                                           | 1    |        | r_V_392        | mul | auto   | 4       |
|      mul_23s_22s_45_5_1_U454                                                                           | 1    |        | r_V_393        | mul | auto   | 4       |
|      mul_23s_23s_46_5_1_U457                                                                           | 1    |        | r_V_394        | mul | auto   | 4       |
|      mul_23s_22s_45_5_1_U455                                                                           | 1    |        | r_V_395        | mul | auto   | 4       |
|      mul_23s_22s_45_5_1_U458                                                                           | 1    |        | r_V_396        | mul | auto   | 4       |
|      mul_23s_23s_46_5_1_U456                                                                           | 1    |        | r_V_397        | mul | auto   | 4       |
|      mul_23s_22s_45_5_1_U459                                                                           | 1    |        | r_V_398        | mul | auto   | 4       |
|      mul_23s_22s_45_5_1_U461                                                                           | 1    |        | r_V_400        | mul | auto   | 4       |
|      mul_23s_22s_45_5_1_U462                                                                           | 1    |        | r_V_401        | mul | auto   | 4       |
|      mul_23s_22s_45_5_1_U463                                                                           | 1    |        | r_V_402        | mul | auto   | 4       |
|      mul_23s_23s_46_5_1_U464                                                                           | 1    |        | r_V_403        | mul | auto   | 4       |
|      ret_V_753_fu_3199_p2                                                                              | -    |        | ret_V_753      | add | fabric | 0       |
|      mul_23s_22s_45_5_1_U465                                                                           | 1    |        | r_V_404        | mul | auto   | 4       |
|      mul_23s_23s_46_5_1_U466                                                                           | 1    |        | r_V_405        | mul | auto   | 4       |
|      mul_23s_23s_46_5_1_U467                                                                           | 1    |        | r_V_406        | mul | auto   | 4       |
|      mul_23s_22s_45_5_1_U468                                                                           | 1    |        | r_V_407        | mul | auto   | 4       |
|      mul_23s_22s_45_5_1_U469                                                                           | 1    |        | r_V_408        | mul | auto   | 4       |
|      mul_23s_22s_45_5_1_U471                                                                           | 1    |        | r_V_410        | mul | auto   | 4       |
|      mul_23s_22s_45_5_1_U472                                                                           | 1    |        | r_V_411        | mul | auto   | 4       |
|      mul_23s_22s_45_5_1_U473                                                                           | 1    |        | r_V_412        | mul | auto   | 4       |
|      mul_23s_22s_45_5_1_U474                                                                           | 1    |        | r_V_413        | mul | auto   | 4       |
|      mul_23s_22s_45_5_1_U476                                                                           | 1    |        | r_V_414        | mul | auto   | 4       |
|      mul_23s_23s_46_5_1_U475                                                                           | 1    |        | r_V_415        | mul | auto   | 4       |
|      mul_23s_22s_45_5_1_U477                                                                           | 1    |        | r_V_416        | mul | auto   | 4       |
|      mul_23s_23s_46_5_1_U478                                                                           | 1    |        | r_V_417        | mul | auto   | 4       |
|      mul_23s_22s_45_5_1_U479                                                                           | 1    |        | r_V_418        | mul | auto   | 4       |
|      mul_23s_23s_46_5_1_U480                                                                           | 1    |        | r_V_419        | mul | auto   | 4       |
|      mul_23s_23s_46_5_1_U481                                                                           | 1    |        | r_V_420        | mul | auto   | 4       |
|      sum_z_V_7_fu_3396_p2                                                                              | -    |        | sum_z_V_7      | add | fabric | 0       |
|      sum_r_V_7_fu_3416_p2                                                                              | -    |        | sum_r_V_7      | add | fabric | 0       |
|      add_ln1347_fu_3433_p2                                                                             | -    |        | add_ln1347     | add | fabric | 0       |
|      add_ln1347_1_fu_3510_p2                                                                           | -    |        | add_ln1347_1   | add | fabric | 0       |
|    + gru_cell_step_1_Pipeline_VITIS_LOOP_120_5 (grp_gru_cell_step_1_Pipeline_VITIS_LOOP_120_5_fu_1089) | 5    |        |                |     |        |         |
|      add_ln120_fu_1137_p2                                                                              | -    |        | add_ln120      | add | fabric | 0       |
|      add_ln1347_544_fu_1453_p2                                                                         | -    |        | add_ln1347_544 | add | fabric | 0       |
|      ret_V_806_fu_1698_p2                                                                              | -    |        | ret_V_806      | add | fabric | 0       |
|      mul_23s_21s_44_5_1_U621                                                                           | 1    |        | r_V_447        | mul | auto   | 4       |
|      mul_23s_21s_44_5_1_U627                                                                           | 1    |        | r_V_453        | mul | auto   | 4       |
|      mul_23s_21s_44_5_1_U628                                                                           | 1    |        | r_V_454        | mul | auto   | 4       |
|      sum_h_V_7_fu_2361_p2                                                                              | -    |        | sum_h_V_7      | add | fabric | 0       |
|      add_ln123_fu_2456_p2                                                                              | -    |        | add_ln123      | add | fabric | 0       |
|      add_ln123_1_fu_2367_p2                                                                            | -    |        | add_ln123_1    | add | fabric | 0       |
|      hh_V_2_fu_2401_p2                                                                                 | -    |        | hh_V_2         | add | fabric | 0       |
|      one_minus_z_V_fu_2562_p2                                                                          | -    |        | one_minus_z_V  | sub | fabric | 0       |
|      mul_mul_15s_15ns_30_4_1_U631                                                                      | 1    |        | r_V_462        | mul | dsp48  | 3       |
|      mul_mul_16s_15s_31_4_1_U632                                                                       | 1    |        | r_V_463        | mul | dsp48  | 3       |
|      ret_V_830_fu_2602_p2                                                                              | -    |        | ret_V_830      | add | fabric | 0       |
|      add_ln823_fu_2625_p2                                                                              | -    |        | add_ln823      | add | fabric | 0       |
|      h_upd_V_7_fu_2649_p2                                                                              | -    |        | h_upd_V_7      | add | fabric | 0       |
|   + lane_worker8_2_Pipeline_VITIS_LOOP_238_7                                                           | 32   |        |                |     |        |         |
|     add_ln238_fu_1022_p2                                                                               | -    |        | add_ln238      | add | fabric | 0       |
|     add_ln247_fu_2268_p2                                                                               | -    |        | add_ln247      | add | fabric | 0       |
|     mul_23s_21ns_44_5_1_U887                                                                           | 1    |        | r_V            | mul | auto   | 4       |
|     mul_23s_23s_46_5_1_U888                                                                            | 1    |        | r_V_218        | mul | auto   | 4       |
|     mul_23s_22s_45_5_1_U889                                                                            | 1    |        | r_V_219        | mul | auto   | 4       |
|     add_ln1347_fu_1281_p2                                                                              | -    |        | add_ln1347     | add | fabric | 0       |
|     mul_23s_22s_45_5_1_U890                                                                            | 1    |        | r_V_220        | mul | auto   | 4       |
|     ret_V_453_fu_1406_p2                                                                               | -    |        | ret_V_453      | add | fabric | 0       |
|     mul_23s_23s_46_5_1_U891                                                                            | 1    |        | r_V_221        | mul | auto   | 4       |
|     mul_23s_21s_44_5_1_U892                                                                            | 1    |        | r_V_222        | mul | auto   | 4       |
|     mul_23s_22s_45_5_1_U893                                                                            | 1    |        | r_V_223        | mul | auto   | 4       |
|     mul_23s_20ns_43_5_1_U894                                                                           | 1    |        | r_V_224        | mul | auto   | 4       |
|     mul_23s_22s_45_5_1_U895                                                                            | 1    |        | r_V_225        | mul | auto   | 4       |
|     mul_23s_22s_45_5_1_U896                                                                            | 1    |        | r_V_226        | mul | auto   | 4       |
|     mul_23s_22s_45_5_1_U897                                                                            | 1    |        | r_V_227        | mul | auto   | 4       |
|     mul_23s_22s_45_5_1_U898                                                                            | 1    |        | r_V_228        | mul | auto   | 4       |
|     mul_23s_23s_46_5_1_U899                                                                            | 1    |        | r_V_229        | mul | auto   | 4       |
|     mul_23s_22s_45_5_1_U900                                                                            | 1    |        | r_V_230        | mul | auto   | 4       |
|     mul_23s_22s_45_5_1_U901                                                                            | 1    |        | r_V_231        | mul | auto   | 4       |
|     mul_23s_22s_45_5_1_U902                                                                            | 1    |        | r_V_232        | mul | auto   | 4       |
|     mul_23s_21s_44_5_1_U903                                                                            | 1    |        | r_V_233        | mul | auto   | 4       |
|     mul_23s_22s_45_5_1_U904                                                                            | 1    |        | r_V_234        | mul | auto   | 4       |
|     mul_23s_22s_45_5_1_U905                                                                            | 1    |        | r_V_235        | mul | auto   | 4       |
|     mul_23s_20s_43_5_1_U906                                                                            | 1    |        | r_V_236        | mul | auto   | 4       |
|     mul_23s_22s_45_5_1_U907                                                                            | 1    |        | r_V_237        | mul | auto   | 4       |
|     mul_23s_22s_45_5_1_U908                                                                            | 1    |        | r_V_238        | mul | auto   | 4       |
|     mul_23s_22s_45_5_1_U909                                                                            | 1    |        | r_V_239        | mul | auto   | 4       |
|     mul_23s_22s_45_5_1_U910                                                                            | 1    |        | r_V_240        | mul | auto   | 4       |
|     mul_23s_21s_44_5_1_U911                                                                            | 1    |        | r_V_241        | mul | auto   | 4       |
|     mul_23s_21s_44_5_1_U912                                                                            | 1    |        | r_V_242        | mul | auto   | 4       |
|     mul_23s_22s_45_5_1_U913                                                                            | 1    |        | r_V_243        | mul | auto   | 4       |
|     mul_23s_22s_45_5_1_U914                                                                            | 1    |        | r_V_244        | mul | auto   | 4       |
|     mul_23s_21s_44_5_1_U915                                                                            | 1    |        | r_V_245        | mul | auto   | 4       |
|     mul_23s_22s_45_5_1_U916                                                                            | 1    |        | r_V_246        | mul | auto   | 4       |
|     mul_23s_21ns_44_5_1_U917                                                                           | 1    |        | r_V_247        | mul | auto   | 4       |
|     mul_23s_22s_45_5_1_U918                                                                            | 1    |        | r_V_248        | mul | auto   | 4       |
|     sum_o_V_30_fu_2172_p2                                                                              | -    |        | sum_o_V_30     | add | fabric | 0       |
|     add_ln240_fu_2279_p2                                                                               | -    |        | add_ln240      | add | fabric | 0       |
|     add_ln240_7_fu_2178_p2                                                                             | -    |        | add_ln240_7    | add | fabric | 0       |
|     p_Val2_14_fu_2213_p2                                                                               | -    |        | p_Val2_14      | add | fabric | 0       |
|   + lane_worker8_2_Pipeline_WRITE_PIXEL_T_WRITE_PIXEL_O                                                | 0    |        |                |     |        |         |
|     add_ln21_7_fu_129_p2                                                                               | -    |        | add_ln21_7     | add | fabric | 0       |
|     add_ln21_fu_141_p2                                                                                 | -    |        | add_ln21       | add | fabric | 0       |
|     add_ln22_fu_173_p2                                                                                 | -    |        | add_ln22       | add | fabric | 0       |
|  + lane_worker8_3                                                                                      | 233  |        |                |     |        |         |
|    add_ln7_11_fu_2854_p2                                                                               | -    |        | add_ln7_11     | add | fabric | 0       |
|    add_ln7_12_fu_2860_p2                                                                               | -    |        | add_ln7_12     | add | fabric | 0       |
|    add_ln7_fu_2872_p2                                                                                  | -    |        | add_ln7        | add | fabric | 0       |
|    add_ln9_fu_2882_p2                                                                                  | -    |        | add_ln9        | add | fabric | 0       |
|    add_ln197_fu_2918_p2                                                                                | -    |        | add_ln197      | add | fabric | 0       |
|    add_ln220_fu_2934_p2                                                                                | -    |        | add_ln220      | add | fabric | 0       |
|    sub_ln247_fu_2952_p2                                                                                | -    |        | sub_ln247      | sub | fabric | 0       |
|    add_ln9_6_fu_2961_p2                                                                                | -    |        | add_ln9_6      | add | fabric | 0       |
|   + lane_worker8_3_Pipeline_READ_PIXEL                                                                 | 0    |        |                |     |        |         |
|     add_ln13_fu_100_p2                                                                                 | -    |        | add_ln13       | add | fabric | 0       |
|   + gru_cell_step (grp_gru_cell_step_fu_2302)                                                          | 100  |        |                |     |        |         |
|     mul_mul_15ns_15s_30_4_1_U311                                                                       | 1    |        | r_V_624        | mul | dsp48  | 3       |
|     p_Val2_179_fu_1710_p2                                                                              | -    |        | p_Val2_179     | add | fabric | 0       |
|     mul_mul_15ns_15s_30_4_1_U312                                                                       | 1    |        | r_V_625        | mul | dsp48  | 3       |
|     p_Val2_182_fu_1840_p2                                                                              | -    |        | p_Val2_182     | add | fabric | 0       |
|     mul_mul_15ns_15s_30_4_1_U313                                                                       | 1    |        | r_V_626        | mul | dsp48  | 3       |
|     mul_23s_21s_44_5_1_U358                                                                            | -    |        | p_Val2_185     | add | fabric | 0       |
|     mul_mul_15ns_15s_30_4_1_U314                                                                       | 1    |        | r_V_627        | mul | dsp48  | 3       |
|     p_Val2_188_fu_2204_p2                                                                              | -    |        | p_Val2_188     | add | fabric | 0       |
|     mul_mul_15ns_15s_30_4_1_U315                                                                       | 1    |        | r_V_628        | mul | dsp48  | 3       |
|     mul_23s_22s_45_5_1_U357                                                                            | -    |        | p_Val2_191     | add | fabric | 0       |
|     mul_mul_15ns_15s_30_4_1_U316                                                                       | 1    |        | r_V_629        | mul | dsp48  | 3       |
|     p_Val2_194_fu_2594_p2                                                                              | -    |        | p_Val2_194     | add | fabric | 0       |
|     mul_mul_15ns_15s_30_4_1_U317                                                                       | 1    |        | r_V_630        | mul | dsp48  | 3       |
|     mul_23s_22s_45_5_1_U371                                                                            | -    |        | p_Val2_197     | add | fabric | 0       |
|     mul_mul_15ns_15s_30_4_1_U318                                                                       | 1    |        | r_V_631        | mul | dsp48  | 3       |
|     p_Val2_200_fu_2984_p2                                                                              | -    |        | p_Val2_200     | add | fabric | 0       |
|     mul_mul_15ns_15s_30_4_1_U319                                                                       | 1    |        | r_V_632        | mul | dsp48  | 3       |
|     p_Val2_203_fu_3244_p2                                                                              | -    |        | p_Val2_203     | add | fabric | 0       |
|     mul_mul_15ns_15s_30_4_1_U320                                                                       | 1    |        | r_V_633        | mul | dsp48  | 3       |
|     p_Val2_206_fu_3374_p2                                                                              | -    |        | p_Val2_206     | add | fabric | 0       |
|     mul_mul_15ns_15s_30_4_1_U321                                                                       | 1    |        | r_V_634        | mul | dsp48  | 3       |
|     p_Val2_209_fu_3634_p2                                                                              | -    |        | p_Val2_209     | add | fabric | 0       |
|     mul_mul_15ns_15s_30_4_1_U322                                                                       | 1    |        | r_V_635        | mul | dsp48  | 3       |
|     p_Val2_212_fu_3764_p2                                                                              | -    |        | p_Val2_212     | add | fabric | 0       |
|     mul_mul_15ns_15s_30_4_1_U323                                                                       | 1    |        | r_V_636        | mul | dsp48  | 3       |
|     p_Val2_215_fu_4024_p2                                                                              | -    |        | p_Val2_215     | add | fabric | 0       |
|     mul_mul_15ns_15s_30_4_1_U324                                                                       | 1    |        | r_V_637        | mul | dsp48  | 3       |
|     p_Val2_218_fu_4154_p2                                                                              | -    |        | p_Val2_218     | add | fabric | 0       |
|     mul_mul_15ns_15s_30_4_1_U325                                                                       | 1    |        | r_V_638        | mul | dsp48  | 3       |
|     p_Val2_221_fu_4414_p2                                                                              | -    |        | p_Val2_221     | add | fabric | 0       |
|     mul_mul_15ns_15s_30_4_1_U326                                                                       | 1    |        | r_V_639        | mul | dsp48  | 3       |
|     p_Val2_224_fu_4544_p2                                                                              | -    |        | p_Val2_224     | add | fabric | 0       |
|     mul_mul_15ns_15s_30_4_1_U327                                                                       | 1    |        | r_V_640        | mul | dsp48  | 3       |
|     p_Val2_227_fu_4804_p2                                                                              | -    |        | p_Val2_227     | add | fabric | 0       |
|     mul_mul_15ns_15s_30_4_1_U328                                                                       | 1    |        | r_V_641        | mul | dsp48  | 3       |
|     p_Val2_230_fu_4934_p2                                                                              | -    |        | p_Val2_230     | add | fabric | 0       |
|     mul_mul_15ns_15s_30_4_1_U329                                                                       | 1    |        | r_V_642        | mul | dsp48  | 3       |
|     p_Val2_233_fu_5194_p2                                                                              | -    |        | p_Val2_233     | add | fabric | 0       |
|     mul_mul_15ns_15s_30_4_1_U330                                                                       | 1    |        | r_V_643        | mul | dsp48  | 3       |
|     p_Val2_236_fu_5324_p2                                                                              | -    |        | p_Val2_236     | add | fabric | 0       |
|     mul_mul_15ns_15s_30_4_1_U331                                                                       | 1    |        | r_V_644        | mul | dsp48  | 3       |
|     p_Val2_239_fu_5584_p2                                                                              | -    |        | p_Val2_239     | add | fabric | 0       |
|     mul_mul_15ns_15s_30_4_1_U332                                                                       | 1    |        | r_V_645        | mul | dsp48  | 3       |
|     p_Val2_242_fu_5714_p2                                                                              | -    |        | p_Val2_242     | add | fabric | 0       |
|     mul_mul_15ns_15s_30_4_1_U333                                                                       | 1    |        | r_V_646        | mul | dsp48  | 3       |
|     p_Val2_245_fu_5974_p2                                                                              | -    |        | p_Val2_245     | add | fabric | 0       |
|     mul_mul_15ns_15s_30_4_1_U334                                                                       | 1    |        | r_V_647        | mul | dsp48  | 3       |
|     p_Val2_248_fu_6104_p2                                                                              | -    |        | p_Val2_248     | add | fabric | 0       |
|     mul_mul_15ns_15s_30_4_1_U335                                                                       | 1    |        | r_V_648        | mul | dsp48  | 3       |
|     p_Val2_251_fu_6364_p2                                                                              | -    |        | p_Val2_251     | add | fabric | 0       |
|     mul_mul_15ns_15s_30_4_1_U336                                                                       | 1    |        | r_V_649        | mul | dsp48  | 3       |
|     p_Val2_254_fu_6494_p2                                                                              | -    |        | p_Val2_254     | add | fabric | 0       |
|     mul_mul_15ns_15s_30_4_1_U337                                                                       | 1    |        | r_V_650        | mul | dsp48  | 3       |
|     p_Val2_257_fu_6724_p2                                                                              | -    |        | p_Val2_257     | add | fabric | 0       |
|     mul_mul_15ns_15s_30_4_1_U338                                                                       | 1    |        | r_V_651        | mul | dsp48  | 3       |
|     p_Val2_260_fu_6854_p2                                                                              | -    |        | p_Val2_260     | add | fabric | 0       |
|     mul_mul_15ns_15s_30_4_1_U339                                                                       | 1    |        | r_V_652        | mul | dsp48  | 3       |
|     p_Val2_263_fu_7084_p2                                                                              | -    |        | p_Val2_263     | add | fabric | 0       |
|     mul_mul_15ns_15s_30_4_1_U340                                                                       | 1    |        | r_V_653        | mul | dsp48  | 3       |
|     p_Val2_266_fu_7214_p2                                                                              | -    |        | p_Val2_266     | add | fabric | 0       |
|     mul_mul_15ns_15s_30_4_1_U341                                                                       | 1    |        | r_V_654        | mul | dsp48  | 3       |
|     p_Val2_269_fu_7444_p2                                                                              | -    |        | p_Val2_269     | add | fabric | 0       |
|     mul_mul_15ns_15s_30_4_1_U342                                                                       | 1    |        | r_V_655        | mul | dsp48  | 3       |
|     p_Val2_272_fu_7574_p2                                                                              | -    |        | p_Val2_272     | add | fabric | 0       |
|    + gru_cell_step_Pipeline_VITIS_LOOP_69_1 (grp_gru_cell_step_Pipeline_VITIS_LOOP_69_1_fu_917)        | 33   |        |                |     |        |         |
|      add_ln69_fu_1848_p2                                                                               | -    |        | add_ln69       | add | fabric | 0       |
|      mul_24s_23s_47_3_1_U7                                                                             | 1    | yes    | r_V_250        | mul | dsp    | 2       |
|      ret_V_544_fu_2394_p2                                                                              | -    |        | ret_V_544      | add | fabric | 0       |
|      mul_23s_21s_44_5_1_U34                                                                            | 1    |        | r_V_277        | mul | auto   | 4       |
|      mul_23s_21s_44_5_1_U40                                                                            | 1    |        | r_V_283        | mul | auto   | 4       |
|      mul_23s_22s_45_5_1_U41                                                                            | 1    |        | r_V_284        | mul | auto   | 4       |
|      mul_23s_22s_45_5_1_U42                                                                            | 1    |        | r_V_285        | mul | auto   | 4       |
|      mul_23s_22s_45_5_1_U43                                                                            | 1    |        | r_V_286        | mul | auto   | 4       |
|      mul_23s_22s_45_5_1_U44                                                                            | 1    |        | r_V_287        | mul | auto   | 4       |
|      mul_23s_22s_45_5_1_U45                                                                            | 1    |        | r_V_288        | mul | auto   | 4       |
|      mul_23s_23s_46_5_1_U47                                                                            | 1    |        | r_V_289        | mul | auto   | 4       |
|      mul_23s_22s_45_5_1_U48                                                                            | 1    |        | r_V_291        | mul | auto   | 4       |
|      mul_23s_22s_45_5_1_U49                                                                            | 1    |        | r_V_292        | mul | auto   | 4       |
|      mul_23s_21s_44_5_1_U50                                                                            | 1    |        | r_V_293        | mul | auto   | 4       |
|      mul_23s_22s_45_5_1_U51                                                                            | 1    |        | r_V_294        | mul | auto   | 4       |
|      mul_23s_21s_44_5_1_U52                                                                            | 1    |        | r_V_295        | mul | auto   | 4       |
|      mul_23s_22s_45_5_1_U53                                                                            | 1    |        | r_V_296        | mul | auto   | 4       |
|      mul_23s_22s_45_5_1_U54                                                                            | 1    |        | r_V_297        | mul | auto   | 4       |
|      mul_23s_21s_44_5_1_U55                                                                            | 1    |        | r_V_298        | mul | auto   | 4       |
|      mul_23s_22s_45_5_1_U56                                                                            | 1    |        | r_V_299        | mul | auto   | 4       |
|      mul_23s_23s_46_5_1_U57                                                                            | 1    |        | r_V_300        | mul | auto   | 4       |
|      mul_23s_22s_45_5_1_U58                                                                            | 1    |        | r_V_301        | mul | auto   | 4       |
|      ret_V_594_fu_3575_p2                                                                              | -    |        | ret_V_594      | add | fabric | 0       |
|      mul_23s_22s_45_5_1_U59                                                                            | 1    |        | r_V_302        | mul | auto   | 4       |
|      mul_23s_22s_45_5_1_U60                                                                            | 1    |        | r_V_303        | mul | auto   | 4       |
|      mul_23s_21s_44_5_1_U61                                                                            | 1    |        | r_V_304        | mul | auto   | 4       |
|      mul_23s_21s_44_5_1_U62                                                                            | 1    |        | r_V_305        | mul | auto   | 4       |
|      mul_23s_22s_45_5_1_U63                                                                            | 1    |        | r_V_306        | mul | auto   | 4       |
|      mul_23s_21s_44_5_1_U66                                                                            | 1    |        | r_V_307        | mul | auto   | 4       |
|      mul_23s_22s_45_5_1_U64                                                                            | 1    |        | r_V_308        | mul | auto   | 4       |
|      mul_23s_21s_44_5_1_U67                                                                            | 1    |        | r_V_309        | mul | auto   | 4       |
|      mul_23s_22s_45_5_1_U65                                                                            | 1    |        | r_V_310        | mul | auto   | 4       |
|      mul_23s_22s_45_5_1_U68                                                                            | 1    |        | r_V_311        | mul | auto   | 4       |
|      mul_23s_22s_45_5_1_U69                                                                            | 1    |        | r_V_312        | mul | auto   | 4       |
|      mul_23s_22s_45_5_1_U70                                                                            | 1    |        | r_V_313        | mul | auto   | 4       |
|      mul_23s_22s_45_5_1_U71                                                                            | 1    |        | r_V_314        | mul | auto   | 4       |
|      sum_z_V_4_fu_3737_p2                                                                              | -    |        | sum_z_V_4      | add | fabric | 0       |
|      sum_r_V_4_fu_3717_p2                                                                              | -    |        | sum_r_V_4      | add | fabric | 0       |
|      add_ln1347_fu_3781_p2                                                                             | -    |        | add_ln1347     | add | fabric | 0       |
|      add_ln1347_35_fu_3754_p2                                                                          | -    |        | add_ln1347_35  | add | fabric | 0       |
|    + gru_cell_step_Pipeline_VITIS_LOOP_120_5 (grp_gru_cell_step_Pipeline_VITIS_LOOP_120_5_fu_1107)     | 2    |        |                |     |        |         |
|      add_ln120_fu_1209_p2                                                                              | -    |        | add_ln120      | add | fabric | 0       |
|      ret_V_607_fu_1559_p2                                                                              | -    |        | ret_V_607      | add | fabric | 0       |
|      ret_V_616_fu_1972_p2                                                                              | -    |        | ret_V_616      | add | fabric | 0       |
|      sum_h_V_4_fu_2530_p2                                                                              | -    |        | sum_h_V_4      | add | fabric | 0       |
|      add_ln123_fu_2590_p2                                                                              | -    |        | add_ln123      | add | fabric | 0       |
|      add_ln123_1_fu_2536_p2                                                                            | -    |        | add_ln123_1    | add | fabric | 0       |
|      hh_V_1_fu_2598_p2                                                                                 | -    |        | hh_V_1         | add | fabric | 0       |
|      one_minus_z_V_fu_2711_p2                                                                          | -    |        | one_minus_z_V  | sub | fabric | 0       |
|      mul_mul_15s_15ns_30_4_1_U233                                                                      | 1    |        | r_V_355        | mul | dsp48  | 3       |
|      mul_mul_16s_15s_31_4_1_U234                                                                       | 1    |        | r_V_356        | mul | dsp48  | 3       |
|      ret_V_638_fu_2771_p2                                                                              | -    |        | ret_V_638      | add | fabric | 0       |
|      add_ln823_fu_2794_p2                                                                              | -    |        | add_ln823      | add | fabric | 0       |
|      h_upd_V_4_fu_2818_p2                                                                              | -    |        | h_upd_V_4      | add | fabric | 0       |
|   + gru_cell_step_1 (grp_gru_cell_step_1_fu_2511)                                                      | 101  |        |                |     |        |         |
|     mul_mul_15ns_15s_30_4_1_U704                                                                       | 1    |        | r_V_528        | mul | dsp48  | 3       |
|     p_Val2_28_fu_1679_p2                                                                               | -    |        | p_Val2_28      | add | fabric | 0       |
|     mul_mul_15ns_15s_30_4_1_U705                                                                       | 1    |        | r_V_529        | mul | dsp48  | 3       |
|     p_Val2_37_fu_1809_p2                                                                               | -    |        | p_Val2_37      | add | fabric | 0       |
|     mul_mul_15ns_15s_30_4_1_U706                                                                       | 1    |        | r_V_530        | mul | dsp48  | 3       |
|     mul_23s_22s_45_5_1_U742                                                                            | -    |        | p_Val2_46      | add | fabric | 0       |
|     mul_mul_15ns_15s_30_4_1_U707                                                                       | 1    |        | r_V_531        | mul | dsp48  | 3       |
|     mul_23s_22s_45_5_1_U747                                                                            | -    |        | p_Val2_55      | add | fabric | 0       |
|     mul_23s_22s_45_5_1_U751                                                                            | 1    |        | r_V_532        | mul | dsp48  | 3       |
|     p_Val2_64_fu_2433_p2                                                                               | -    |        | p_Val2_64      | add | fabric | 0       |
|     mul_mul_15ns_15s_30_4_1_U709                                                                       | 1    |        | r_V_533        | mul | dsp48  | 3       |
|     p_Val2_73_fu_2563_p2                                                                               | -    |        | p_Val2_73      | add | fabric | 0       |
|     mul_mul_15ns_15s_30_4_1_U710                                                                       | 1    |        | r_V_534        | mul | dsp48  | 3       |
|     p_Val2_82_fu_2823_p2                                                                               | -    |        | p_Val2_82      | add | fabric | 0       |
|     mul_mul_15ns_15s_30_4_1_U711                                                                       | 1    |        | r_V_535        | mul | dsp48  | 3       |
|     p_Val2_91_fu_2953_p2                                                                               | -    |        | p_Val2_91      | add | fabric | 0       |
|     mul_mul_15ns_15s_30_4_1_U712                                                                       | 1    |        | r_V_536        | mul | dsp48  | 3       |
|     p_Val2_100_fu_3213_p2                                                                              | -    |        | p_Val2_100     | add | fabric | 0       |
|     mul_mul_15ns_15s_30_4_1_U713                                                                       | 1    |        | r_V_537        | mul | dsp48  | 3       |
|     p_Val2_109_fu_3343_p2                                                                              | -    |        | p_Val2_109     | add | fabric | 0       |
|     mul_mul_15ns_15s_30_4_1_U714                                                                       | 1    |        | r_V_538        | mul | dsp48  | 3       |
|     p_Val2_114_fu_3603_p2                                                                              | -    |        | p_Val2_114     | add | fabric | 0       |
|     mul_mul_15ns_15s_30_4_1_U715                                                                       | 1    |        | r_V_539        | mul | dsp48  | 3       |
|     p_Val2_117_fu_3733_p2                                                                              | -    |        | p_Val2_117     | add | fabric | 0       |
|     mul_mul_15ns_15s_30_4_1_U716                                                                       | 1    |        | r_V_540        | mul | dsp48  | 3       |
|     p_Val2_120_fu_3993_p2                                                                              | -    |        | p_Val2_120     | add | fabric | 0       |
|     mul_mul_15ns_15s_30_4_1_U717                                                                       | 1    |        | r_V_541        | mul | dsp48  | 3       |
|     p_Val2_123_fu_4123_p2                                                                              | -    |        | p_Val2_123     | add | fabric | 0       |
|     mul_mul_15ns_15s_30_4_1_U718                                                                       | 1    |        | r_V_542        | mul | dsp48  | 3       |
|     p_Val2_126_fu_4383_p2                                                                              | -    |        | p_Val2_126     | add | fabric | 0       |
|     mul_mul_15ns_15s_30_4_1_U719                                                                       | 1    |        | r_V_543        | mul | dsp48  | 3       |
|     p_Val2_129_fu_4513_p2                                                                              | -    |        | p_Val2_129     | add | fabric | 0       |
|     mul_mul_15ns_15s_30_4_1_U720                                                                       | 1    |        | r_V_544        | mul | dsp48  | 3       |
|     p_Val2_132_fu_4773_p2                                                                              | -    |        | p_Val2_132     | add | fabric | 0       |
|     mul_mul_15ns_15s_30_4_1_U721                                                                       | 1    |        | r_V_545        | mul | dsp48  | 3       |
|     p_Val2_135_fu_4903_p2                                                                              | -    |        | p_Val2_135     | add | fabric | 0       |
|     mul_mul_15ns_15s_30_4_1_U722                                                                       | 1    |        | r_V_546        | mul | dsp48  | 3       |
|     p_Val2_138_fu_5163_p2                                                                              | -    |        | p_Val2_138     | add | fabric | 0       |
|     mul_mul_15ns_15s_30_4_1_U723                                                                       | 1    |        | r_V_547        | mul | dsp48  | 3       |
|     p_Val2_141_fu_5293_p2                                                                              | -    |        | p_Val2_141     | add | fabric | 0       |
|     mul_mul_15ns_15s_30_4_1_U724                                                                       | 1    |        | r_V_548        | mul | dsp48  | 3       |
|     p_Val2_144_fu_5553_p2                                                                              | -    |        | p_Val2_144     | add | fabric | 0       |
|     mul_mul_15ns_15s_30_4_1_U725                                                                       | 1    |        | r_V_549        | mul | dsp48  | 3       |
|     p_Val2_147_fu_5683_p2                                                                              | -    |        | p_Val2_147     | add | fabric | 0       |
|     mul_mul_15ns_15s_30_4_1_U726                                                                       | 1    |        | r_V_550        | mul | dsp48  | 3       |
|     p_Val2_150_fu_5943_p2                                                                              | -    |        | p_Val2_150     | add | fabric | 0       |
|     mul_mul_15ns_15s_30_4_1_U727                                                                       | 1    |        | r_V_551        | mul | dsp48  | 3       |
|     p_Val2_153_fu_6073_p2                                                                              | -    |        | p_Val2_153     | add | fabric | 0       |
|     mul_mul_15ns_15s_30_4_1_U728                                                                       | 1    |        | r_V_552        | mul | dsp48  | 3       |
|     p_Val2_156_fu_6333_p2                                                                              | -    |        | p_Val2_156     | add | fabric | 0       |
|     mul_mul_15ns_15s_30_4_1_U729                                                                       | 1    |        | r_V_553        | mul | dsp48  | 3       |
|     p_Val2_159_fu_6463_p2                                                                              | -    |        | p_Val2_159     | add | fabric | 0       |
|     mul_mul_15ns_15s_30_4_1_U730                                                                       | 1    |        | r_V_554        | mul | dsp48  | 3       |
|     p_Val2_162_fu_6693_p2                                                                              | -    |        | p_Val2_162     | add | fabric | 0       |
|     mul_mul_15ns_15s_30_4_1_U731                                                                       | 1    |        | r_V_555        | mul | dsp48  | 3       |
|     p_Val2_165_fu_6823_p2                                                                              | -    |        | p_Val2_165     | add | fabric | 0       |
|     mul_mul_15ns_15s_30_4_1_U732                                                                       | 1    |        | r_V_556        | mul | dsp48  | 3       |
|     p_Val2_168_fu_7053_p2                                                                              | -    |        | p_Val2_168     | add | fabric | 0       |
|     mul_mul_15ns_15s_30_4_1_U733                                                                       | 1    |        | r_V_557        | mul | dsp48  | 3       |
|     p_Val2_171_fu_7183_p2                                                                              | -    |        | p_Val2_171     | add | fabric | 0       |
|     mul_mul_15ns_15s_30_4_1_U734                                                                       | 1    |        | r_V_558        | mul | dsp48  | 3       |
|     p_Val2_174_fu_7413_p2                                                                              | -    |        | p_Val2_174     | add | fabric | 0       |
|     mul_mul_15ns_15s_30_4_1_U735                                                                       | 1    |        | r_V_559        | mul | dsp48  | 3       |
|     p_Val2_177_fu_7543_p2                                                                              | -    |        | p_Val2_177     | add | fabric | 0       |
|    + gru_cell_step_1_Pipeline_VITIS_LOOP_69_1 (grp_gru_cell_step_1_Pipeline_VITIS_LOOP_69_1_fu_903)    | 35   |        |                |     |        |         |
|      add_ln69_fu_1706_p2                                                                               | -    |        | add_ln69       | add | fabric | 0       |
|      ret_V_714_fu_2345_p2                                                                              | -    |        | ret_V_714      | add | fabric | 0       |
|      ret_V_724_fu_2550_p2                                                                              | -    |        | ret_V_724      | add | fabric | 0       |
|      mul_23s_23s_46_5_1_U436                                                                           | 1    |        | r_V_375        | mul | auto   | 4       |
|      mul_23s_23s_46_5_1_U438                                                                           | 1    |        | r_V_376        | mul | auto   | 4       |
|      mul_23s_23s_46_5_1_U439                                                                           | 1    |        | r_V_378        | mul | auto   | 4       |
|      mul_23s_23s_46_5_1_U442                                                                           | 1    |        | r_V_381        | mul | auto   | 4       |
|      mul_23s_23s_46_5_1_U443                                                                           | 1    |        | r_V_382        | mul | auto   | 4       |
|      ret_V_734_fu_2955_p2                                                                              | -    |        | ret_V_734      | add | fabric | 0       |
|      mul_23s_23s_46_5_1_U446                                                                           | 1    |        | r_V_385        | mul | auto   | 4       |
|      mul_23s_23s_46_5_1_U451                                                                           | 1    |        | r_V_390        | mul | auto   | 4       |
|      mul_23s_23s_46_5_1_U452                                                                           | 1    |        | r_V_391        | mul | auto   | 4       |
|      mul_23s_22s_45_5_1_U453                                                                           | 1    |        | r_V_392        | mul | auto   | 4       |
|      mul_23s_22s_45_5_1_U454                                                                           | 1    |        | r_V_393        | mul | auto   | 4       |
|      mul_23s_23s_46_5_1_U457                                                                           | 1    |        | r_V_394        | mul | auto   | 4       |
|      mul_23s_22s_45_5_1_U455                                                                           | 1    |        | r_V_395        | mul | auto   | 4       |
|      mul_23s_22s_45_5_1_U458                                                                           | 1    |        | r_V_396        | mul | auto   | 4       |
|      mul_23s_23s_46_5_1_U456                                                                           | 1    |        | r_V_397        | mul | auto   | 4       |
|      mul_23s_22s_45_5_1_U459                                                                           | 1    |        | r_V_398        | mul | auto   | 4       |
|      mul_23s_22s_45_5_1_U461                                                                           | 1    |        | r_V_400        | mul | auto   | 4       |
|      mul_23s_22s_45_5_1_U462                                                                           | 1    |        | r_V_401        | mul | auto   | 4       |
|      mul_23s_22s_45_5_1_U463                                                                           | 1    |        | r_V_402        | mul | auto   | 4       |
|      mul_23s_23s_46_5_1_U464                                                                           | 1    |        | r_V_403        | mul | auto   | 4       |
|      ret_V_753_fu_3199_p2                                                                              | -    |        | ret_V_753      | add | fabric | 0       |
|      mul_23s_22s_45_5_1_U465                                                                           | 1    |        | r_V_404        | mul | auto   | 4       |
|      mul_23s_23s_46_5_1_U466                                                                           | 1    |        | r_V_405        | mul | auto   | 4       |
|      mul_23s_23s_46_5_1_U467                                                                           | 1    |        | r_V_406        | mul | auto   | 4       |
|      mul_23s_22s_45_5_1_U468                                                                           | 1    |        | r_V_407        | mul | auto   | 4       |
|      mul_23s_22s_45_5_1_U469                                                                           | 1    |        | r_V_408        | mul | auto   | 4       |
|      mul_23s_22s_45_5_1_U471                                                                           | 1    |        | r_V_410        | mul | auto   | 4       |
|      mul_23s_22s_45_5_1_U472                                                                           | 1    |        | r_V_411        | mul | auto   | 4       |
|      mul_23s_22s_45_5_1_U473                                                                           | 1    |        | r_V_412        | mul | auto   | 4       |
|      mul_23s_22s_45_5_1_U474                                                                           | 1    |        | r_V_413        | mul | auto   | 4       |
|      mul_23s_22s_45_5_1_U476                                                                           | 1    |        | r_V_414        | mul | auto   | 4       |
|      mul_23s_23s_46_5_1_U475                                                                           | 1    |        | r_V_415        | mul | auto   | 4       |
|      mul_23s_22s_45_5_1_U477                                                                           | 1    |        | r_V_416        | mul | auto   | 4       |
|      mul_23s_23s_46_5_1_U478                                                                           | 1    |        | r_V_417        | mul | auto   | 4       |
|      mul_23s_22s_45_5_1_U479                                                                           | 1    |        | r_V_418        | mul | auto   | 4       |
|      mul_23s_23s_46_5_1_U480                                                                           | 1    |        | r_V_419        | mul | auto   | 4       |
|      mul_23s_23s_46_5_1_U481                                                                           | 1    |        | r_V_420        | mul | auto   | 4       |
|      sum_z_V_7_fu_3396_p2                                                                              | -    |        | sum_z_V_7      | add | fabric | 0       |
|      sum_r_V_7_fu_3416_p2                                                                              | -    |        | sum_r_V_7      | add | fabric | 0       |
|      add_ln1347_fu_3433_p2                                                                             | -    |        | add_ln1347     | add | fabric | 0       |
|      add_ln1347_1_fu_3510_p2                                                                           | -    |        | add_ln1347_1   | add | fabric | 0       |
|    + gru_cell_step_1_Pipeline_VITIS_LOOP_120_5 (grp_gru_cell_step_1_Pipeline_VITIS_LOOP_120_5_fu_1089) | 5    |        |                |     |        |         |
|      add_ln120_fu_1137_p2                                                                              | -    |        | add_ln120      | add | fabric | 0       |
|      add_ln1347_544_fu_1453_p2                                                                         | -    |        | add_ln1347_544 | add | fabric | 0       |
|      ret_V_806_fu_1698_p2                                                                              | -    |        | ret_V_806      | add | fabric | 0       |
|      mul_23s_21s_44_5_1_U621                                                                           | 1    |        | r_V_447        | mul | auto   | 4       |
|      mul_23s_21s_44_5_1_U627                                                                           | 1    |        | r_V_453        | mul | auto   | 4       |
|      mul_23s_21s_44_5_1_U628                                                                           | 1    |        | r_V_454        | mul | auto   | 4       |
|      sum_h_V_7_fu_2361_p2                                                                              | -    |        | sum_h_V_7      | add | fabric | 0       |
|      add_ln123_fu_2456_p2                                                                              | -    |        | add_ln123      | add | fabric | 0       |
|      add_ln123_1_fu_2367_p2                                                                            | -    |        | add_ln123_1    | add | fabric | 0       |
|      hh_V_2_fu_2401_p2                                                                                 | -    |        | hh_V_2         | add | fabric | 0       |
|      one_minus_z_V_fu_2562_p2                                                                          | -    |        | one_minus_z_V  | sub | fabric | 0       |
|      mul_mul_15s_15ns_30_4_1_U631                                                                      | 1    |        | r_V_462        | mul | dsp48  | 3       |
|      mul_mul_16s_15s_31_4_1_U632                                                                       | 1    |        | r_V_463        | mul | dsp48  | 3       |
|      ret_V_830_fu_2602_p2                                                                              | -    |        | ret_V_830      | add | fabric | 0       |
|      add_ln823_fu_2625_p2                                                                              | -    |        | add_ln823      | add | fabric | 0       |
|      h_upd_V_7_fu_2649_p2                                                                              | -    |        | h_upd_V_7      | add | fabric | 0       |
|   + lane_worker8_3_Pipeline_VITIS_LOOP_238_7                                                           | 32   |        |                |     |        |         |
|     add_ln238_fu_1022_p2                                                                               | -    |        | add_ln238      | add | fabric | 0       |
|     add_ln247_fu_2268_p2                                                                               | -    |        | add_ln247      | add | fabric | 0       |
|     mul_23s_21ns_44_5_1_U964                                                                           | 1    |        | r_V            | mul | auto   | 4       |
|     mul_23s_23s_46_5_1_U965                                                                            | 1    |        | r_V_187        | mul | auto   | 4       |
|     mul_23s_22s_45_5_1_U966                                                                            | 1    |        | r_V_188        | mul | auto   | 4       |
|     add_ln1347_fu_1281_p2                                                                              | -    |        | add_ln1347     | add | fabric | 0       |
|     mul_23s_22s_45_5_1_U967                                                                            | 1    |        | r_V_189        | mul | auto   | 4       |
|     ret_V_393_fu_1406_p2                                                                               | -    |        | ret_V_393      | add | fabric | 0       |
|     mul_23s_23s_46_5_1_U968                                                                            | 1    |        | r_V_190        | mul | auto   | 4       |
|     mul_23s_21s_44_5_1_U969                                                                            | 1    |        | r_V_191        | mul | auto   | 4       |
|     mul_23s_22s_45_5_1_U970                                                                            | 1    |        | r_V_192        | mul | auto   | 4       |
|     mul_23s_20ns_43_5_1_U971                                                                           | 1    |        | r_V_193        | mul | auto   | 4       |
|     mul_23s_22s_45_5_1_U972                                                                            | 1    |        | r_V_194        | mul | auto   | 4       |
|     mul_23s_22s_45_5_1_U973                                                                            | 1    |        | r_V_195        | mul | auto   | 4       |
|     mul_23s_22s_45_5_1_U974                                                                            | 1    |        | r_V_196        | mul | auto   | 4       |
|     mul_23s_22s_45_5_1_U975                                                                            | 1    |        | r_V_197        | mul | auto   | 4       |
|     mul_23s_23s_46_5_1_U976                                                                            | 1    |        | r_V_198        | mul | auto   | 4       |
|     mul_23s_22s_45_5_1_U977                                                                            | 1    |        | r_V_199        | mul | auto   | 4       |
|     mul_23s_22s_45_5_1_U978                                                                            | 1    |        | r_V_200        | mul | auto   | 4       |
|     mul_23s_22s_45_5_1_U979                                                                            | 1    |        | r_V_201        | mul | auto   | 4       |
|     mul_23s_21s_44_5_1_U980                                                                            | 1    |        | r_V_202        | mul | auto   | 4       |
|     mul_23s_22s_45_5_1_U981                                                                            | 1    |        | r_V_203        | mul | auto   | 4       |
|     mul_23s_22s_45_5_1_U982                                                                            | 1    |        | r_V_204        | mul | auto   | 4       |
|     mul_23s_20s_43_5_1_U983                                                                            | 1    |        | r_V_205        | mul | auto   | 4       |
|     mul_23s_22s_45_5_1_U984                                                                            | 1    |        | r_V_206        | mul | auto   | 4       |
|     mul_23s_22s_45_5_1_U985                                                                            | 1    |        | r_V_207        | mul | auto   | 4       |
|     mul_23s_22s_45_5_1_U986                                                                            | 1    |        | r_V_208        | mul | auto   | 4       |
|     mul_23s_22s_45_5_1_U987                                                                            | 1    |        | r_V_209        | mul | auto   | 4       |
|     mul_23s_21s_44_5_1_U988                                                                            | 1    |        | r_V_210        | mul | auto   | 4       |
|     mul_23s_21s_44_5_1_U989                                                                            | 1    |        | r_V_211        | mul | auto   | 4       |
|     mul_23s_22s_45_5_1_U990                                                                            | 1    |        | r_V_212        | mul | auto   | 4       |
|     mul_23s_22s_45_5_1_U991                                                                            | 1    |        | r_V_213        | mul | auto   | 4       |
|     mul_23s_21s_44_5_1_U992                                                                            | 1    |        | r_V_214        | mul | auto   | 4       |
|     mul_23s_22s_45_5_1_U993                                                                            | 1    |        | r_V_215        | mul | auto   | 4       |
|     mul_23s_21ns_44_5_1_U994                                                                           | 1    |        | r_V_216        | mul | auto   | 4       |
|     mul_23s_22s_45_5_1_U995                                                                            | 1    |        | r_V_217        | mul | auto   | 4       |
|     sum_o_V_26_fu_2172_p2                                                                              | -    |        | sum_o_V_26     | add | fabric | 0       |
|     add_ln240_fu_2279_p2                                                                               | -    |        | add_ln240      | add | fabric | 0       |
|     add_ln240_6_fu_2178_p2                                                                             | -    |        | add_ln240_6    | add | fabric | 0       |
|     p_Val2_12_fu_2213_p2                                                                               | -    |        | p_Val2_12      | add | fabric | 0       |
|   + lane_worker8_3_Pipeline_WRITE_PIXEL_T_WRITE_PIXEL_O                                                | 0    |        |                |     |        |         |
|     add_ln21_6_fu_129_p2                                                                               | -    |        | add_ln21_6     | add | fabric | 0       |
|     add_ln21_fu_141_p2                                                                                 | -    |        | add_ln21       | add | fabric | 0       |
|     add_ln22_fu_173_p2                                                                                 | -    |        | add_ln22       | add | fabric | 0       |
|  + lane_worker8_4                                                                                      | 233  |        |                |     |        |         |
|    add_ln7_9_fu_2854_p2                                                                                | -    |        | add_ln7_9      | add | fabric | 0       |
|    add_ln7_10_fu_2860_p2                                                                               | -    |        | add_ln7_10     | add | fabric | 0       |
|    add_ln7_fu_2872_p2                                                                                  | -    |        | add_ln7        | add | fabric | 0       |
|    add_ln9_fu_2882_p2                                                                                  | -    |        | add_ln9        | add | fabric | 0       |
|    add_ln197_fu_2918_p2                                                                                | -    |        | add_ln197      | add | fabric | 0       |
|    add_ln220_fu_2934_p2                                                                                | -    |        | add_ln220      | add | fabric | 0       |
|    sub_ln247_fu_2952_p2                                                                                | -    |        | sub_ln247      | sub | fabric | 0       |
|    add_ln9_5_fu_2961_p2                                                                                | -    |        | add_ln9_5      | add | fabric | 0       |
|   + lane_worker8_4_Pipeline_READ_PIXEL                                                                 | 0    |        |                |     |        |         |
|     add_ln13_fu_100_p2                                                                                 | -    |        | add_ln13       | add | fabric | 0       |
|   + gru_cell_step (grp_gru_cell_step_fu_2302)                                                          | 100  |        |                |     |        |         |
|     mul_mul_15ns_15s_30_4_1_U311                                                                       | 1    |        | r_V_624        | mul | dsp48  | 3       |
|     p_Val2_179_fu_1710_p2                                                                              | -    |        | p_Val2_179     | add | fabric | 0       |
|     mul_mul_15ns_15s_30_4_1_U312                                                                       | 1    |        | r_V_625        | mul | dsp48  | 3       |
|     p_Val2_182_fu_1840_p2                                                                              | -    |        | p_Val2_182     | add | fabric | 0       |
|     mul_mul_15ns_15s_30_4_1_U313                                                                       | 1    |        | r_V_626        | mul | dsp48  | 3       |
|     mul_23s_21s_44_5_1_U358                                                                            | -    |        | p_Val2_185     | add | fabric | 0       |
|     mul_mul_15ns_15s_30_4_1_U314                                                                       | 1    |        | r_V_627        | mul | dsp48  | 3       |
|     p_Val2_188_fu_2204_p2                                                                              | -    |        | p_Val2_188     | add | fabric | 0       |
|     mul_mul_15ns_15s_30_4_1_U315                                                                       | 1    |        | r_V_628        | mul | dsp48  | 3       |
|     mul_23s_22s_45_5_1_U357                                                                            | -    |        | p_Val2_191     | add | fabric | 0       |
|     mul_mul_15ns_15s_30_4_1_U316                                                                       | 1    |        | r_V_629        | mul | dsp48  | 3       |
|     p_Val2_194_fu_2594_p2                                                                              | -    |        | p_Val2_194     | add | fabric | 0       |
|     mul_mul_15ns_15s_30_4_1_U317                                                                       | 1    |        | r_V_630        | mul | dsp48  | 3       |
|     mul_23s_22s_45_5_1_U371                                                                            | -    |        | p_Val2_197     | add | fabric | 0       |
|     mul_mul_15ns_15s_30_4_1_U318                                                                       | 1    |        | r_V_631        | mul | dsp48  | 3       |
|     p_Val2_200_fu_2984_p2                                                                              | -    |        | p_Val2_200     | add | fabric | 0       |
|     mul_mul_15ns_15s_30_4_1_U319                                                                       | 1    |        | r_V_632        | mul | dsp48  | 3       |
|     p_Val2_203_fu_3244_p2                                                                              | -    |        | p_Val2_203     | add | fabric | 0       |
|     mul_mul_15ns_15s_30_4_1_U320                                                                       | 1    |        | r_V_633        | mul | dsp48  | 3       |
|     p_Val2_206_fu_3374_p2                                                                              | -    |        | p_Val2_206     | add | fabric | 0       |
|     mul_mul_15ns_15s_30_4_1_U321                                                                       | 1    |        | r_V_634        | mul | dsp48  | 3       |
|     p_Val2_209_fu_3634_p2                                                                              | -    |        | p_Val2_209     | add | fabric | 0       |
|     mul_mul_15ns_15s_30_4_1_U322                                                                       | 1    |        | r_V_635        | mul | dsp48  | 3       |
|     p_Val2_212_fu_3764_p2                                                                              | -    |        | p_Val2_212     | add | fabric | 0       |
|     mul_mul_15ns_15s_30_4_1_U323                                                                       | 1    |        | r_V_636        | mul | dsp48  | 3       |
|     p_Val2_215_fu_4024_p2                                                                              | -    |        | p_Val2_215     | add | fabric | 0       |
|     mul_mul_15ns_15s_30_4_1_U324                                                                       | 1    |        | r_V_637        | mul | dsp48  | 3       |
|     p_Val2_218_fu_4154_p2                                                                              | -    |        | p_Val2_218     | add | fabric | 0       |
|     mul_mul_15ns_15s_30_4_1_U325                                                                       | 1    |        | r_V_638        | mul | dsp48  | 3       |
|     p_Val2_221_fu_4414_p2                                                                              | -    |        | p_Val2_221     | add | fabric | 0       |
|     mul_mul_15ns_15s_30_4_1_U326                                                                       | 1    |        | r_V_639        | mul | dsp48  | 3       |
|     p_Val2_224_fu_4544_p2                                                                              | -    |        | p_Val2_224     | add | fabric | 0       |
|     mul_mul_15ns_15s_30_4_1_U327                                                                       | 1    |        | r_V_640        | mul | dsp48  | 3       |
|     p_Val2_227_fu_4804_p2                                                                              | -    |        | p_Val2_227     | add | fabric | 0       |
|     mul_mul_15ns_15s_30_4_1_U328                                                                       | 1    |        | r_V_641        | mul | dsp48  | 3       |
|     p_Val2_230_fu_4934_p2                                                                              | -    |        | p_Val2_230     | add | fabric | 0       |
|     mul_mul_15ns_15s_30_4_1_U329                                                                       | 1    |        | r_V_642        | mul | dsp48  | 3       |
|     p_Val2_233_fu_5194_p2                                                                              | -    |        | p_Val2_233     | add | fabric | 0       |
|     mul_mul_15ns_15s_30_4_1_U330                                                                       | 1    |        | r_V_643        | mul | dsp48  | 3       |
|     p_Val2_236_fu_5324_p2                                                                              | -    |        | p_Val2_236     | add | fabric | 0       |
|     mul_mul_15ns_15s_30_4_1_U331                                                                       | 1    |        | r_V_644        | mul | dsp48  | 3       |
|     p_Val2_239_fu_5584_p2                                                                              | -    |        | p_Val2_239     | add | fabric | 0       |
|     mul_mul_15ns_15s_30_4_1_U332                                                                       | 1    |        | r_V_645        | mul | dsp48  | 3       |
|     p_Val2_242_fu_5714_p2                                                                              | -    |        | p_Val2_242     | add | fabric | 0       |
|     mul_mul_15ns_15s_30_4_1_U333                                                                       | 1    |        | r_V_646        | mul | dsp48  | 3       |
|     p_Val2_245_fu_5974_p2                                                                              | -    |        | p_Val2_245     | add | fabric | 0       |
|     mul_mul_15ns_15s_30_4_1_U334                                                                       | 1    |        | r_V_647        | mul | dsp48  | 3       |
|     p_Val2_248_fu_6104_p2                                                                              | -    |        | p_Val2_248     | add | fabric | 0       |
|     mul_mul_15ns_15s_30_4_1_U335                                                                       | 1    |        | r_V_648        | mul | dsp48  | 3       |
|     p_Val2_251_fu_6364_p2                                                                              | -    |        | p_Val2_251     | add | fabric | 0       |
|     mul_mul_15ns_15s_30_4_1_U336                                                                       | 1    |        | r_V_649        | mul | dsp48  | 3       |
|     p_Val2_254_fu_6494_p2                                                                              | -    |        | p_Val2_254     | add | fabric | 0       |
|     mul_mul_15ns_15s_30_4_1_U337                                                                       | 1    |        | r_V_650        | mul | dsp48  | 3       |
|     p_Val2_257_fu_6724_p2                                                                              | -    |        | p_Val2_257     | add | fabric | 0       |
|     mul_mul_15ns_15s_30_4_1_U338                                                                       | 1    |        | r_V_651        | mul | dsp48  | 3       |
|     p_Val2_260_fu_6854_p2                                                                              | -    |        | p_Val2_260     | add | fabric | 0       |
|     mul_mul_15ns_15s_30_4_1_U339                                                                       | 1    |        | r_V_652        | mul | dsp48  | 3       |
|     p_Val2_263_fu_7084_p2                                                                              | -    |        | p_Val2_263     | add | fabric | 0       |
|     mul_mul_15ns_15s_30_4_1_U340                                                                       | 1    |        | r_V_653        | mul | dsp48  | 3       |
|     p_Val2_266_fu_7214_p2                                                                              | -    |        | p_Val2_266     | add | fabric | 0       |
|     mul_mul_15ns_15s_30_4_1_U341                                                                       | 1    |        | r_V_654        | mul | dsp48  | 3       |
|     p_Val2_269_fu_7444_p2                                                                              | -    |        | p_Val2_269     | add | fabric | 0       |
|     mul_mul_15ns_15s_30_4_1_U342                                                                       | 1    |        | r_V_655        | mul | dsp48  | 3       |
|     p_Val2_272_fu_7574_p2                                                                              | -    |        | p_Val2_272     | add | fabric | 0       |
|    + gru_cell_step_Pipeline_VITIS_LOOP_69_1 (grp_gru_cell_step_Pipeline_VITIS_LOOP_69_1_fu_917)        | 33   |        |                |     |        |         |
|      add_ln69_fu_1848_p2                                                                               | -    |        | add_ln69       | add | fabric | 0       |
|      mul_24s_23s_47_3_1_U7                                                                             | 1    | yes    | r_V_250        | mul | dsp    | 2       |
|      ret_V_544_fu_2394_p2                                                                              | -    |        | ret_V_544      | add | fabric | 0       |
|      mul_23s_21s_44_5_1_U34                                                                            | 1    |        | r_V_277        | mul | auto   | 4       |
|      mul_23s_21s_44_5_1_U40                                                                            | 1    |        | r_V_283        | mul | auto   | 4       |
|      mul_23s_22s_45_5_1_U41                                                                            | 1    |        | r_V_284        | mul | auto   | 4       |
|      mul_23s_22s_45_5_1_U42                                                                            | 1    |        | r_V_285        | mul | auto   | 4       |
|      mul_23s_22s_45_5_1_U43                                                                            | 1    |        | r_V_286        | mul | auto   | 4       |
|      mul_23s_22s_45_5_1_U44                                                                            | 1    |        | r_V_287        | mul | auto   | 4       |
|      mul_23s_22s_45_5_1_U45                                                                            | 1    |        | r_V_288        | mul | auto   | 4       |
|      mul_23s_23s_46_5_1_U47                                                                            | 1    |        | r_V_289        | mul | auto   | 4       |
|      mul_23s_22s_45_5_1_U48                                                                            | 1    |        | r_V_291        | mul | auto   | 4       |
|      mul_23s_22s_45_5_1_U49                                                                            | 1    |        | r_V_292        | mul | auto   | 4       |
|      mul_23s_21s_44_5_1_U50                                                                            | 1    |        | r_V_293        | mul | auto   | 4       |
|      mul_23s_22s_45_5_1_U51                                                                            | 1    |        | r_V_294        | mul | auto   | 4       |
|      mul_23s_21s_44_5_1_U52                                                                            | 1    |        | r_V_295        | mul | auto   | 4       |
|      mul_23s_22s_45_5_1_U53                                                                            | 1    |        | r_V_296        | mul | auto   | 4       |
|      mul_23s_22s_45_5_1_U54                                                                            | 1    |        | r_V_297        | mul | auto   | 4       |
|      mul_23s_21s_44_5_1_U55                                                                            | 1    |        | r_V_298        | mul | auto   | 4       |
|      mul_23s_22s_45_5_1_U56                                                                            | 1    |        | r_V_299        | mul | auto   | 4       |
|      mul_23s_23s_46_5_1_U57                                                                            | 1    |        | r_V_300        | mul | auto   | 4       |
|      mul_23s_22s_45_5_1_U58                                                                            | 1    |        | r_V_301        | mul | auto   | 4       |
|      ret_V_594_fu_3575_p2                                                                              | -    |        | ret_V_594      | add | fabric | 0       |
|      mul_23s_22s_45_5_1_U59                                                                            | 1    |        | r_V_302        | mul | auto   | 4       |
|      mul_23s_22s_45_5_1_U60                                                                            | 1    |        | r_V_303        | mul | auto   | 4       |
|      mul_23s_21s_44_5_1_U61                                                                            | 1    |        | r_V_304        | mul | auto   | 4       |
|      mul_23s_21s_44_5_1_U62                                                                            | 1    |        | r_V_305        | mul | auto   | 4       |
|      mul_23s_22s_45_5_1_U63                                                                            | 1    |        | r_V_306        | mul | auto   | 4       |
|      mul_23s_21s_44_5_1_U66                                                                            | 1    |        | r_V_307        | mul | auto   | 4       |
|      mul_23s_22s_45_5_1_U64                                                                            | 1    |        | r_V_308        | mul | auto   | 4       |
|      mul_23s_21s_44_5_1_U67                                                                            | 1    |        | r_V_309        | mul | auto   | 4       |
|      mul_23s_22s_45_5_1_U65                                                                            | 1    |        | r_V_310        | mul | auto   | 4       |
|      mul_23s_22s_45_5_1_U68                                                                            | 1    |        | r_V_311        | mul | auto   | 4       |
|      mul_23s_22s_45_5_1_U69                                                                            | 1    |        | r_V_312        | mul | auto   | 4       |
|      mul_23s_22s_45_5_1_U70                                                                            | 1    |        | r_V_313        | mul | auto   | 4       |
|      mul_23s_22s_45_5_1_U71                                                                            | 1    |        | r_V_314        | mul | auto   | 4       |
|      sum_z_V_4_fu_3737_p2                                                                              | -    |        | sum_z_V_4      | add | fabric | 0       |
|      sum_r_V_4_fu_3717_p2                                                                              | -    |        | sum_r_V_4      | add | fabric | 0       |
|      add_ln1347_fu_3781_p2                                                                             | -    |        | add_ln1347     | add | fabric | 0       |
|      add_ln1347_35_fu_3754_p2                                                                          | -    |        | add_ln1347_35  | add | fabric | 0       |
|    + gru_cell_step_Pipeline_VITIS_LOOP_120_5 (grp_gru_cell_step_Pipeline_VITIS_LOOP_120_5_fu_1107)     | 2    |        |                |     |        |         |
|      add_ln120_fu_1209_p2                                                                              | -    |        | add_ln120      | add | fabric | 0       |
|      ret_V_607_fu_1559_p2                                                                              | -    |        | ret_V_607      | add | fabric | 0       |
|      ret_V_616_fu_1972_p2                                                                              | -    |        | ret_V_616      | add | fabric | 0       |
|      sum_h_V_4_fu_2530_p2                                                                              | -    |        | sum_h_V_4      | add | fabric | 0       |
|      add_ln123_fu_2590_p2                                                                              | -    |        | add_ln123      | add | fabric | 0       |
|      add_ln123_1_fu_2536_p2                                                                            | -    |        | add_ln123_1    | add | fabric | 0       |
|      hh_V_1_fu_2598_p2                                                                                 | -    |        | hh_V_1         | add | fabric | 0       |
|      one_minus_z_V_fu_2711_p2                                                                          | -    |        | one_minus_z_V  | sub | fabric | 0       |
|      mul_mul_15s_15ns_30_4_1_U233                                                                      | 1    |        | r_V_355        | mul | dsp48  | 3       |
|      mul_mul_16s_15s_31_4_1_U234                                                                       | 1    |        | r_V_356        | mul | dsp48  | 3       |
|      ret_V_638_fu_2771_p2                                                                              | -    |        | ret_V_638      | add | fabric | 0       |
|      add_ln823_fu_2794_p2                                                                              | -    |        | add_ln823      | add | fabric | 0       |
|      h_upd_V_4_fu_2818_p2                                                                              | -    |        | h_upd_V_4      | add | fabric | 0       |
|   + gru_cell_step_1 (grp_gru_cell_step_1_fu_2511)                                                      | 101  |        |                |     |        |         |
|     mul_mul_15ns_15s_30_4_1_U704                                                                       | 1    |        | r_V_528        | mul | dsp48  | 3       |
|     p_Val2_28_fu_1679_p2                                                                               | -    |        | p_Val2_28      | add | fabric | 0       |
|     mul_mul_15ns_15s_30_4_1_U705                                                                       | 1    |        | r_V_529        | mul | dsp48  | 3       |
|     p_Val2_37_fu_1809_p2                                                                               | -    |        | p_Val2_37      | add | fabric | 0       |
|     mul_mul_15ns_15s_30_4_1_U706                                                                       | 1    |        | r_V_530        | mul | dsp48  | 3       |
|     mul_23s_22s_45_5_1_U742                                                                            | -    |        | p_Val2_46      | add | fabric | 0       |
|     mul_mul_15ns_15s_30_4_1_U707                                                                       | 1    |        | r_V_531        | mul | dsp48  | 3       |
|     mul_23s_22s_45_5_1_U747                                                                            | -    |        | p_Val2_55      | add | fabric | 0       |
|     mul_23s_22s_45_5_1_U751                                                                            | 1    |        | r_V_532        | mul | dsp48  | 3       |
|     p_Val2_64_fu_2433_p2                                                                               | -    |        | p_Val2_64      | add | fabric | 0       |
|     mul_mul_15ns_15s_30_4_1_U709                                                                       | 1    |        | r_V_533        | mul | dsp48  | 3       |
|     p_Val2_73_fu_2563_p2                                                                               | -    |        | p_Val2_73      | add | fabric | 0       |
|     mul_mul_15ns_15s_30_4_1_U710                                                                       | 1    |        | r_V_534        | mul | dsp48  | 3       |
|     p_Val2_82_fu_2823_p2                                                                               | -    |        | p_Val2_82      | add | fabric | 0       |
|     mul_mul_15ns_15s_30_4_1_U711                                                                       | 1    |        | r_V_535        | mul | dsp48  | 3       |
|     p_Val2_91_fu_2953_p2                                                                               | -    |        | p_Val2_91      | add | fabric | 0       |
|     mul_mul_15ns_15s_30_4_1_U712                                                                       | 1    |        | r_V_536        | mul | dsp48  | 3       |
|     p_Val2_100_fu_3213_p2                                                                              | -    |        | p_Val2_100     | add | fabric | 0       |
|     mul_mul_15ns_15s_30_4_1_U713                                                                       | 1    |        | r_V_537        | mul | dsp48  | 3       |
|     p_Val2_109_fu_3343_p2                                                                              | -    |        | p_Val2_109     | add | fabric | 0       |
|     mul_mul_15ns_15s_30_4_1_U714                                                                       | 1    |        | r_V_538        | mul | dsp48  | 3       |
|     p_Val2_114_fu_3603_p2                                                                              | -    |        | p_Val2_114     | add | fabric | 0       |
|     mul_mul_15ns_15s_30_4_1_U715                                                                       | 1    |        | r_V_539        | mul | dsp48  | 3       |
|     p_Val2_117_fu_3733_p2                                                                              | -    |        | p_Val2_117     | add | fabric | 0       |
|     mul_mul_15ns_15s_30_4_1_U716                                                                       | 1    |        | r_V_540        | mul | dsp48  | 3       |
|     p_Val2_120_fu_3993_p2                                                                              | -    |        | p_Val2_120     | add | fabric | 0       |
|     mul_mul_15ns_15s_30_4_1_U717                                                                       | 1    |        | r_V_541        | mul | dsp48  | 3       |
|     p_Val2_123_fu_4123_p2                                                                              | -    |        | p_Val2_123     | add | fabric | 0       |
|     mul_mul_15ns_15s_30_4_1_U718                                                                       | 1    |        | r_V_542        | mul | dsp48  | 3       |
|     p_Val2_126_fu_4383_p2                                                                              | -    |        | p_Val2_126     | add | fabric | 0       |
|     mul_mul_15ns_15s_30_4_1_U719                                                                       | 1    |        | r_V_543        | mul | dsp48  | 3       |
|     p_Val2_129_fu_4513_p2                                                                              | -    |        | p_Val2_129     | add | fabric | 0       |
|     mul_mul_15ns_15s_30_4_1_U720                                                                       | 1    |        | r_V_544        | mul | dsp48  | 3       |
|     p_Val2_132_fu_4773_p2                                                                              | -    |        | p_Val2_132     | add | fabric | 0       |
|     mul_mul_15ns_15s_30_4_1_U721                                                                       | 1    |        | r_V_545        | mul | dsp48  | 3       |
|     p_Val2_135_fu_4903_p2                                                                              | -    |        | p_Val2_135     | add | fabric | 0       |
|     mul_mul_15ns_15s_30_4_1_U722                                                                       | 1    |        | r_V_546        | mul | dsp48  | 3       |
|     p_Val2_138_fu_5163_p2                                                                              | -    |        | p_Val2_138     | add | fabric | 0       |
|     mul_mul_15ns_15s_30_4_1_U723                                                                       | 1    |        | r_V_547        | mul | dsp48  | 3       |
|     p_Val2_141_fu_5293_p2                                                                              | -    |        | p_Val2_141     | add | fabric | 0       |
|     mul_mul_15ns_15s_30_4_1_U724                                                                       | 1    |        | r_V_548        | mul | dsp48  | 3       |
|     p_Val2_144_fu_5553_p2                                                                              | -    |        | p_Val2_144     | add | fabric | 0       |
|     mul_mul_15ns_15s_30_4_1_U725                                                                       | 1    |        | r_V_549        | mul | dsp48  | 3       |
|     p_Val2_147_fu_5683_p2                                                                              | -    |        | p_Val2_147     | add | fabric | 0       |
|     mul_mul_15ns_15s_30_4_1_U726                                                                       | 1    |        | r_V_550        | mul | dsp48  | 3       |
|     p_Val2_150_fu_5943_p2                                                                              | -    |        | p_Val2_150     | add | fabric | 0       |
|     mul_mul_15ns_15s_30_4_1_U727                                                                       | 1    |        | r_V_551        | mul | dsp48  | 3       |
|     p_Val2_153_fu_6073_p2                                                                              | -    |        | p_Val2_153     | add | fabric | 0       |
|     mul_mul_15ns_15s_30_4_1_U728                                                                       | 1    |        | r_V_552        | mul | dsp48  | 3       |
|     p_Val2_156_fu_6333_p2                                                                              | -    |        | p_Val2_156     | add | fabric | 0       |
|     mul_mul_15ns_15s_30_4_1_U729                                                                       | 1    |        | r_V_553        | mul | dsp48  | 3       |
|     p_Val2_159_fu_6463_p2                                                                              | -    |        | p_Val2_159     | add | fabric | 0       |
|     mul_mul_15ns_15s_30_4_1_U730                                                                       | 1    |        | r_V_554        | mul | dsp48  | 3       |
|     p_Val2_162_fu_6693_p2                                                                              | -    |        | p_Val2_162     | add | fabric | 0       |
|     mul_mul_15ns_15s_30_4_1_U731                                                                       | 1    |        | r_V_555        | mul | dsp48  | 3       |
|     p_Val2_165_fu_6823_p2                                                                              | -    |        | p_Val2_165     | add | fabric | 0       |
|     mul_mul_15ns_15s_30_4_1_U732                                                                       | 1    |        | r_V_556        | mul | dsp48  | 3       |
|     p_Val2_168_fu_7053_p2                                                                              | -    |        | p_Val2_168     | add | fabric | 0       |
|     mul_mul_15ns_15s_30_4_1_U733                                                                       | 1    |        | r_V_557        | mul | dsp48  | 3       |
|     p_Val2_171_fu_7183_p2                                                                              | -    |        | p_Val2_171     | add | fabric | 0       |
|     mul_mul_15ns_15s_30_4_1_U734                                                                       | 1    |        | r_V_558        | mul | dsp48  | 3       |
|     p_Val2_174_fu_7413_p2                                                                              | -    |        | p_Val2_174     | add | fabric | 0       |
|     mul_mul_15ns_15s_30_4_1_U735                                                                       | 1    |        | r_V_559        | mul | dsp48  | 3       |
|     p_Val2_177_fu_7543_p2                                                                              | -    |        | p_Val2_177     | add | fabric | 0       |
|    + gru_cell_step_1_Pipeline_VITIS_LOOP_69_1 (grp_gru_cell_step_1_Pipeline_VITIS_LOOP_69_1_fu_903)    | 35   |        |                |     |        |         |
|      add_ln69_fu_1706_p2                                                                               | -    |        | add_ln69       | add | fabric | 0       |
|      ret_V_714_fu_2345_p2                                                                              | -    |        | ret_V_714      | add | fabric | 0       |
|      ret_V_724_fu_2550_p2                                                                              | -    |        | ret_V_724      | add | fabric | 0       |
|      mul_23s_23s_46_5_1_U436                                                                           | 1    |        | r_V_375        | mul | auto   | 4       |
|      mul_23s_23s_46_5_1_U438                                                                           | 1    |        | r_V_376        | mul | auto   | 4       |
|      mul_23s_23s_46_5_1_U439                                                                           | 1    |        | r_V_378        | mul | auto   | 4       |
|      mul_23s_23s_46_5_1_U442                                                                           | 1    |        | r_V_381        | mul | auto   | 4       |
|      mul_23s_23s_46_5_1_U443                                                                           | 1    |        | r_V_382        | mul | auto   | 4       |
|      ret_V_734_fu_2955_p2                                                                              | -    |        | ret_V_734      | add | fabric | 0       |
|      mul_23s_23s_46_5_1_U446                                                                           | 1    |        | r_V_385        | mul | auto   | 4       |
|      mul_23s_23s_46_5_1_U451                                                                           | 1    |        | r_V_390        | mul | auto   | 4       |
|      mul_23s_23s_46_5_1_U452                                                                           | 1    |        | r_V_391        | mul | auto   | 4       |
|      mul_23s_22s_45_5_1_U453                                                                           | 1    |        | r_V_392        | mul | auto   | 4       |
|      mul_23s_22s_45_5_1_U454                                                                           | 1    |        | r_V_393        | mul | auto   | 4       |
|      mul_23s_23s_46_5_1_U457                                                                           | 1    |        | r_V_394        | mul | auto   | 4       |
|      mul_23s_22s_45_5_1_U455                                                                           | 1    |        | r_V_395        | mul | auto   | 4       |
|      mul_23s_22s_45_5_1_U458                                                                           | 1    |        | r_V_396        | mul | auto   | 4       |
|      mul_23s_23s_46_5_1_U456                                                                           | 1    |        | r_V_397        | mul | auto   | 4       |
|      mul_23s_22s_45_5_1_U459                                                                           | 1    |        | r_V_398        | mul | auto   | 4       |
|      mul_23s_22s_45_5_1_U461                                                                           | 1    |        | r_V_400        | mul | auto   | 4       |
|      mul_23s_22s_45_5_1_U462                                                                           | 1    |        | r_V_401        | mul | auto   | 4       |
|      mul_23s_22s_45_5_1_U463                                                                           | 1    |        | r_V_402        | mul | auto   | 4       |
|      mul_23s_23s_46_5_1_U464                                                                           | 1    |        | r_V_403        | mul | auto   | 4       |
|      ret_V_753_fu_3199_p2                                                                              | -    |        | ret_V_753      | add | fabric | 0       |
|      mul_23s_22s_45_5_1_U465                                                                           | 1    |        | r_V_404        | mul | auto   | 4       |
|      mul_23s_23s_46_5_1_U466                                                                           | 1    |        | r_V_405        | mul | auto   | 4       |
|      mul_23s_23s_46_5_1_U467                                                                           | 1    |        | r_V_406        | mul | auto   | 4       |
|      mul_23s_22s_45_5_1_U468                                                                           | 1    |        | r_V_407        | mul | auto   | 4       |
|      mul_23s_22s_45_5_1_U469                                                                           | 1    |        | r_V_408        | mul | auto   | 4       |
|      mul_23s_22s_45_5_1_U471                                                                           | 1    |        | r_V_410        | mul | auto   | 4       |
|      mul_23s_22s_45_5_1_U472                                                                           | 1    |        | r_V_411        | mul | auto   | 4       |
|      mul_23s_22s_45_5_1_U473                                                                           | 1    |        | r_V_412        | mul | auto   | 4       |
|      mul_23s_22s_45_5_1_U474                                                                           | 1    |        | r_V_413        | mul | auto   | 4       |
|      mul_23s_22s_45_5_1_U476                                                                           | 1    |        | r_V_414        | mul | auto   | 4       |
|      mul_23s_23s_46_5_1_U475                                                                           | 1    |        | r_V_415        | mul | auto   | 4       |
|      mul_23s_22s_45_5_1_U477                                                                           | 1    |        | r_V_416        | mul | auto   | 4       |
|      mul_23s_23s_46_5_1_U478                                                                           | 1    |        | r_V_417        | mul | auto   | 4       |
|      mul_23s_22s_45_5_1_U479                                                                           | 1    |        | r_V_418        | mul | auto   | 4       |
|      mul_23s_23s_46_5_1_U480                                                                           | 1    |        | r_V_419        | mul | auto   | 4       |
|      mul_23s_23s_46_5_1_U481                                                                           | 1    |        | r_V_420        | mul | auto   | 4       |
|      sum_z_V_7_fu_3396_p2                                                                              | -    |        | sum_z_V_7      | add | fabric | 0       |
|      sum_r_V_7_fu_3416_p2                                                                              | -    |        | sum_r_V_7      | add | fabric | 0       |
|      add_ln1347_fu_3433_p2                                                                             | -    |        | add_ln1347     | add | fabric | 0       |
|      add_ln1347_1_fu_3510_p2                                                                           | -    |        | add_ln1347_1   | add | fabric | 0       |
|    + gru_cell_step_1_Pipeline_VITIS_LOOP_120_5 (grp_gru_cell_step_1_Pipeline_VITIS_LOOP_120_5_fu_1089) | 5    |        |                |     |        |         |
|      add_ln120_fu_1137_p2                                                                              | -    |        | add_ln120      | add | fabric | 0       |
|      add_ln1347_544_fu_1453_p2                                                                         | -    |        | add_ln1347_544 | add | fabric | 0       |
|      ret_V_806_fu_1698_p2                                                                              | -    |        | ret_V_806      | add | fabric | 0       |
|      mul_23s_21s_44_5_1_U621                                                                           | 1    |        | r_V_447        | mul | auto   | 4       |
|      mul_23s_21s_44_5_1_U627                                                                           | 1    |        | r_V_453        | mul | auto   | 4       |
|      mul_23s_21s_44_5_1_U628                                                                           | 1    |        | r_V_454        | mul | auto   | 4       |
|      sum_h_V_7_fu_2361_p2                                                                              | -    |        | sum_h_V_7      | add | fabric | 0       |
|      add_ln123_fu_2456_p2                                                                              | -    |        | add_ln123      | add | fabric | 0       |
|      add_ln123_1_fu_2367_p2                                                                            | -    |        | add_ln123_1    | add | fabric | 0       |
|      hh_V_2_fu_2401_p2                                                                                 | -    |        | hh_V_2         | add | fabric | 0       |
|      one_minus_z_V_fu_2562_p2                                                                          | -    |        | one_minus_z_V  | sub | fabric | 0       |
|      mul_mul_15s_15ns_30_4_1_U631                                                                      | 1    |        | r_V_462        | mul | dsp48  | 3       |
|      mul_mul_16s_15s_31_4_1_U632                                                                       | 1    |        | r_V_463        | mul | dsp48  | 3       |
|      ret_V_830_fu_2602_p2                                                                              | -    |        | ret_V_830      | add | fabric | 0       |
|      add_ln823_fu_2625_p2                                                                              | -    |        | add_ln823      | add | fabric | 0       |
|      h_upd_V_7_fu_2649_p2                                                                              | -    |        | h_upd_V_7      | add | fabric | 0       |
|   + lane_worker8_4_Pipeline_VITIS_LOOP_238_7                                                           | 32   |        |                |     |        |         |
|     add_ln238_fu_1022_p2                                                                               | -    |        | add_ln238      | add | fabric | 0       |
|     add_ln247_fu_2268_p2                                                                               | -    |        | add_ln247      | add | fabric | 0       |
|     mul_23s_21ns_44_5_1_U1041                                                                          | 1    |        | r_V            | mul | auto   | 4       |
|     mul_23s_23s_46_5_1_U1042                                                                           | 1    |        | r_V_156        | mul | auto   | 4       |
|     mul_23s_22s_45_5_1_U1043                                                                           | 1    |        | r_V_157        | mul | auto   | 4       |
|     add_ln1347_fu_1281_p2                                                                              | -    |        | add_ln1347     | add | fabric | 0       |
|     mul_23s_22s_45_5_1_U1044                                                                           | 1    |        | r_V_158        | mul | auto   | 4       |
|     ret_V_333_fu_1406_p2                                                                               | -    |        | ret_V_333      | add | fabric | 0       |
|     mul_23s_23s_46_5_1_U1045                                                                           | 1    |        | r_V_159        | mul | auto   | 4       |
|     mul_23s_21s_44_5_1_U1046                                                                           | 1    |        | r_V_160        | mul | auto   | 4       |
|     mul_23s_22s_45_5_1_U1047                                                                           | 1    |        | r_V_161        | mul | auto   | 4       |
|     mul_23s_20ns_43_5_1_U1048                                                                          | 1    |        | r_V_162        | mul | auto   | 4       |
|     mul_23s_22s_45_5_1_U1049                                                                           | 1    |        | r_V_163        | mul | auto   | 4       |
|     mul_23s_22s_45_5_1_U1050                                                                           | 1    |        | r_V_164        | mul | auto   | 4       |
|     mul_23s_22s_45_5_1_U1051                                                                           | 1    |        | r_V_165        | mul | auto   | 4       |
|     mul_23s_22s_45_5_1_U1052                                                                           | 1    |        | r_V_166        | mul | auto   | 4       |
|     mul_23s_23s_46_5_1_U1053                                                                           | 1    |        | r_V_167        | mul | auto   | 4       |
|     mul_23s_22s_45_5_1_U1054                                                                           | 1    |        | r_V_168        | mul | auto   | 4       |
|     mul_23s_22s_45_5_1_U1055                                                                           | 1    |        | r_V_169        | mul | auto   | 4       |
|     mul_23s_22s_45_5_1_U1056                                                                           | 1    |        | r_V_170        | mul | auto   | 4       |
|     mul_23s_21s_44_5_1_U1057                                                                           | 1    |        | r_V_171        | mul | auto   | 4       |
|     mul_23s_22s_45_5_1_U1058                                                                           | 1    |        | r_V_172        | mul | auto   | 4       |
|     mul_23s_22s_45_5_1_U1059                                                                           | 1    |        | r_V_173        | mul | auto   | 4       |
|     mul_23s_20s_43_5_1_U1060                                                                           | 1    |        | r_V_174        | mul | auto   | 4       |
|     mul_23s_22s_45_5_1_U1061                                                                           | 1    |        | r_V_175        | mul | auto   | 4       |
|     mul_23s_22s_45_5_1_U1062                                                                           | 1    |        | r_V_176        | mul | auto   | 4       |
|     mul_23s_22s_45_5_1_U1063                                                                           | 1    |        | r_V_177        | mul | auto   | 4       |
|     mul_23s_22s_45_5_1_U1064                                                                           | 1    |        | r_V_178        | mul | auto   | 4       |
|     mul_23s_21s_44_5_1_U1065                                                                           | 1    |        | r_V_179        | mul | auto   | 4       |
|     mul_23s_21s_44_5_1_U1066                                                                           | 1    |        | r_V_180        | mul | auto   | 4       |
|     mul_23s_22s_45_5_1_U1067                                                                           | 1    |        | r_V_181        | mul | auto   | 4       |
|     mul_23s_22s_45_5_1_U1068                                                                           | 1    |        | r_V_182        | mul | auto   | 4       |
|     mul_23s_21s_44_5_1_U1069                                                                           | 1    |        | r_V_183        | mul | auto   | 4       |
|     mul_23s_22s_45_5_1_U1070                                                                           | 1    |        | r_V_184        | mul | auto   | 4       |
|     mul_23s_21ns_44_5_1_U1071                                                                          | 1    |        | r_V_185        | mul | auto   | 4       |
|     mul_23s_22s_45_5_1_U1072                                                                           | 1    |        | r_V_186        | mul | auto   | 4       |
|     sum_o_V_22_fu_2172_p2                                                                              | -    |        | sum_o_V_22     | add | fabric | 0       |
|     add_ln240_fu_2279_p2                                                                               | -    |        | add_ln240      | add | fabric | 0       |
|     add_ln240_5_fu_2178_p2                                                                             | -    |        | add_ln240_5    | add | fabric | 0       |
|     p_Val2_10_fu_2213_p2                                                                               | -    |        | p_Val2_10      | add | fabric | 0       |
|   + lane_worker8_4_Pipeline_WRITE_PIXEL_T_WRITE_PIXEL_O                                                | 0    |        |                |     |        |         |
|     add_ln21_5_fu_129_p2                                                                               | -    |        | add_ln21_5     | add | fabric | 0       |
|     add_ln21_fu_141_p2                                                                                 | -    |        | add_ln21       | add | fabric | 0       |
|     add_ln22_fu_173_p2                                                                                 | -    |        | add_ln22       | add | fabric | 0       |
|  + lane_worker8_5                                                                                      | 233  |        |                |     |        |         |
|    add_ln7_7_fu_2854_p2                                                                                | -    |        | add_ln7_7      | add | fabric | 0       |
|    add_ln7_8_fu_2860_p2                                                                                | -    |        | add_ln7_8      | add | fabric | 0       |
|    add_ln7_fu_2872_p2                                                                                  | -    |        | add_ln7        | add | fabric | 0       |
|    add_ln9_fu_2882_p2                                                                                  | -    |        | add_ln9        | add | fabric | 0       |
|    add_ln197_fu_2918_p2                                                                                | -    |        | add_ln197      | add | fabric | 0       |
|    add_ln220_fu_2934_p2                                                                                | -    |        | add_ln220      | add | fabric | 0       |
|    sub_ln247_fu_2952_p2                                                                                | -    |        | sub_ln247      | sub | fabric | 0       |
|    add_ln9_4_fu_2961_p2                                                                                | -    |        | add_ln9_4      | add | fabric | 0       |
|   + lane_worker8_5_Pipeline_READ_PIXEL                                                                 | 0    |        |                |     |        |         |
|     add_ln13_fu_100_p2                                                                                 | -    |        | add_ln13       | add | fabric | 0       |
|   + gru_cell_step (grp_gru_cell_step_fu_2302)                                                          | 100  |        |                |     |        |         |
|     mul_mul_15ns_15s_30_4_1_U311                                                                       | 1    |        | r_V_624        | mul | dsp48  | 3       |
|     p_Val2_179_fu_1710_p2                                                                              | -    |        | p_Val2_179     | add | fabric | 0       |
|     mul_mul_15ns_15s_30_4_1_U312                                                                       | 1    |        | r_V_625        | mul | dsp48  | 3       |
|     p_Val2_182_fu_1840_p2                                                                              | -    |        | p_Val2_182     | add | fabric | 0       |
|     mul_mul_15ns_15s_30_4_1_U313                                                                       | 1    |        | r_V_626        | mul | dsp48  | 3       |
|     mul_23s_21s_44_5_1_U358                                                                            | -    |        | p_Val2_185     | add | fabric | 0       |
|     mul_mul_15ns_15s_30_4_1_U314                                                                       | 1    |        | r_V_627        | mul | dsp48  | 3       |
|     p_Val2_188_fu_2204_p2                                                                              | -    |        | p_Val2_188     | add | fabric | 0       |
|     mul_mul_15ns_15s_30_4_1_U315                                                                       | 1    |        | r_V_628        | mul | dsp48  | 3       |
|     mul_23s_22s_45_5_1_U357                                                                            | -    |        | p_Val2_191     | add | fabric | 0       |
|     mul_mul_15ns_15s_30_4_1_U316                                                                       | 1    |        | r_V_629        | mul | dsp48  | 3       |
|     p_Val2_194_fu_2594_p2                                                                              | -    |        | p_Val2_194     | add | fabric | 0       |
|     mul_mul_15ns_15s_30_4_1_U317                                                                       | 1    |        | r_V_630        | mul | dsp48  | 3       |
|     mul_23s_22s_45_5_1_U371                                                                            | -    |        | p_Val2_197     | add | fabric | 0       |
|     mul_mul_15ns_15s_30_4_1_U318                                                                       | 1    |        | r_V_631        | mul | dsp48  | 3       |
|     p_Val2_200_fu_2984_p2                                                                              | -    |        | p_Val2_200     | add | fabric | 0       |
|     mul_mul_15ns_15s_30_4_1_U319                                                                       | 1    |        | r_V_632        | mul | dsp48  | 3       |
|     p_Val2_203_fu_3244_p2                                                                              | -    |        | p_Val2_203     | add | fabric | 0       |
|     mul_mul_15ns_15s_30_4_1_U320                                                                       | 1    |        | r_V_633        | mul | dsp48  | 3       |
|     p_Val2_206_fu_3374_p2                                                                              | -    |        | p_Val2_206     | add | fabric | 0       |
|     mul_mul_15ns_15s_30_4_1_U321                                                                       | 1    |        | r_V_634        | mul | dsp48  | 3       |
|     p_Val2_209_fu_3634_p2                                                                              | -    |        | p_Val2_209     | add | fabric | 0       |
|     mul_mul_15ns_15s_30_4_1_U322                                                                       | 1    |        | r_V_635        | mul | dsp48  | 3       |
|     p_Val2_212_fu_3764_p2                                                                              | -    |        | p_Val2_212     | add | fabric | 0       |
|     mul_mul_15ns_15s_30_4_1_U323                                                                       | 1    |        | r_V_636        | mul | dsp48  | 3       |
|     p_Val2_215_fu_4024_p2                                                                              | -    |        | p_Val2_215     | add | fabric | 0       |
|     mul_mul_15ns_15s_30_4_1_U324                                                                       | 1    |        | r_V_637        | mul | dsp48  | 3       |
|     p_Val2_218_fu_4154_p2                                                                              | -    |        | p_Val2_218     | add | fabric | 0       |
|     mul_mul_15ns_15s_30_4_1_U325                                                                       | 1    |        | r_V_638        | mul | dsp48  | 3       |
|     p_Val2_221_fu_4414_p2                                                                              | -    |        | p_Val2_221     | add | fabric | 0       |
|     mul_mul_15ns_15s_30_4_1_U326                                                                       | 1    |        | r_V_639        | mul | dsp48  | 3       |
|     p_Val2_224_fu_4544_p2                                                                              | -    |        | p_Val2_224     | add | fabric | 0       |
|     mul_mul_15ns_15s_30_4_1_U327                                                                       | 1    |        | r_V_640        | mul | dsp48  | 3       |
|     p_Val2_227_fu_4804_p2                                                                              | -    |        | p_Val2_227     | add | fabric | 0       |
|     mul_mul_15ns_15s_30_4_1_U328                                                                       | 1    |        | r_V_641        | mul | dsp48  | 3       |
|     p_Val2_230_fu_4934_p2                                                                              | -    |        | p_Val2_230     | add | fabric | 0       |
|     mul_mul_15ns_15s_30_4_1_U329                                                                       | 1    |        | r_V_642        | mul | dsp48  | 3       |
|     p_Val2_233_fu_5194_p2                                                                              | -    |        | p_Val2_233     | add | fabric | 0       |
|     mul_mul_15ns_15s_30_4_1_U330                                                                       | 1    |        | r_V_643        | mul | dsp48  | 3       |
|     p_Val2_236_fu_5324_p2                                                                              | -    |        | p_Val2_236     | add | fabric | 0       |
|     mul_mul_15ns_15s_30_4_1_U331                                                                       | 1    |        | r_V_644        | mul | dsp48  | 3       |
|     p_Val2_239_fu_5584_p2                                                                              | -    |        | p_Val2_239     | add | fabric | 0       |
|     mul_mul_15ns_15s_30_4_1_U332                                                                       | 1    |        | r_V_645        | mul | dsp48  | 3       |
|     p_Val2_242_fu_5714_p2                                                                              | -    |        | p_Val2_242     | add | fabric | 0       |
|     mul_mul_15ns_15s_30_4_1_U333                                                                       | 1    |        | r_V_646        | mul | dsp48  | 3       |
|     p_Val2_245_fu_5974_p2                                                                              | -    |        | p_Val2_245     | add | fabric | 0       |
|     mul_mul_15ns_15s_30_4_1_U334                                                                       | 1    |        | r_V_647        | mul | dsp48  | 3       |
|     p_Val2_248_fu_6104_p2                                                                              | -    |        | p_Val2_248     | add | fabric | 0       |
|     mul_mul_15ns_15s_30_4_1_U335                                                                       | 1    |        | r_V_648        | mul | dsp48  | 3       |
|     p_Val2_251_fu_6364_p2                                                                              | -    |        | p_Val2_251     | add | fabric | 0       |
|     mul_mul_15ns_15s_30_4_1_U336                                                                       | 1    |        | r_V_649        | mul | dsp48  | 3       |
|     p_Val2_254_fu_6494_p2                                                                              | -    |        | p_Val2_254     | add | fabric | 0       |
|     mul_mul_15ns_15s_30_4_1_U337                                                                       | 1    |        | r_V_650        | mul | dsp48  | 3       |
|     p_Val2_257_fu_6724_p2                                                                              | -    |        | p_Val2_257     | add | fabric | 0       |
|     mul_mul_15ns_15s_30_4_1_U338                                                                       | 1    |        | r_V_651        | mul | dsp48  | 3       |
|     p_Val2_260_fu_6854_p2                                                                              | -    |        | p_Val2_260     | add | fabric | 0       |
|     mul_mul_15ns_15s_30_4_1_U339                                                                       | 1    |        | r_V_652        | mul | dsp48  | 3       |
|     p_Val2_263_fu_7084_p2                                                                              | -    |        | p_Val2_263     | add | fabric | 0       |
|     mul_mul_15ns_15s_30_4_1_U340                                                                       | 1    |        | r_V_653        | mul | dsp48  | 3       |
|     p_Val2_266_fu_7214_p2                                                                              | -    |        | p_Val2_266     | add | fabric | 0       |
|     mul_mul_15ns_15s_30_4_1_U341                                                                       | 1    |        | r_V_654        | mul | dsp48  | 3       |
|     p_Val2_269_fu_7444_p2                                                                              | -    |        | p_Val2_269     | add | fabric | 0       |
|     mul_mul_15ns_15s_30_4_1_U342                                                                       | 1    |        | r_V_655        | mul | dsp48  | 3       |
|     p_Val2_272_fu_7574_p2                                                                              | -    |        | p_Val2_272     | add | fabric | 0       |
|    + gru_cell_step_Pipeline_VITIS_LOOP_69_1 (grp_gru_cell_step_Pipeline_VITIS_LOOP_69_1_fu_917)        | 33   |        |                |     |        |         |
|      add_ln69_fu_1848_p2                                                                               | -    |        | add_ln69       | add | fabric | 0       |
|      mul_24s_23s_47_3_1_U7                                                                             | 1    | yes    | r_V_250        | mul | dsp    | 2       |
|      ret_V_544_fu_2394_p2                                                                              | -    |        | ret_V_544      | add | fabric | 0       |
|      mul_23s_21s_44_5_1_U34                                                                            | 1    |        | r_V_277        | mul | auto   | 4       |
|      mul_23s_21s_44_5_1_U40                                                                            | 1    |        | r_V_283        | mul | auto   | 4       |
|      mul_23s_22s_45_5_1_U41                                                                            | 1    |        | r_V_284        | mul | auto   | 4       |
|      mul_23s_22s_45_5_1_U42                                                                            | 1    |        | r_V_285        | mul | auto   | 4       |
|      mul_23s_22s_45_5_1_U43                                                                            | 1    |        | r_V_286        | mul | auto   | 4       |
|      mul_23s_22s_45_5_1_U44                                                                            | 1    |        | r_V_287        | mul | auto   | 4       |
|      mul_23s_22s_45_5_1_U45                                                                            | 1    |        | r_V_288        | mul | auto   | 4       |
|      mul_23s_23s_46_5_1_U47                                                                            | 1    |        | r_V_289        | mul | auto   | 4       |
|      mul_23s_22s_45_5_1_U48                                                                            | 1    |        | r_V_291        | mul | auto   | 4       |
|      mul_23s_22s_45_5_1_U49                                                                            | 1    |        | r_V_292        | mul | auto   | 4       |
|      mul_23s_21s_44_5_1_U50                                                                            | 1    |        | r_V_293        | mul | auto   | 4       |
|      mul_23s_22s_45_5_1_U51                                                                            | 1    |        | r_V_294        | mul | auto   | 4       |
|      mul_23s_21s_44_5_1_U52                                                                            | 1    |        | r_V_295        | mul | auto   | 4       |
|      mul_23s_22s_45_5_1_U53                                                                            | 1    |        | r_V_296        | mul | auto   | 4       |
|      mul_23s_22s_45_5_1_U54                                                                            | 1    |        | r_V_297        | mul | auto   | 4       |
|      mul_23s_21s_44_5_1_U55                                                                            | 1    |        | r_V_298        | mul | auto   | 4       |
|      mul_23s_22s_45_5_1_U56                                                                            | 1    |        | r_V_299        | mul | auto   | 4       |
|      mul_23s_23s_46_5_1_U57                                                                            | 1    |        | r_V_300        | mul | auto   | 4       |
|      mul_23s_22s_45_5_1_U58                                                                            | 1    |        | r_V_301        | mul | auto   | 4       |
|      ret_V_594_fu_3575_p2                                                                              | -    |        | ret_V_594      | add | fabric | 0       |
|      mul_23s_22s_45_5_1_U59                                                                            | 1    |        | r_V_302        | mul | auto   | 4       |
|      mul_23s_22s_45_5_1_U60                                                                            | 1    |        | r_V_303        | mul | auto   | 4       |
|      mul_23s_21s_44_5_1_U61                                                                            | 1    |        | r_V_304        | mul | auto   | 4       |
|      mul_23s_21s_44_5_1_U62                                                                            | 1    |        | r_V_305        | mul | auto   | 4       |
|      mul_23s_22s_45_5_1_U63                                                                            | 1    |        | r_V_306        | mul | auto   | 4       |
|      mul_23s_21s_44_5_1_U66                                                                            | 1    |        | r_V_307        | mul | auto   | 4       |
|      mul_23s_22s_45_5_1_U64                                                                            | 1    |        | r_V_308        | mul | auto   | 4       |
|      mul_23s_21s_44_5_1_U67                                                                            | 1    |        | r_V_309        | mul | auto   | 4       |
|      mul_23s_22s_45_5_1_U65                                                                            | 1    |        | r_V_310        | mul | auto   | 4       |
|      mul_23s_22s_45_5_1_U68                                                                            | 1    |        | r_V_311        | mul | auto   | 4       |
|      mul_23s_22s_45_5_1_U69                                                                            | 1    |        | r_V_312        | mul | auto   | 4       |
|      mul_23s_22s_45_5_1_U70                                                                            | 1    |        | r_V_313        | mul | auto   | 4       |
|      mul_23s_22s_45_5_1_U71                                                                            | 1    |        | r_V_314        | mul | auto   | 4       |
|      sum_z_V_4_fu_3737_p2                                                                              | -    |        | sum_z_V_4      | add | fabric | 0       |
|      sum_r_V_4_fu_3717_p2                                                                              | -    |        | sum_r_V_4      | add | fabric | 0       |
|      add_ln1347_fu_3781_p2                                                                             | -    |        | add_ln1347     | add | fabric | 0       |
|      add_ln1347_35_fu_3754_p2                                                                          | -    |        | add_ln1347_35  | add | fabric | 0       |
|    + gru_cell_step_Pipeline_VITIS_LOOP_120_5 (grp_gru_cell_step_Pipeline_VITIS_LOOP_120_5_fu_1107)     | 2    |        |                |     |        |         |
|      add_ln120_fu_1209_p2                                                                              | -    |        | add_ln120      | add | fabric | 0       |
|      ret_V_607_fu_1559_p2                                                                              | -    |        | ret_V_607      | add | fabric | 0       |
|      ret_V_616_fu_1972_p2                                                                              | -    |        | ret_V_616      | add | fabric | 0       |
|      sum_h_V_4_fu_2530_p2                                                                              | -    |        | sum_h_V_4      | add | fabric | 0       |
|      add_ln123_fu_2590_p2                                                                              | -    |        | add_ln123      | add | fabric | 0       |
|      add_ln123_1_fu_2536_p2                                                                            | -    |        | add_ln123_1    | add | fabric | 0       |
|      hh_V_1_fu_2598_p2                                                                                 | -    |        | hh_V_1         | add | fabric | 0       |
|      one_minus_z_V_fu_2711_p2                                                                          | -    |        | one_minus_z_V  | sub | fabric | 0       |
|      mul_mul_15s_15ns_30_4_1_U233                                                                      | 1    |        | r_V_355        | mul | dsp48  | 3       |
|      mul_mul_16s_15s_31_4_1_U234                                                                       | 1    |        | r_V_356        | mul | dsp48  | 3       |
|      ret_V_638_fu_2771_p2                                                                              | -    |        | ret_V_638      | add | fabric | 0       |
|      add_ln823_fu_2794_p2                                                                              | -    |        | add_ln823      | add | fabric | 0       |
|      h_upd_V_4_fu_2818_p2                                                                              | -    |        | h_upd_V_4      | add | fabric | 0       |
|   + gru_cell_step_1 (grp_gru_cell_step_1_fu_2511)                                                      | 101  |        |                |     |        |         |
|     mul_mul_15ns_15s_30_4_1_U704                                                                       | 1    |        | r_V_528        | mul | dsp48  | 3       |
|     p_Val2_28_fu_1679_p2                                                                               | -    |        | p_Val2_28      | add | fabric | 0       |
|     mul_mul_15ns_15s_30_4_1_U705                                                                       | 1    |        | r_V_529        | mul | dsp48  | 3       |
|     p_Val2_37_fu_1809_p2                                                                               | -    |        | p_Val2_37      | add | fabric | 0       |
|     mul_mul_15ns_15s_30_4_1_U706                                                                       | 1    |        | r_V_530        | mul | dsp48  | 3       |
|     mul_23s_22s_45_5_1_U742                                                                            | -    |        | p_Val2_46      | add | fabric | 0       |
|     mul_mul_15ns_15s_30_4_1_U707                                                                       | 1    |        | r_V_531        | mul | dsp48  | 3       |
|     mul_23s_22s_45_5_1_U747                                                                            | -    |        | p_Val2_55      | add | fabric | 0       |
|     mul_23s_22s_45_5_1_U751                                                                            | 1    |        | r_V_532        | mul | dsp48  | 3       |
|     p_Val2_64_fu_2433_p2                                                                               | -    |        | p_Val2_64      | add | fabric | 0       |
|     mul_mul_15ns_15s_30_4_1_U709                                                                       | 1    |        | r_V_533        | mul | dsp48  | 3       |
|     p_Val2_73_fu_2563_p2                                                                               | -    |        | p_Val2_73      | add | fabric | 0       |
|     mul_mul_15ns_15s_30_4_1_U710                                                                       | 1    |        | r_V_534        | mul | dsp48  | 3       |
|     p_Val2_82_fu_2823_p2                                                                               | -    |        | p_Val2_82      | add | fabric | 0       |
|     mul_mul_15ns_15s_30_4_1_U711                                                                       | 1    |        | r_V_535        | mul | dsp48  | 3       |
|     p_Val2_91_fu_2953_p2                                                                               | -    |        | p_Val2_91      | add | fabric | 0       |
|     mul_mul_15ns_15s_30_4_1_U712                                                                       | 1    |        | r_V_536        | mul | dsp48  | 3       |
|     p_Val2_100_fu_3213_p2                                                                              | -    |        | p_Val2_100     | add | fabric | 0       |
|     mul_mul_15ns_15s_30_4_1_U713                                                                       | 1    |        | r_V_537        | mul | dsp48  | 3       |
|     p_Val2_109_fu_3343_p2                                                                              | -    |        | p_Val2_109     | add | fabric | 0       |
|     mul_mul_15ns_15s_30_4_1_U714                                                                       | 1    |        | r_V_538        | mul | dsp48  | 3       |
|     p_Val2_114_fu_3603_p2                                                                              | -    |        | p_Val2_114     | add | fabric | 0       |
|     mul_mul_15ns_15s_30_4_1_U715                                                                       | 1    |        | r_V_539        | mul | dsp48  | 3       |
|     p_Val2_117_fu_3733_p2                                                                              | -    |        | p_Val2_117     | add | fabric | 0       |
|     mul_mul_15ns_15s_30_4_1_U716                                                                       | 1    |        | r_V_540        | mul | dsp48  | 3       |
|     p_Val2_120_fu_3993_p2                                                                              | -    |        | p_Val2_120     | add | fabric | 0       |
|     mul_mul_15ns_15s_30_4_1_U717                                                                       | 1    |        | r_V_541        | mul | dsp48  | 3       |
|     p_Val2_123_fu_4123_p2                                                                              | -    |        | p_Val2_123     | add | fabric | 0       |
|     mul_mul_15ns_15s_30_4_1_U718                                                                       | 1    |        | r_V_542        | mul | dsp48  | 3       |
|     p_Val2_126_fu_4383_p2                                                                              | -    |        | p_Val2_126     | add | fabric | 0       |
|     mul_mul_15ns_15s_30_4_1_U719                                                                       | 1    |        | r_V_543        | mul | dsp48  | 3       |
|     p_Val2_129_fu_4513_p2                                                                              | -    |        | p_Val2_129     | add | fabric | 0       |
|     mul_mul_15ns_15s_30_4_1_U720                                                                       | 1    |        | r_V_544        | mul | dsp48  | 3       |
|     p_Val2_132_fu_4773_p2                                                                              | -    |        | p_Val2_132     | add | fabric | 0       |
|     mul_mul_15ns_15s_30_4_1_U721                                                                       | 1    |        | r_V_545        | mul | dsp48  | 3       |
|     p_Val2_135_fu_4903_p2                                                                              | -    |        | p_Val2_135     | add | fabric | 0       |
|     mul_mul_15ns_15s_30_4_1_U722                                                                       | 1    |        | r_V_546        | mul | dsp48  | 3       |
|     p_Val2_138_fu_5163_p2                                                                              | -    |        | p_Val2_138     | add | fabric | 0       |
|     mul_mul_15ns_15s_30_4_1_U723                                                                       | 1    |        | r_V_547        | mul | dsp48  | 3       |
|     p_Val2_141_fu_5293_p2                                                                              | -    |        | p_Val2_141     | add | fabric | 0       |
|     mul_mul_15ns_15s_30_4_1_U724                                                                       | 1    |        | r_V_548        | mul | dsp48  | 3       |
|     p_Val2_144_fu_5553_p2                                                                              | -    |        | p_Val2_144     | add | fabric | 0       |
|     mul_mul_15ns_15s_30_4_1_U725                                                                       | 1    |        | r_V_549        | mul | dsp48  | 3       |
|     p_Val2_147_fu_5683_p2                                                                              | -    |        | p_Val2_147     | add | fabric | 0       |
|     mul_mul_15ns_15s_30_4_1_U726                                                                       | 1    |        | r_V_550        | mul | dsp48  | 3       |
|     p_Val2_150_fu_5943_p2                                                                              | -    |        | p_Val2_150     | add | fabric | 0       |
|     mul_mul_15ns_15s_30_4_1_U727                                                                       | 1    |        | r_V_551        | mul | dsp48  | 3       |
|     p_Val2_153_fu_6073_p2                                                                              | -    |        | p_Val2_153     | add | fabric | 0       |
|     mul_mul_15ns_15s_30_4_1_U728                                                                       | 1    |        | r_V_552        | mul | dsp48  | 3       |
|     p_Val2_156_fu_6333_p2                                                                              | -    |        | p_Val2_156     | add | fabric | 0       |
|     mul_mul_15ns_15s_30_4_1_U729                                                                       | 1    |        | r_V_553        | mul | dsp48  | 3       |
|     p_Val2_159_fu_6463_p2                                                                              | -    |        | p_Val2_159     | add | fabric | 0       |
|     mul_mul_15ns_15s_30_4_1_U730                                                                       | 1    |        | r_V_554        | mul | dsp48  | 3       |
|     p_Val2_162_fu_6693_p2                                                                              | -    |        | p_Val2_162     | add | fabric | 0       |
|     mul_mul_15ns_15s_30_4_1_U731                                                                       | 1    |        | r_V_555        | mul | dsp48  | 3       |
|     p_Val2_165_fu_6823_p2                                                                              | -    |        | p_Val2_165     | add | fabric | 0       |
|     mul_mul_15ns_15s_30_4_1_U732                                                                       | 1    |        | r_V_556        | mul | dsp48  | 3       |
|     p_Val2_168_fu_7053_p2                                                                              | -    |        | p_Val2_168     | add | fabric | 0       |
|     mul_mul_15ns_15s_30_4_1_U733                                                                       | 1    |        | r_V_557        | mul | dsp48  | 3       |
|     p_Val2_171_fu_7183_p2                                                                              | -    |        | p_Val2_171     | add | fabric | 0       |
|     mul_mul_15ns_15s_30_4_1_U734                                                                       | 1    |        | r_V_558        | mul | dsp48  | 3       |
|     p_Val2_174_fu_7413_p2                                                                              | -    |        | p_Val2_174     | add | fabric | 0       |
|     mul_mul_15ns_15s_30_4_1_U735                                                                       | 1    |        | r_V_559        | mul | dsp48  | 3       |
|     p_Val2_177_fu_7543_p2                                                                              | -    |        | p_Val2_177     | add | fabric | 0       |
|    + gru_cell_step_1_Pipeline_VITIS_LOOP_69_1 (grp_gru_cell_step_1_Pipeline_VITIS_LOOP_69_1_fu_903)    | 35   |        |                |     |        |         |
|      add_ln69_fu_1706_p2                                                                               | -    |        | add_ln69       | add | fabric | 0       |
|      ret_V_714_fu_2345_p2                                                                              | -    |        | ret_V_714      | add | fabric | 0       |
|      ret_V_724_fu_2550_p2                                                                              | -    |        | ret_V_724      | add | fabric | 0       |
|      mul_23s_23s_46_5_1_U436                                                                           | 1    |        | r_V_375        | mul | auto   | 4       |
|      mul_23s_23s_46_5_1_U438                                                                           | 1    |        | r_V_376        | mul | auto   | 4       |
|      mul_23s_23s_46_5_1_U439                                                                           | 1    |        | r_V_378        | mul | auto   | 4       |
|      mul_23s_23s_46_5_1_U442                                                                           | 1    |        | r_V_381        | mul | auto   | 4       |
|      mul_23s_23s_46_5_1_U443                                                                           | 1    |        | r_V_382        | mul | auto   | 4       |
|      ret_V_734_fu_2955_p2                                                                              | -    |        | ret_V_734      | add | fabric | 0       |
|      mul_23s_23s_46_5_1_U446                                                                           | 1    |        | r_V_385        | mul | auto   | 4       |
|      mul_23s_23s_46_5_1_U451                                                                           | 1    |        | r_V_390        | mul | auto   | 4       |
|      mul_23s_23s_46_5_1_U452                                                                           | 1    |        | r_V_391        | mul | auto   | 4       |
|      mul_23s_22s_45_5_1_U453                                                                           | 1    |        | r_V_392        | mul | auto   | 4       |
|      mul_23s_22s_45_5_1_U454                                                                           | 1    |        | r_V_393        | mul | auto   | 4       |
|      mul_23s_23s_46_5_1_U457                                                                           | 1    |        | r_V_394        | mul | auto   | 4       |
|      mul_23s_22s_45_5_1_U455                                                                           | 1    |        | r_V_395        | mul | auto   | 4       |
|      mul_23s_22s_45_5_1_U458                                                                           | 1    |        | r_V_396        | mul | auto   | 4       |
|      mul_23s_23s_46_5_1_U456                                                                           | 1    |        | r_V_397        | mul | auto   | 4       |
|      mul_23s_22s_45_5_1_U459                                                                           | 1    |        | r_V_398        | mul | auto   | 4       |
|      mul_23s_22s_45_5_1_U461                                                                           | 1    |        | r_V_400        | mul | auto   | 4       |
|      mul_23s_22s_45_5_1_U462                                                                           | 1    |        | r_V_401        | mul | auto   | 4       |
|      mul_23s_22s_45_5_1_U463                                                                           | 1    |        | r_V_402        | mul | auto   | 4       |
|      mul_23s_23s_46_5_1_U464                                                                           | 1    |        | r_V_403        | mul | auto   | 4       |
|      ret_V_753_fu_3199_p2                                                                              | -    |        | ret_V_753      | add | fabric | 0       |
|      mul_23s_22s_45_5_1_U465                                                                           | 1    |        | r_V_404        | mul | auto   | 4       |
|      mul_23s_23s_46_5_1_U466                                                                           | 1    |        | r_V_405        | mul | auto   | 4       |
|      mul_23s_23s_46_5_1_U467                                                                           | 1    |        | r_V_406        | mul | auto   | 4       |
|      mul_23s_22s_45_5_1_U468                                                                           | 1    |        | r_V_407        | mul | auto   | 4       |
|      mul_23s_22s_45_5_1_U469                                                                           | 1    |        | r_V_408        | mul | auto   | 4       |
|      mul_23s_22s_45_5_1_U471                                                                           | 1    |        | r_V_410        | mul | auto   | 4       |
|      mul_23s_22s_45_5_1_U472                                                                           | 1    |        | r_V_411        | mul | auto   | 4       |
|      mul_23s_22s_45_5_1_U473                                                                           | 1    |        | r_V_412        | mul | auto   | 4       |
|      mul_23s_22s_45_5_1_U474                                                                           | 1    |        | r_V_413        | mul | auto   | 4       |
|      mul_23s_22s_45_5_1_U476                                                                           | 1    |        | r_V_414        | mul | auto   | 4       |
|      mul_23s_23s_46_5_1_U475                                                                           | 1    |        | r_V_415        | mul | auto   | 4       |
|      mul_23s_22s_45_5_1_U477                                                                           | 1    |        | r_V_416        | mul | auto   | 4       |
|      mul_23s_23s_46_5_1_U478                                                                           | 1    |        | r_V_417        | mul | auto   | 4       |
|      mul_23s_22s_45_5_1_U479                                                                           | 1    |        | r_V_418        | mul | auto   | 4       |
|      mul_23s_23s_46_5_1_U480                                                                           | 1    |        | r_V_419        | mul | auto   | 4       |
|      mul_23s_23s_46_5_1_U481                                                                           | 1    |        | r_V_420        | mul | auto   | 4       |
|      sum_z_V_7_fu_3396_p2                                                                              | -    |        | sum_z_V_7      | add | fabric | 0       |
|      sum_r_V_7_fu_3416_p2                                                                              | -    |        | sum_r_V_7      | add | fabric | 0       |
|      add_ln1347_fu_3433_p2                                                                             | -    |        | add_ln1347     | add | fabric | 0       |
|      add_ln1347_1_fu_3510_p2                                                                           | -    |        | add_ln1347_1   | add | fabric | 0       |
|    + gru_cell_step_1_Pipeline_VITIS_LOOP_120_5 (grp_gru_cell_step_1_Pipeline_VITIS_LOOP_120_5_fu_1089) | 5    |        |                |     |        |         |
|      add_ln120_fu_1137_p2                                                                              | -    |        | add_ln120      | add | fabric | 0       |
|      add_ln1347_544_fu_1453_p2                                                                         | -    |        | add_ln1347_544 | add | fabric | 0       |
|      ret_V_806_fu_1698_p2                                                                              | -    |        | ret_V_806      | add | fabric | 0       |
|      mul_23s_21s_44_5_1_U621                                                                           | 1    |        | r_V_447        | mul | auto   | 4       |
|      mul_23s_21s_44_5_1_U627                                                                           | 1    |        | r_V_453        | mul | auto   | 4       |
|      mul_23s_21s_44_5_1_U628                                                                           | 1    |        | r_V_454        | mul | auto   | 4       |
|      sum_h_V_7_fu_2361_p2                                                                              | -    |        | sum_h_V_7      | add | fabric | 0       |
|      add_ln123_fu_2456_p2                                                                              | -    |        | add_ln123      | add | fabric | 0       |
|      add_ln123_1_fu_2367_p2                                                                            | -    |        | add_ln123_1    | add | fabric | 0       |
|      hh_V_2_fu_2401_p2                                                                                 | -    |        | hh_V_2         | add | fabric | 0       |
|      one_minus_z_V_fu_2562_p2                                                                          | -    |        | one_minus_z_V  | sub | fabric | 0       |
|      mul_mul_15s_15ns_30_4_1_U631                                                                      | 1    |        | r_V_462        | mul | dsp48  | 3       |
|      mul_mul_16s_15s_31_4_1_U632                                                                       | 1    |        | r_V_463        | mul | dsp48  | 3       |
|      ret_V_830_fu_2602_p2                                                                              | -    |        | ret_V_830      | add | fabric | 0       |
|      add_ln823_fu_2625_p2                                                                              | -    |        | add_ln823      | add | fabric | 0       |
|      h_upd_V_7_fu_2649_p2                                                                              | -    |        | h_upd_V_7      | add | fabric | 0       |
|   + lane_worker8_5_Pipeline_VITIS_LOOP_238_7                                                           | 32   |        |                |     |        |         |
|     add_ln238_fu_1022_p2                                                                               | -    |        | add_ln238      | add | fabric | 0       |
|     add_ln247_fu_2268_p2                                                                               | -    |        | add_ln247      | add | fabric | 0       |
|     mul_23s_21ns_44_5_1_U1118                                                                          | 1    |        | r_V            | mul | auto   | 4       |
|     mul_23s_23s_46_5_1_U1119                                                                           | 1    |        | r_V_125        | mul | auto   | 4       |
|     mul_23s_22s_45_5_1_U1120                                                                           | 1    |        | r_V_126        | mul | auto   | 4       |
|     add_ln1347_fu_1281_p2                                                                              | -    |        | add_ln1347     | add | fabric | 0       |
|     mul_23s_22s_45_5_1_U1121                                                                           | 1    |        | r_V_127        | mul | auto   | 4       |
|     ret_V_273_fu_1406_p2                                                                               | -    |        | ret_V_273      | add | fabric | 0       |
|     mul_23s_23s_46_5_1_U1122                                                                           | 1    |        | r_V_128        | mul | auto   | 4       |
|     mul_23s_21s_44_5_1_U1123                                                                           | 1    |        | r_V_129        | mul | auto   | 4       |
|     mul_23s_22s_45_5_1_U1124                                                                           | 1    |        | r_V_130        | mul | auto   | 4       |
|     mul_23s_20ns_43_5_1_U1125                                                                          | 1    |        | r_V_131        | mul | auto   | 4       |
|     mul_23s_22s_45_5_1_U1126                                                                           | 1    |        | r_V_132        | mul | auto   | 4       |
|     mul_23s_22s_45_5_1_U1127                                                                           | 1    |        | r_V_133        | mul | auto   | 4       |
|     mul_23s_22s_45_5_1_U1128                                                                           | 1    |        | r_V_134        | mul | auto   | 4       |
|     mul_23s_22s_45_5_1_U1129                                                                           | 1    |        | r_V_135        | mul | auto   | 4       |
|     mul_23s_23s_46_5_1_U1130                                                                           | 1    |        | r_V_136        | mul | auto   | 4       |
|     mul_23s_22s_45_5_1_U1131                                                                           | 1    |        | r_V_137        | mul | auto   | 4       |
|     mul_23s_22s_45_5_1_U1132                                                                           | 1    |        | r_V_138        | mul | auto   | 4       |
|     mul_23s_22s_45_5_1_U1133                                                                           | 1    |        | r_V_139        | mul | auto   | 4       |
|     mul_23s_21s_44_5_1_U1134                                                                           | 1    |        | r_V_140        | mul | auto   | 4       |
|     mul_23s_22s_45_5_1_U1135                                                                           | 1    |        | r_V_141        | mul | auto   | 4       |
|     mul_23s_22s_45_5_1_U1136                                                                           | 1    |        | r_V_142        | mul | auto   | 4       |
|     mul_23s_20s_43_5_1_U1137                                                                           | 1    |        | r_V_143        | mul | auto   | 4       |
|     mul_23s_22s_45_5_1_U1138                                                                           | 1    |        | r_V_144        | mul | auto   | 4       |
|     mul_23s_22s_45_5_1_U1139                                                                           | 1    |        | r_V_145        | mul | auto   | 4       |
|     mul_23s_22s_45_5_1_U1140                                                                           | 1    |        | r_V_146        | mul | auto   | 4       |
|     mul_23s_22s_45_5_1_U1141                                                                           | 1    |        | r_V_147        | mul | auto   | 4       |
|     mul_23s_21s_44_5_1_U1142                                                                           | 1    |        | r_V_148        | mul | auto   | 4       |
|     mul_23s_21s_44_5_1_U1143                                                                           | 1    |        | r_V_149        | mul | auto   | 4       |
|     mul_23s_22s_45_5_1_U1144                                                                           | 1    |        | r_V_150        | mul | auto   | 4       |
|     mul_23s_22s_45_5_1_U1145                                                                           | 1    |        | r_V_151        | mul | auto   | 4       |
|     mul_23s_21s_44_5_1_U1146                                                                           | 1    |        | r_V_152        | mul | auto   | 4       |
|     mul_23s_22s_45_5_1_U1147                                                                           | 1    |        | r_V_153        | mul | auto   | 4       |
|     mul_23s_21ns_44_5_1_U1148                                                                          | 1    |        | r_V_154        | mul | auto   | 4       |
|     mul_23s_22s_45_5_1_U1149                                                                           | 1    |        | r_V_155        | mul | auto   | 4       |
|     sum_o_V_18_fu_2172_p2                                                                              | -    |        | sum_o_V_18     | add | fabric | 0       |
|     add_ln240_fu_2279_p2                                                                               | -    |        | add_ln240      | add | fabric | 0       |
|     add_ln240_4_fu_2178_p2                                                                             | -    |        | add_ln240_4    | add | fabric | 0       |
|     p_Val2_8_fu_2213_p2                                                                                | -    |        | p_Val2_8       | add | fabric | 0       |
|   + lane_worker8_5_Pipeline_WRITE_PIXEL_T_WRITE_PIXEL_O                                                | 0    |        |                |     |        |         |
|     add_ln21_4_fu_129_p2                                                                               | -    |        | add_ln21_4     | add | fabric | 0       |
|     add_ln21_fu_141_p2                                                                                 | -    |        | add_ln21       | add | fabric | 0       |
|     add_ln22_fu_173_p2                                                                                 | -    |        | add_ln22       | add | fabric | 0       |
|  + lane_worker8_6                                                                                      | 233  |        |                |     |        |         |
|    add_ln7_5_fu_2854_p2                                                                                | -    |        | add_ln7_5      | add | fabric | 0       |
|    add_ln7_6_fu_2860_p2                                                                                | -    |        | add_ln7_6      | add | fabric | 0       |
|    add_ln7_fu_2872_p2                                                                                  | -    |        | add_ln7        | add | fabric | 0       |
|    add_ln9_fu_2882_p2                                                                                  | -    |        | add_ln9        | add | fabric | 0       |
|    add_ln197_fu_2918_p2                                                                                | -    |        | add_ln197      | add | fabric | 0       |
|    add_ln220_fu_2934_p2                                                                                | -    |        | add_ln220      | add | fabric | 0       |
|    sub_ln247_fu_2952_p2                                                                                | -    |        | sub_ln247      | sub | fabric | 0       |
|    add_ln9_3_fu_2961_p2                                                                                | -    |        | add_ln9_3      | add | fabric | 0       |
|   + lane_worker8_6_Pipeline_READ_PIXEL                                                                 | 0    |        |                |     |        |         |
|     add_ln13_fu_100_p2                                                                                 | -    |        | add_ln13       | add | fabric | 0       |
|   + gru_cell_step (grp_gru_cell_step_fu_2302)                                                          | 100  |        |                |     |        |         |
|     mul_mul_15ns_15s_30_4_1_U311                                                                       | 1    |        | r_V_624        | mul | dsp48  | 3       |
|     p_Val2_179_fu_1710_p2                                                                              | -    |        | p_Val2_179     | add | fabric | 0       |
|     mul_mul_15ns_15s_30_4_1_U312                                                                       | 1    |        | r_V_625        | mul | dsp48  | 3       |
|     p_Val2_182_fu_1840_p2                                                                              | -    |        | p_Val2_182     | add | fabric | 0       |
|     mul_mul_15ns_15s_30_4_1_U313                                                                       | 1    |        | r_V_626        | mul | dsp48  | 3       |
|     mul_23s_21s_44_5_1_U358                                                                            | -    |        | p_Val2_185     | add | fabric | 0       |
|     mul_mul_15ns_15s_30_4_1_U314                                                                       | 1    |        | r_V_627        | mul | dsp48  | 3       |
|     p_Val2_188_fu_2204_p2                                                                              | -    |        | p_Val2_188     | add | fabric | 0       |
|     mul_mul_15ns_15s_30_4_1_U315                                                                       | 1    |        | r_V_628        | mul | dsp48  | 3       |
|     mul_23s_22s_45_5_1_U357                                                                            | -    |        | p_Val2_191     | add | fabric | 0       |
|     mul_mul_15ns_15s_30_4_1_U316                                                                       | 1    |        | r_V_629        | mul | dsp48  | 3       |
|     p_Val2_194_fu_2594_p2                                                                              | -    |        | p_Val2_194     | add | fabric | 0       |
|     mul_mul_15ns_15s_30_4_1_U317                                                                       | 1    |        | r_V_630        | mul | dsp48  | 3       |
|     mul_23s_22s_45_5_1_U371                                                                            | -    |        | p_Val2_197     | add | fabric | 0       |
|     mul_mul_15ns_15s_30_4_1_U318                                                                       | 1    |        | r_V_631        | mul | dsp48  | 3       |
|     p_Val2_200_fu_2984_p2                                                                              | -    |        | p_Val2_200     | add | fabric | 0       |
|     mul_mul_15ns_15s_30_4_1_U319                                                                       | 1    |        | r_V_632        | mul | dsp48  | 3       |
|     p_Val2_203_fu_3244_p2                                                                              | -    |        | p_Val2_203     | add | fabric | 0       |
|     mul_mul_15ns_15s_30_4_1_U320                                                                       | 1    |        | r_V_633        | mul | dsp48  | 3       |
|     p_Val2_206_fu_3374_p2                                                                              | -    |        | p_Val2_206     | add | fabric | 0       |
|     mul_mul_15ns_15s_30_4_1_U321                                                                       | 1    |        | r_V_634        | mul | dsp48  | 3       |
|     p_Val2_209_fu_3634_p2                                                                              | -    |        | p_Val2_209     | add | fabric | 0       |
|     mul_mul_15ns_15s_30_4_1_U322                                                                       | 1    |        | r_V_635        | mul | dsp48  | 3       |
|     p_Val2_212_fu_3764_p2                                                                              | -    |        | p_Val2_212     | add | fabric | 0       |
|     mul_mul_15ns_15s_30_4_1_U323                                                                       | 1    |        | r_V_636        | mul | dsp48  | 3       |
|     p_Val2_215_fu_4024_p2                                                                              | -    |        | p_Val2_215     | add | fabric | 0       |
|     mul_mul_15ns_15s_30_4_1_U324                                                                       | 1    |        | r_V_637        | mul | dsp48  | 3       |
|     p_Val2_218_fu_4154_p2                                                                              | -    |        | p_Val2_218     | add | fabric | 0       |
|     mul_mul_15ns_15s_30_4_1_U325                                                                       | 1    |        | r_V_638        | mul | dsp48  | 3       |
|     p_Val2_221_fu_4414_p2                                                                              | -    |        | p_Val2_221     | add | fabric | 0       |
|     mul_mul_15ns_15s_30_4_1_U326                                                                       | 1    |        | r_V_639        | mul | dsp48  | 3       |
|     p_Val2_224_fu_4544_p2                                                                              | -    |        | p_Val2_224     | add | fabric | 0       |
|     mul_mul_15ns_15s_30_4_1_U327                                                                       | 1    |        | r_V_640        | mul | dsp48  | 3       |
|     p_Val2_227_fu_4804_p2                                                                              | -    |        | p_Val2_227     | add | fabric | 0       |
|     mul_mul_15ns_15s_30_4_1_U328                                                                       | 1    |        | r_V_641        | mul | dsp48  | 3       |
|     p_Val2_230_fu_4934_p2                                                                              | -    |        | p_Val2_230     | add | fabric | 0       |
|     mul_mul_15ns_15s_30_4_1_U329                                                                       | 1    |        | r_V_642        | mul | dsp48  | 3       |
|     p_Val2_233_fu_5194_p2                                                                              | -    |        | p_Val2_233     | add | fabric | 0       |
|     mul_mul_15ns_15s_30_4_1_U330                                                                       | 1    |        | r_V_643        | mul | dsp48  | 3       |
|     p_Val2_236_fu_5324_p2                                                                              | -    |        | p_Val2_236     | add | fabric | 0       |
|     mul_mul_15ns_15s_30_4_1_U331                                                                       | 1    |        | r_V_644        | mul | dsp48  | 3       |
|     p_Val2_239_fu_5584_p2                                                                              | -    |        | p_Val2_239     | add | fabric | 0       |
|     mul_mul_15ns_15s_30_4_1_U332                                                                       | 1    |        | r_V_645        | mul | dsp48  | 3       |
|     p_Val2_242_fu_5714_p2                                                                              | -    |        | p_Val2_242     | add | fabric | 0       |
|     mul_mul_15ns_15s_30_4_1_U333                                                                       | 1    |        | r_V_646        | mul | dsp48  | 3       |
|     p_Val2_245_fu_5974_p2                                                                              | -    |        | p_Val2_245     | add | fabric | 0       |
|     mul_mul_15ns_15s_30_4_1_U334                                                                       | 1    |        | r_V_647        | mul | dsp48  | 3       |
|     p_Val2_248_fu_6104_p2                                                                              | -    |        | p_Val2_248     | add | fabric | 0       |
|     mul_mul_15ns_15s_30_4_1_U335                                                                       | 1    |        | r_V_648        | mul | dsp48  | 3       |
|     p_Val2_251_fu_6364_p2                                                                              | -    |        | p_Val2_251     | add | fabric | 0       |
|     mul_mul_15ns_15s_30_4_1_U336                                                                       | 1    |        | r_V_649        | mul | dsp48  | 3       |
|     p_Val2_254_fu_6494_p2                                                                              | -    |        | p_Val2_254     | add | fabric | 0       |
|     mul_mul_15ns_15s_30_4_1_U337                                                                       | 1    |        | r_V_650        | mul | dsp48  | 3       |
|     p_Val2_257_fu_6724_p2                                                                              | -    |        | p_Val2_257     | add | fabric | 0       |
|     mul_mul_15ns_15s_30_4_1_U338                                                                       | 1    |        | r_V_651        | mul | dsp48  | 3       |
|     p_Val2_260_fu_6854_p2                                                                              | -    |        | p_Val2_260     | add | fabric | 0       |
|     mul_mul_15ns_15s_30_4_1_U339                                                                       | 1    |        | r_V_652        | mul | dsp48  | 3       |
|     p_Val2_263_fu_7084_p2                                                                              | -    |        | p_Val2_263     | add | fabric | 0       |
|     mul_mul_15ns_15s_30_4_1_U340                                                                       | 1    |        | r_V_653        | mul | dsp48  | 3       |
|     p_Val2_266_fu_7214_p2                                                                              | -    |        | p_Val2_266     | add | fabric | 0       |
|     mul_mul_15ns_15s_30_4_1_U341                                                                       | 1    |        | r_V_654        | mul | dsp48  | 3       |
|     p_Val2_269_fu_7444_p2                                                                              | -    |        | p_Val2_269     | add | fabric | 0       |
|     mul_mul_15ns_15s_30_4_1_U342                                                                       | 1    |        | r_V_655        | mul | dsp48  | 3       |
|     p_Val2_272_fu_7574_p2                                                                              | -    |        | p_Val2_272     | add | fabric | 0       |
|    + gru_cell_step_Pipeline_VITIS_LOOP_69_1 (grp_gru_cell_step_Pipeline_VITIS_LOOP_69_1_fu_917)        | 33   |        |                |     |        |         |
|      add_ln69_fu_1848_p2                                                                               | -    |        | add_ln69       | add | fabric | 0       |
|      mul_24s_23s_47_3_1_U7                                                                             | 1    | yes    | r_V_250        | mul | dsp    | 2       |
|      ret_V_544_fu_2394_p2                                                                              | -    |        | ret_V_544      | add | fabric | 0       |
|      mul_23s_21s_44_5_1_U34                                                                            | 1    |        | r_V_277        | mul | auto   | 4       |
|      mul_23s_21s_44_5_1_U40                                                                            | 1    |        | r_V_283        | mul | auto   | 4       |
|      mul_23s_22s_45_5_1_U41                                                                            | 1    |        | r_V_284        | mul | auto   | 4       |
|      mul_23s_22s_45_5_1_U42                                                                            | 1    |        | r_V_285        | mul | auto   | 4       |
|      mul_23s_22s_45_5_1_U43                                                                            | 1    |        | r_V_286        | mul | auto   | 4       |
|      mul_23s_22s_45_5_1_U44                                                                            | 1    |        | r_V_287        | mul | auto   | 4       |
|      mul_23s_22s_45_5_1_U45                                                                            | 1    |        | r_V_288        | mul | auto   | 4       |
|      mul_23s_23s_46_5_1_U47                                                                            | 1    |        | r_V_289        | mul | auto   | 4       |
|      mul_23s_22s_45_5_1_U48                                                                            | 1    |        | r_V_291        | mul | auto   | 4       |
|      mul_23s_22s_45_5_1_U49                                                                            | 1    |        | r_V_292        | mul | auto   | 4       |
|      mul_23s_21s_44_5_1_U50                                                                            | 1    |        | r_V_293        | mul | auto   | 4       |
|      mul_23s_22s_45_5_1_U51                                                                            | 1    |        | r_V_294        | mul | auto   | 4       |
|      mul_23s_21s_44_5_1_U52                                                                            | 1    |        | r_V_295        | mul | auto   | 4       |
|      mul_23s_22s_45_5_1_U53                                                                            | 1    |        | r_V_296        | mul | auto   | 4       |
|      mul_23s_22s_45_5_1_U54                                                                            | 1    |        | r_V_297        | mul | auto   | 4       |
|      mul_23s_21s_44_5_1_U55                                                                            | 1    |        | r_V_298        | mul | auto   | 4       |
|      mul_23s_22s_45_5_1_U56                                                                            | 1    |        | r_V_299        | mul | auto   | 4       |
|      mul_23s_23s_46_5_1_U57                                                                            | 1    |        | r_V_300        | mul | auto   | 4       |
|      mul_23s_22s_45_5_1_U58                                                                            | 1    |        | r_V_301        | mul | auto   | 4       |
|      ret_V_594_fu_3575_p2                                                                              | -    |        | ret_V_594      | add | fabric | 0       |
|      mul_23s_22s_45_5_1_U59                                                                            | 1    |        | r_V_302        | mul | auto   | 4       |
|      mul_23s_22s_45_5_1_U60                                                                            | 1    |        | r_V_303        | mul | auto   | 4       |
|      mul_23s_21s_44_5_1_U61                                                                            | 1    |        | r_V_304        | mul | auto   | 4       |
|      mul_23s_21s_44_5_1_U62                                                                            | 1    |        | r_V_305        | mul | auto   | 4       |
|      mul_23s_22s_45_5_1_U63                                                                            | 1    |        | r_V_306        | mul | auto   | 4       |
|      mul_23s_21s_44_5_1_U66                                                                            | 1    |        | r_V_307        | mul | auto   | 4       |
|      mul_23s_22s_45_5_1_U64                                                                            | 1    |        | r_V_308        | mul | auto   | 4       |
|      mul_23s_21s_44_5_1_U67                                                                            | 1    |        | r_V_309        | mul | auto   | 4       |
|      mul_23s_22s_45_5_1_U65                                                                            | 1    |        | r_V_310        | mul | auto   | 4       |
|      mul_23s_22s_45_5_1_U68                                                                            | 1    |        | r_V_311        | mul | auto   | 4       |
|      mul_23s_22s_45_5_1_U69                                                                            | 1    |        | r_V_312        | mul | auto   | 4       |
|      mul_23s_22s_45_5_1_U70                                                                            | 1    |        | r_V_313        | mul | auto   | 4       |
|      mul_23s_22s_45_5_1_U71                                                                            | 1    |        | r_V_314        | mul | auto   | 4       |
|      sum_z_V_4_fu_3737_p2                                                                              | -    |        | sum_z_V_4      | add | fabric | 0       |
|      sum_r_V_4_fu_3717_p2                                                                              | -    |        | sum_r_V_4      | add | fabric | 0       |
|      add_ln1347_fu_3781_p2                                                                             | -    |        | add_ln1347     | add | fabric | 0       |
|      add_ln1347_35_fu_3754_p2                                                                          | -    |        | add_ln1347_35  | add | fabric | 0       |
|    + gru_cell_step_Pipeline_VITIS_LOOP_120_5 (grp_gru_cell_step_Pipeline_VITIS_LOOP_120_5_fu_1107)     | 2    |        |                |     |        |         |
|      add_ln120_fu_1209_p2                                                                              | -    |        | add_ln120      | add | fabric | 0       |
|      ret_V_607_fu_1559_p2                                                                              | -    |        | ret_V_607      | add | fabric | 0       |
|      ret_V_616_fu_1972_p2                                                                              | -    |        | ret_V_616      | add | fabric | 0       |
|      sum_h_V_4_fu_2530_p2                                                                              | -    |        | sum_h_V_4      | add | fabric | 0       |
|      add_ln123_fu_2590_p2                                                                              | -    |        | add_ln123      | add | fabric | 0       |
|      add_ln123_1_fu_2536_p2                                                                            | -    |        | add_ln123_1    | add | fabric | 0       |
|      hh_V_1_fu_2598_p2                                                                                 | -    |        | hh_V_1         | add | fabric | 0       |
|      one_minus_z_V_fu_2711_p2                                                                          | -    |        | one_minus_z_V  | sub | fabric | 0       |
|      mul_mul_15s_15ns_30_4_1_U233                                                                      | 1    |        | r_V_355        | mul | dsp48  | 3       |
|      mul_mul_16s_15s_31_4_1_U234                                                                       | 1    |        | r_V_356        | mul | dsp48  | 3       |
|      ret_V_638_fu_2771_p2                                                                              | -    |        | ret_V_638      | add | fabric | 0       |
|      add_ln823_fu_2794_p2                                                                              | -    |        | add_ln823      | add | fabric | 0       |
|      h_upd_V_4_fu_2818_p2                                                                              | -    |        | h_upd_V_4      | add | fabric | 0       |
|   + gru_cell_step_1 (grp_gru_cell_step_1_fu_2511)                                                      | 101  |        |                |     |        |         |
|     mul_mul_15ns_15s_30_4_1_U704                                                                       | 1    |        | r_V_528        | mul | dsp48  | 3       |
|     p_Val2_28_fu_1679_p2                                                                               | -    |        | p_Val2_28      | add | fabric | 0       |
|     mul_mul_15ns_15s_30_4_1_U705                                                                       | 1    |        | r_V_529        | mul | dsp48  | 3       |
|     p_Val2_37_fu_1809_p2                                                                               | -    |        | p_Val2_37      | add | fabric | 0       |
|     mul_mul_15ns_15s_30_4_1_U706                                                                       | 1    |        | r_V_530        | mul | dsp48  | 3       |
|     mul_23s_22s_45_5_1_U742                                                                            | -    |        | p_Val2_46      | add | fabric | 0       |
|     mul_mul_15ns_15s_30_4_1_U707                                                                       | 1    |        | r_V_531        | mul | dsp48  | 3       |
|     mul_23s_22s_45_5_1_U747                                                                            | -    |        | p_Val2_55      | add | fabric | 0       |
|     mul_23s_22s_45_5_1_U751                                                                            | 1    |        | r_V_532        | mul | dsp48  | 3       |
|     p_Val2_64_fu_2433_p2                                                                               | -    |        | p_Val2_64      | add | fabric | 0       |
|     mul_mul_15ns_15s_30_4_1_U709                                                                       | 1    |        | r_V_533        | mul | dsp48  | 3       |
|     p_Val2_73_fu_2563_p2                                                                               | -    |        | p_Val2_73      | add | fabric | 0       |
|     mul_mul_15ns_15s_30_4_1_U710                                                                       | 1    |        | r_V_534        | mul | dsp48  | 3       |
|     p_Val2_82_fu_2823_p2                                                                               | -    |        | p_Val2_82      | add | fabric | 0       |
|     mul_mul_15ns_15s_30_4_1_U711                                                                       | 1    |        | r_V_535        | mul | dsp48  | 3       |
|     p_Val2_91_fu_2953_p2                                                                               | -    |        | p_Val2_91      | add | fabric | 0       |
|     mul_mul_15ns_15s_30_4_1_U712                                                                       | 1    |        | r_V_536        | mul | dsp48  | 3       |
|     p_Val2_100_fu_3213_p2                                                                              | -    |        | p_Val2_100     | add | fabric | 0       |
|     mul_mul_15ns_15s_30_4_1_U713                                                                       | 1    |        | r_V_537        | mul | dsp48  | 3       |
|     p_Val2_109_fu_3343_p2                                                                              | -    |        | p_Val2_109     | add | fabric | 0       |
|     mul_mul_15ns_15s_30_4_1_U714                                                                       | 1    |        | r_V_538        | mul | dsp48  | 3       |
|     p_Val2_114_fu_3603_p2                                                                              | -    |        | p_Val2_114     | add | fabric | 0       |
|     mul_mul_15ns_15s_30_4_1_U715                                                                       | 1    |        | r_V_539        | mul | dsp48  | 3       |
|     p_Val2_117_fu_3733_p2                                                                              | -    |        | p_Val2_117     | add | fabric | 0       |
|     mul_mul_15ns_15s_30_4_1_U716                                                                       | 1    |        | r_V_540        | mul | dsp48  | 3       |
|     p_Val2_120_fu_3993_p2                                                                              | -    |        | p_Val2_120     | add | fabric | 0       |
|     mul_mul_15ns_15s_30_4_1_U717                                                                       | 1    |        | r_V_541        | mul | dsp48  | 3       |
|     p_Val2_123_fu_4123_p2                                                                              | -    |        | p_Val2_123     | add | fabric | 0       |
|     mul_mul_15ns_15s_30_4_1_U718                                                                       | 1    |        | r_V_542        | mul | dsp48  | 3       |
|     p_Val2_126_fu_4383_p2                                                                              | -    |        | p_Val2_126     | add | fabric | 0       |
|     mul_mul_15ns_15s_30_4_1_U719                                                                       | 1    |        | r_V_543        | mul | dsp48  | 3       |
|     p_Val2_129_fu_4513_p2                                                                              | -    |        | p_Val2_129     | add | fabric | 0       |
|     mul_mul_15ns_15s_30_4_1_U720                                                                       | 1    |        | r_V_544        | mul | dsp48  | 3       |
|     p_Val2_132_fu_4773_p2                                                                              | -    |        | p_Val2_132     | add | fabric | 0       |
|     mul_mul_15ns_15s_30_4_1_U721                                                                       | 1    |        | r_V_545        | mul | dsp48  | 3       |
|     p_Val2_135_fu_4903_p2                                                                              | -    |        | p_Val2_135     | add | fabric | 0       |
|     mul_mul_15ns_15s_30_4_1_U722                                                                       | 1    |        | r_V_546        | mul | dsp48  | 3       |
|     p_Val2_138_fu_5163_p2                                                                              | -    |        | p_Val2_138     | add | fabric | 0       |
|     mul_mul_15ns_15s_30_4_1_U723                                                                       | 1    |        | r_V_547        | mul | dsp48  | 3       |
|     p_Val2_141_fu_5293_p2                                                                              | -    |        | p_Val2_141     | add | fabric | 0       |
|     mul_mul_15ns_15s_30_4_1_U724                                                                       | 1    |        | r_V_548        | mul | dsp48  | 3       |
|     p_Val2_144_fu_5553_p2                                                                              | -    |        | p_Val2_144     | add | fabric | 0       |
|     mul_mul_15ns_15s_30_4_1_U725                                                                       | 1    |        | r_V_549        | mul | dsp48  | 3       |
|     p_Val2_147_fu_5683_p2                                                                              | -    |        | p_Val2_147     | add | fabric | 0       |
|     mul_mul_15ns_15s_30_4_1_U726                                                                       | 1    |        | r_V_550        | mul | dsp48  | 3       |
|     p_Val2_150_fu_5943_p2                                                                              | -    |        | p_Val2_150     | add | fabric | 0       |
|     mul_mul_15ns_15s_30_4_1_U727                                                                       | 1    |        | r_V_551        | mul | dsp48  | 3       |
|     p_Val2_153_fu_6073_p2                                                                              | -    |        | p_Val2_153     | add | fabric | 0       |
|     mul_mul_15ns_15s_30_4_1_U728                                                                       | 1    |        | r_V_552        | mul | dsp48  | 3       |
|     p_Val2_156_fu_6333_p2                                                                              | -    |        | p_Val2_156     | add | fabric | 0       |
|     mul_mul_15ns_15s_30_4_1_U729                                                                       | 1    |        | r_V_553        | mul | dsp48  | 3       |
|     p_Val2_159_fu_6463_p2                                                                              | -    |        | p_Val2_159     | add | fabric | 0       |
|     mul_mul_15ns_15s_30_4_1_U730                                                                       | 1    |        | r_V_554        | mul | dsp48  | 3       |
|     p_Val2_162_fu_6693_p2                                                                              | -    |        | p_Val2_162     | add | fabric | 0       |
|     mul_mul_15ns_15s_30_4_1_U731                                                                       | 1    |        | r_V_555        | mul | dsp48  | 3       |
|     p_Val2_165_fu_6823_p2                                                                              | -    |        | p_Val2_165     | add | fabric | 0       |
|     mul_mul_15ns_15s_30_4_1_U732                                                                       | 1    |        | r_V_556        | mul | dsp48  | 3       |
|     p_Val2_168_fu_7053_p2                                                                              | -    |        | p_Val2_168     | add | fabric | 0       |
|     mul_mul_15ns_15s_30_4_1_U733                                                                       | 1    |        | r_V_557        | mul | dsp48  | 3       |
|     p_Val2_171_fu_7183_p2                                                                              | -    |        | p_Val2_171     | add | fabric | 0       |
|     mul_mul_15ns_15s_30_4_1_U734                                                                       | 1    |        | r_V_558        | mul | dsp48  | 3       |
|     p_Val2_174_fu_7413_p2                                                                              | -    |        | p_Val2_174     | add | fabric | 0       |
|     mul_mul_15ns_15s_30_4_1_U735                                                                       | 1    |        | r_V_559        | mul | dsp48  | 3       |
|     p_Val2_177_fu_7543_p2                                                                              | -    |        | p_Val2_177     | add | fabric | 0       |
|    + gru_cell_step_1_Pipeline_VITIS_LOOP_69_1 (grp_gru_cell_step_1_Pipeline_VITIS_LOOP_69_1_fu_903)    | 35   |        |                |     |        |         |
|      add_ln69_fu_1706_p2                                                                               | -    |        | add_ln69       | add | fabric | 0       |
|      ret_V_714_fu_2345_p2                                                                              | -    |        | ret_V_714      | add | fabric | 0       |
|      ret_V_724_fu_2550_p2                                                                              | -    |        | ret_V_724      | add | fabric | 0       |
|      mul_23s_23s_46_5_1_U436                                                                           | 1    |        | r_V_375        | mul | auto   | 4       |
|      mul_23s_23s_46_5_1_U438                                                                           | 1    |        | r_V_376        | mul | auto   | 4       |
|      mul_23s_23s_46_5_1_U439                                                                           | 1    |        | r_V_378        | mul | auto   | 4       |
|      mul_23s_23s_46_5_1_U442                                                                           | 1    |        | r_V_381        | mul | auto   | 4       |
|      mul_23s_23s_46_5_1_U443                                                                           | 1    |        | r_V_382        | mul | auto   | 4       |
|      ret_V_734_fu_2955_p2                                                                              | -    |        | ret_V_734      | add | fabric | 0       |
|      mul_23s_23s_46_5_1_U446                                                                           | 1    |        | r_V_385        | mul | auto   | 4       |
|      mul_23s_23s_46_5_1_U451                                                                           | 1    |        | r_V_390        | mul | auto   | 4       |
|      mul_23s_23s_46_5_1_U452                                                                           | 1    |        | r_V_391        | mul | auto   | 4       |
|      mul_23s_22s_45_5_1_U453                                                                           | 1    |        | r_V_392        | mul | auto   | 4       |
|      mul_23s_22s_45_5_1_U454                                                                           | 1    |        | r_V_393        | mul | auto   | 4       |
|      mul_23s_23s_46_5_1_U457                                                                           | 1    |        | r_V_394        | mul | auto   | 4       |
|      mul_23s_22s_45_5_1_U455                                                                           | 1    |        | r_V_395        | mul | auto   | 4       |
|      mul_23s_22s_45_5_1_U458                                                                           | 1    |        | r_V_396        | mul | auto   | 4       |
|      mul_23s_23s_46_5_1_U456                                                                           | 1    |        | r_V_397        | mul | auto   | 4       |
|      mul_23s_22s_45_5_1_U459                                                                           | 1    |        | r_V_398        | mul | auto   | 4       |
|      mul_23s_22s_45_5_1_U461                                                                           | 1    |        | r_V_400        | mul | auto   | 4       |
|      mul_23s_22s_45_5_1_U462                                                                           | 1    |        | r_V_401        | mul | auto   | 4       |
|      mul_23s_22s_45_5_1_U463                                                                           | 1    |        | r_V_402        | mul | auto   | 4       |
|      mul_23s_23s_46_5_1_U464                                                                           | 1    |        | r_V_403        | mul | auto   | 4       |
|      ret_V_753_fu_3199_p2                                                                              | -    |        | ret_V_753      | add | fabric | 0       |
|      mul_23s_22s_45_5_1_U465                                                                           | 1    |        | r_V_404        | mul | auto   | 4       |
|      mul_23s_23s_46_5_1_U466                                                                           | 1    |        | r_V_405        | mul | auto   | 4       |
|      mul_23s_23s_46_5_1_U467                                                                           | 1    |        | r_V_406        | mul | auto   | 4       |
|      mul_23s_22s_45_5_1_U468                                                                           | 1    |        | r_V_407        | mul | auto   | 4       |
|      mul_23s_22s_45_5_1_U469                                                                           | 1    |        | r_V_408        | mul | auto   | 4       |
|      mul_23s_22s_45_5_1_U471                                                                           | 1    |        | r_V_410        | mul | auto   | 4       |
|      mul_23s_22s_45_5_1_U472                                                                           | 1    |        | r_V_411        | mul | auto   | 4       |
|      mul_23s_22s_45_5_1_U473                                                                           | 1    |        | r_V_412        | mul | auto   | 4       |
|      mul_23s_22s_45_5_1_U474                                                                           | 1    |        | r_V_413        | mul | auto   | 4       |
|      mul_23s_22s_45_5_1_U476                                                                           | 1    |        | r_V_414        | mul | auto   | 4       |
|      mul_23s_23s_46_5_1_U475                                                                           | 1    |        | r_V_415        | mul | auto   | 4       |
|      mul_23s_22s_45_5_1_U477                                                                           | 1    |        | r_V_416        | mul | auto   | 4       |
|      mul_23s_23s_46_5_1_U478                                                                           | 1    |        | r_V_417        | mul | auto   | 4       |
|      mul_23s_22s_45_5_1_U479                                                                           | 1    |        | r_V_418        | mul | auto   | 4       |
|      mul_23s_23s_46_5_1_U480                                                                           | 1    |        | r_V_419        | mul | auto   | 4       |
|      mul_23s_23s_46_5_1_U481                                                                           | 1    |        | r_V_420        | mul | auto   | 4       |
|      sum_z_V_7_fu_3396_p2                                                                              | -    |        | sum_z_V_7      | add | fabric | 0       |
|      sum_r_V_7_fu_3416_p2                                                                              | -    |        | sum_r_V_7      | add | fabric | 0       |
|      add_ln1347_fu_3433_p2                                                                             | -    |        | add_ln1347     | add | fabric | 0       |
|      add_ln1347_1_fu_3510_p2                                                                           | -    |        | add_ln1347_1   | add | fabric | 0       |
|    + gru_cell_step_1_Pipeline_VITIS_LOOP_120_5 (grp_gru_cell_step_1_Pipeline_VITIS_LOOP_120_5_fu_1089) | 5    |        |                |     |        |         |
|      add_ln120_fu_1137_p2                                                                              | -    |        | add_ln120      | add | fabric | 0       |
|      add_ln1347_544_fu_1453_p2                                                                         | -    |        | add_ln1347_544 | add | fabric | 0       |
|      ret_V_806_fu_1698_p2                                                                              | -    |        | ret_V_806      | add | fabric | 0       |
|      mul_23s_21s_44_5_1_U621                                                                           | 1    |        | r_V_447        | mul | auto   | 4       |
|      mul_23s_21s_44_5_1_U627                                                                           | 1    |        | r_V_453        | mul | auto   | 4       |
|      mul_23s_21s_44_5_1_U628                                                                           | 1    |        | r_V_454        | mul | auto   | 4       |
|      sum_h_V_7_fu_2361_p2                                                                              | -    |        | sum_h_V_7      | add | fabric | 0       |
|      add_ln123_fu_2456_p2                                                                              | -    |        | add_ln123      | add | fabric | 0       |
|      add_ln123_1_fu_2367_p2                                                                            | -    |        | add_ln123_1    | add | fabric | 0       |
|      hh_V_2_fu_2401_p2                                                                                 | -    |        | hh_V_2         | add | fabric | 0       |
|      one_minus_z_V_fu_2562_p2                                                                          | -    |        | one_minus_z_V  | sub | fabric | 0       |
|      mul_mul_15s_15ns_30_4_1_U631                                                                      | 1    |        | r_V_462        | mul | dsp48  | 3       |
|      mul_mul_16s_15s_31_4_1_U632                                                                       | 1    |        | r_V_463        | mul | dsp48  | 3       |
|      ret_V_830_fu_2602_p2                                                                              | -    |        | ret_V_830      | add | fabric | 0       |
|      add_ln823_fu_2625_p2                                                                              | -    |        | add_ln823      | add | fabric | 0       |
|      h_upd_V_7_fu_2649_p2                                                                              | -    |        | h_upd_V_7      | add | fabric | 0       |
|   + lane_worker8_6_Pipeline_VITIS_LOOP_238_7                                                           | 32   |        |                |     |        |         |
|     add_ln238_fu_1022_p2                                                                               | -    |        | add_ln238      | add | fabric | 0       |
|     add_ln247_fu_2268_p2                                                                               | -    |        | add_ln247      | add | fabric | 0       |
|     mul_23s_21ns_44_5_1_U1195                                                                          | 1    |        | r_V            | mul | auto   | 4       |
|     mul_23s_23s_46_5_1_U1196                                                                           | 1    |        | r_V_94         | mul | auto   | 4       |
|     mul_23s_22s_45_5_1_U1197                                                                           | 1    |        | r_V_95         | mul | auto   | 4       |
|     add_ln1347_fu_1281_p2                                                                              | -    |        | add_ln1347     | add | fabric | 0       |
|     mul_23s_22s_45_5_1_U1198                                                                           | 1    |        | r_V_96         | mul | auto   | 4       |
|     ret_V_213_fu_1406_p2                                                                               | -    |        | ret_V_213      | add | fabric | 0       |
|     mul_23s_23s_46_5_1_U1199                                                                           | 1    |        | r_V_97         | mul | auto   | 4       |
|     mul_23s_21s_44_5_1_U1200                                                                           | 1    |        | r_V_98         | mul | auto   | 4       |
|     mul_23s_22s_45_5_1_U1201                                                                           | 1    |        | r_V_99         | mul | auto   | 4       |
|     mul_23s_20ns_43_5_1_U1202                                                                          | 1    |        | r_V_100        | mul | auto   | 4       |
|     mul_23s_22s_45_5_1_U1203                                                                           | 1    |        | r_V_101        | mul | auto   | 4       |
|     mul_23s_22s_45_5_1_U1204                                                                           | 1    |        | r_V_102        | mul | auto   | 4       |
|     mul_23s_22s_45_5_1_U1205                                                                           | 1    |        | r_V_103        | mul | auto   | 4       |
|     mul_23s_22s_45_5_1_U1206                                                                           | 1    |        | r_V_104        | mul | auto   | 4       |
|     mul_23s_23s_46_5_1_U1207                                                                           | 1    |        | r_V_105        | mul | auto   | 4       |
|     mul_23s_22s_45_5_1_U1208                                                                           | 1    |        | r_V_106        | mul | auto   | 4       |
|     mul_23s_22s_45_5_1_U1209                                                                           | 1    |        | r_V_107        | mul | auto   | 4       |
|     mul_23s_22s_45_5_1_U1210                                                                           | 1    |        | r_V_108        | mul | auto   | 4       |
|     mul_23s_21s_44_5_1_U1211                                                                           | 1    |        | r_V_109        | mul | auto   | 4       |
|     mul_23s_22s_45_5_1_U1212                                                                           | 1    |        | r_V_110        | mul | auto   | 4       |
|     mul_23s_22s_45_5_1_U1213                                                                           | 1    |        | r_V_111        | mul | auto   | 4       |
|     mul_23s_20s_43_5_1_U1214                                                                           | 1    |        | r_V_112        | mul | auto   | 4       |
|     mul_23s_22s_45_5_1_U1215                                                                           | 1    |        | r_V_113        | mul | auto   | 4       |
|     mul_23s_22s_45_5_1_U1216                                                                           | 1    |        | r_V_114        | mul | auto   | 4       |
|     mul_23s_22s_45_5_1_U1217                                                                           | 1    |        | r_V_115        | mul | auto   | 4       |
|     mul_23s_22s_45_5_1_U1218                                                                           | 1    |        | r_V_116        | mul | auto   | 4       |
|     mul_23s_21s_44_5_1_U1219                                                                           | 1    |        | r_V_117        | mul | auto   | 4       |
|     mul_23s_21s_44_5_1_U1220                                                                           | 1    |        | r_V_118        | mul | auto   | 4       |
|     mul_23s_22s_45_5_1_U1221                                                                           | 1    |        | r_V_119        | mul | auto   | 4       |
|     mul_23s_22s_45_5_1_U1222                                                                           | 1    |        | r_V_120        | mul | auto   | 4       |
|     mul_23s_21s_44_5_1_U1223                                                                           | 1    |        | r_V_121        | mul | auto   | 4       |
|     mul_23s_22s_45_5_1_U1224                                                                           | 1    |        | r_V_122        | mul | auto   | 4       |
|     mul_23s_21ns_44_5_1_U1225                                                                          | 1    |        | r_V_123        | mul | auto   | 4       |
|     mul_23s_22s_45_5_1_U1226                                                                           | 1    |        | r_V_124        | mul | auto   | 4       |
|     sum_o_V_14_fu_2172_p2                                                                              | -    |        | sum_o_V_14     | add | fabric | 0       |
|     add_ln240_fu_2279_p2                                                                               | -    |        | add_ln240      | add | fabric | 0       |
|     add_ln240_3_fu_2178_p2                                                                             | -    |        | add_ln240_3    | add | fabric | 0       |
|     p_Val2_6_fu_2213_p2                                                                                | -    |        | p_Val2_6       | add | fabric | 0       |
|   + lane_worker8_6_Pipeline_WRITE_PIXEL_T_WRITE_PIXEL_O                                                | 0    |        |                |     |        |         |
|     add_ln21_3_fu_129_p2                                                                               | -    |        | add_ln21_3     | add | fabric | 0       |
|     add_ln21_fu_141_p2                                                                                 | -    |        | add_ln21       | add | fabric | 0       |
|     add_ln22_fu_173_p2                                                                                 | -    |        | add_ln22       | add | fabric | 0       |
|  + lane_worker8_7                                                                                      | 233  |        |                |     |        |         |
|    add_ln7_3_fu_2854_p2                                                                                | -    |        | add_ln7_3      | add | fabric | 0       |
|    add_ln7_4_fu_2860_p2                                                                                | -    |        | add_ln7_4      | add | fabric | 0       |
|    add_ln7_fu_2872_p2                                                                                  | -    |        | add_ln7        | add | fabric | 0       |
|    add_ln9_fu_2882_p2                                                                                  | -    |        | add_ln9        | add | fabric | 0       |
|    add_ln197_fu_2918_p2                                                                                | -    |        | add_ln197      | add | fabric | 0       |
|    add_ln220_fu_2934_p2                                                                                | -    |        | add_ln220      | add | fabric | 0       |
|    sub_ln247_fu_2952_p2                                                                                | -    |        | sub_ln247      | sub | fabric | 0       |
|    add_ln9_2_fu_2961_p2                                                                                | -    |        | add_ln9_2      | add | fabric | 0       |
|   + lane_worker8_7_Pipeline_READ_PIXEL                                                                 | 0    |        |                |     |        |         |
|     add_ln13_fu_100_p2                                                                                 | -    |        | add_ln13       | add | fabric | 0       |
|   + gru_cell_step (grp_gru_cell_step_fu_2302)                                                          | 100  |        |                |     |        |         |
|     mul_mul_15ns_15s_30_4_1_U311                                                                       | 1    |        | r_V_624        | mul | dsp48  | 3       |
|     p_Val2_179_fu_1710_p2                                                                              | -    |        | p_Val2_179     | add | fabric | 0       |
|     mul_mul_15ns_15s_30_4_1_U312                                                                       | 1    |        | r_V_625        | mul | dsp48  | 3       |
|     p_Val2_182_fu_1840_p2                                                                              | -    |        | p_Val2_182     | add | fabric | 0       |
|     mul_mul_15ns_15s_30_4_1_U313                                                                       | 1    |        | r_V_626        | mul | dsp48  | 3       |
|     mul_23s_21s_44_5_1_U358                                                                            | -    |        | p_Val2_185     | add | fabric | 0       |
|     mul_mul_15ns_15s_30_4_1_U314                                                                       | 1    |        | r_V_627        | mul | dsp48  | 3       |
|     p_Val2_188_fu_2204_p2                                                                              | -    |        | p_Val2_188     | add | fabric | 0       |
|     mul_mul_15ns_15s_30_4_1_U315                                                                       | 1    |        | r_V_628        | mul | dsp48  | 3       |
|     mul_23s_22s_45_5_1_U357                                                                            | -    |        | p_Val2_191     | add | fabric | 0       |
|     mul_mul_15ns_15s_30_4_1_U316                                                                       | 1    |        | r_V_629        | mul | dsp48  | 3       |
|     p_Val2_194_fu_2594_p2                                                                              | -    |        | p_Val2_194     | add | fabric | 0       |
|     mul_mul_15ns_15s_30_4_1_U317                                                                       | 1    |        | r_V_630        | mul | dsp48  | 3       |
|     mul_23s_22s_45_5_1_U371                                                                            | -    |        | p_Val2_197     | add | fabric | 0       |
|     mul_mul_15ns_15s_30_4_1_U318                                                                       | 1    |        | r_V_631        | mul | dsp48  | 3       |
|     p_Val2_200_fu_2984_p2                                                                              | -    |        | p_Val2_200     | add | fabric | 0       |
|     mul_mul_15ns_15s_30_4_1_U319                                                                       | 1    |        | r_V_632        | mul | dsp48  | 3       |
|     p_Val2_203_fu_3244_p2                                                                              | -    |        | p_Val2_203     | add | fabric | 0       |
|     mul_mul_15ns_15s_30_4_1_U320                                                                       | 1    |        | r_V_633        | mul | dsp48  | 3       |
|     p_Val2_206_fu_3374_p2                                                                              | -    |        | p_Val2_206     | add | fabric | 0       |
|     mul_mul_15ns_15s_30_4_1_U321                                                                       | 1    |        | r_V_634        | mul | dsp48  | 3       |
|     p_Val2_209_fu_3634_p2                                                                              | -    |        | p_Val2_209     | add | fabric | 0       |
|     mul_mul_15ns_15s_30_4_1_U322                                                                       | 1    |        | r_V_635        | mul | dsp48  | 3       |
|     p_Val2_212_fu_3764_p2                                                                              | -    |        | p_Val2_212     | add | fabric | 0       |
|     mul_mul_15ns_15s_30_4_1_U323                                                                       | 1    |        | r_V_636        | mul | dsp48  | 3       |
|     p_Val2_215_fu_4024_p2                                                                              | -    |        | p_Val2_215     | add | fabric | 0       |
|     mul_mul_15ns_15s_30_4_1_U324                                                                       | 1    |        | r_V_637        | mul | dsp48  | 3       |
|     p_Val2_218_fu_4154_p2                                                                              | -    |        | p_Val2_218     | add | fabric | 0       |
|     mul_mul_15ns_15s_30_4_1_U325                                                                       | 1    |        | r_V_638        | mul | dsp48  | 3       |
|     p_Val2_221_fu_4414_p2                                                                              | -    |        | p_Val2_221     | add | fabric | 0       |
|     mul_mul_15ns_15s_30_4_1_U326                                                                       | 1    |        | r_V_639        | mul | dsp48  | 3       |
|     p_Val2_224_fu_4544_p2                                                                              | -    |        | p_Val2_224     | add | fabric | 0       |
|     mul_mul_15ns_15s_30_4_1_U327                                                                       | 1    |        | r_V_640        | mul | dsp48  | 3       |
|     p_Val2_227_fu_4804_p2                                                                              | -    |        | p_Val2_227     | add | fabric | 0       |
|     mul_mul_15ns_15s_30_4_1_U328                                                                       | 1    |        | r_V_641        | mul | dsp48  | 3       |
|     p_Val2_230_fu_4934_p2                                                                              | -    |        | p_Val2_230     | add | fabric | 0       |
|     mul_mul_15ns_15s_30_4_1_U329                                                                       | 1    |        | r_V_642        | mul | dsp48  | 3       |
|     p_Val2_233_fu_5194_p2                                                                              | -    |        | p_Val2_233     | add | fabric | 0       |
|     mul_mul_15ns_15s_30_4_1_U330                                                                       | 1    |        | r_V_643        | mul | dsp48  | 3       |
|     p_Val2_236_fu_5324_p2                                                                              | -    |        | p_Val2_236     | add | fabric | 0       |
|     mul_mul_15ns_15s_30_4_1_U331                                                                       | 1    |        | r_V_644        | mul | dsp48  | 3       |
|     p_Val2_239_fu_5584_p2                                                                              | -    |        | p_Val2_239     | add | fabric | 0       |
|     mul_mul_15ns_15s_30_4_1_U332                                                                       | 1    |        | r_V_645        | mul | dsp48  | 3       |
|     p_Val2_242_fu_5714_p2                                                                              | -    |        | p_Val2_242     | add | fabric | 0       |
|     mul_mul_15ns_15s_30_4_1_U333                                                                       | 1    |        | r_V_646        | mul | dsp48  | 3       |
|     p_Val2_245_fu_5974_p2                                                                              | -    |        | p_Val2_245     | add | fabric | 0       |
|     mul_mul_15ns_15s_30_4_1_U334                                                                       | 1    |        | r_V_647        | mul | dsp48  | 3       |
|     p_Val2_248_fu_6104_p2                                                                              | -    |        | p_Val2_248     | add | fabric | 0       |
|     mul_mul_15ns_15s_30_4_1_U335                                                                       | 1    |        | r_V_648        | mul | dsp48  | 3       |
|     p_Val2_251_fu_6364_p2                                                                              | -    |        | p_Val2_251     | add | fabric | 0       |
|     mul_mul_15ns_15s_30_4_1_U336                                                                       | 1    |        | r_V_649        | mul | dsp48  | 3       |
|     p_Val2_254_fu_6494_p2                                                                              | -    |        | p_Val2_254     | add | fabric | 0       |
|     mul_mul_15ns_15s_30_4_1_U337                                                                       | 1    |        | r_V_650        | mul | dsp48  | 3       |
|     p_Val2_257_fu_6724_p2                                                                              | -    |        | p_Val2_257     | add | fabric | 0       |
|     mul_mul_15ns_15s_30_4_1_U338                                                                       | 1    |        | r_V_651        | mul | dsp48  | 3       |
|     p_Val2_260_fu_6854_p2                                                                              | -    |        | p_Val2_260     | add | fabric | 0       |
|     mul_mul_15ns_15s_30_4_1_U339                                                                       | 1    |        | r_V_652        | mul | dsp48  | 3       |
|     p_Val2_263_fu_7084_p2                                                                              | -    |        | p_Val2_263     | add | fabric | 0       |
|     mul_mul_15ns_15s_30_4_1_U340                                                                       | 1    |        | r_V_653        | mul | dsp48  | 3       |
|     p_Val2_266_fu_7214_p2                                                                              | -    |        | p_Val2_266     | add | fabric | 0       |
|     mul_mul_15ns_15s_30_4_1_U341                                                                       | 1    |        | r_V_654        | mul | dsp48  | 3       |
|     p_Val2_269_fu_7444_p2                                                                              | -    |        | p_Val2_269     | add | fabric | 0       |
|     mul_mul_15ns_15s_30_4_1_U342                                                                       | 1    |        | r_V_655        | mul | dsp48  | 3       |
|     p_Val2_272_fu_7574_p2                                                                              | -    |        | p_Val2_272     | add | fabric | 0       |
|    + gru_cell_step_Pipeline_VITIS_LOOP_69_1 (grp_gru_cell_step_Pipeline_VITIS_LOOP_69_1_fu_917)        | 33   |        |                |     |        |         |
|      add_ln69_fu_1848_p2                                                                               | -    |        | add_ln69       | add | fabric | 0       |
|      mul_24s_23s_47_3_1_U7                                                                             | 1    | yes    | r_V_250        | mul | dsp    | 2       |
|      ret_V_544_fu_2394_p2                                                                              | -    |        | ret_V_544      | add | fabric | 0       |
|      mul_23s_21s_44_5_1_U34                                                                            | 1    |        | r_V_277        | mul | auto   | 4       |
|      mul_23s_21s_44_5_1_U40                                                                            | 1    |        | r_V_283        | mul | auto   | 4       |
|      mul_23s_22s_45_5_1_U41                                                                            | 1    |        | r_V_284        | mul | auto   | 4       |
|      mul_23s_22s_45_5_1_U42                                                                            | 1    |        | r_V_285        | mul | auto   | 4       |
|      mul_23s_22s_45_5_1_U43                                                                            | 1    |        | r_V_286        | mul | auto   | 4       |
|      mul_23s_22s_45_5_1_U44                                                                            | 1    |        | r_V_287        | mul | auto   | 4       |
|      mul_23s_22s_45_5_1_U45                                                                            | 1    |        | r_V_288        | mul | auto   | 4       |
|      mul_23s_23s_46_5_1_U47                                                                            | 1    |        | r_V_289        | mul | auto   | 4       |
|      mul_23s_22s_45_5_1_U48                                                                            | 1    |        | r_V_291        | mul | auto   | 4       |
|      mul_23s_22s_45_5_1_U49                                                                            | 1    |        | r_V_292        | mul | auto   | 4       |
|      mul_23s_21s_44_5_1_U50                                                                            | 1    |        | r_V_293        | mul | auto   | 4       |
|      mul_23s_22s_45_5_1_U51                                                                            | 1    |        | r_V_294        | mul | auto   | 4       |
|      mul_23s_21s_44_5_1_U52                                                                            | 1    |        | r_V_295        | mul | auto   | 4       |
|      mul_23s_22s_45_5_1_U53                                                                            | 1    |        | r_V_296        | mul | auto   | 4       |
|      mul_23s_22s_45_5_1_U54                                                                            | 1    |        | r_V_297        | mul | auto   | 4       |
|      mul_23s_21s_44_5_1_U55                                                                            | 1    |        | r_V_298        | mul | auto   | 4       |
|      mul_23s_22s_45_5_1_U56                                                                            | 1    |        | r_V_299        | mul | auto   | 4       |
|      mul_23s_23s_46_5_1_U57                                                                            | 1    |        | r_V_300        | mul | auto   | 4       |
|      mul_23s_22s_45_5_1_U58                                                                            | 1    |        | r_V_301        | mul | auto   | 4       |
|      ret_V_594_fu_3575_p2                                                                              | -    |        | ret_V_594      | add | fabric | 0       |
|      mul_23s_22s_45_5_1_U59                                                                            | 1    |        | r_V_302        | mul | auto   | 4       |
|      mul_23s_22s_45_5_1_U60                                                                            | 1    |        | r_V_303        | mul | auto   | 4       |
|      mul_23s_21s_44_5_1_U61                                                                            | 1    |        | r_V_304        | mul | auto   | 4       |
|      mul_23s_21s_44_5_1_U62                                                                            | 1    |        | r_V_305        | mul | auto   | 4       |
|      mul_23s_22s_45_5_1_U63                                                                            | 1    |        | r_V_306        | mul | auto   | 4       |
|      mul_23s_21s_44_5_1_U66                                                                            | 1    |        | r_V_307        | mul | auto   | 4       |
|      mul_23s_22s_45_5_1_U64                                                                            | 1    |        | r_V_308        | mul | auto   | 4       |
|      mul_23s_21s_44_5_1_U67                                                                            | 1    |        | r_V_309        | mul | auto   | 4       |
|      mul_23s_22s_45_5_1_U65                                                                            | 1    |        | r_V_310        | mul | auto   | 4       |
|      mul_23s_22s_45_5_1_U68                                                                            | 1    |        | r_V_311        | mul | auto   | 4       |
|      mul_23s_22s_45_5_1_U69                                                                            | 1    |        | r_V_312        | mul | auto   | 4       |
|      mul_23s_22s_45_5_1_U70                                                                            | 1    |        | r_V_313        | mul | auto   | 4       |
|      mul_23s_22s_45_5_1_U71                                                                            | 1    |        | r_V_314        | mul | auto   | 4       |
|      sum_z_V_4_fu_3737_p2                                                                              | -    |        | sum_z_V_4      | add | fabric | 0       |
|      sum_r_V_4_fu_3717_p2                                                                              | -    |        | sum_r_V_4      | add | fabric | 0       |
|      add_ln1347_fu_3781_p2                                                                             | -    |        | add_ln1347     | add | fabric | 0       |
|      add_ln1347_35_fu_3754_p2                                                                          | -    |        | add_ln1347_35  | add | fabric | 0       |
|    + gru_cell_step_Pipeline_VITIS_LOOP_120_5 (grp_gru_cell_step_Pipeline_VITIS_LOOP_120_5_fu_1107)     | 2    |        |                |     |        |         |
|      add_ln120_fu_1209_p2                                                                              | -    |        | add_ln120      | add | fabric | 0       |
|      ret_V_607_fu_1559_p2                                                                              | -    |        | ret_V_607      | add | fabric | 0       |
|      ret_V_616_fu_1972_p2                                                                              | -    |        | ret_V_616      | add | fabric | 0       |
|      sum_h_V_4_fu_2530_p2                                                                              | -    |        | sum_h_V_4      | add | fabric | 0       |
|      add_ln123_fu_2590_p2                                                                              | -    |        | add_ln123      | add | fabric | 0       |
|      add_ln123_1_fu_2536_p2                                                                            | -    |        | add_ln123_1    | add | fabric | 0       |
|      hh_V_1_fu_2598_p2                                                                                 | -    |        | hh_V_1         | add | fabric | 0       |
|      one_minus_z_V_fu_2711_p2                                                                          | -    |        | one_minus_z_V  | sub | fabric | 0       |
|      mul_mul_15s_15ns_30_4_1_U233                                                                      | 1    |        | r_V_355        | mul | dsp48  | 3       |
|      mul_mul_16s_15s_31_4_1_U234                                                                       | 1    |        | r_V_356        | mul | dsp48  | 3       |
|      ret_V_638_fu_2771_p2                                                                              | -    |        | ret_V_638      | add | fabric | 0       |
|      add_ln823_fu_2794_p2                                                                              | -    |        | add_ln823      | add | fabric | 0       |
|      h_upd_V_4_fu_2818_p2                                                                              | -    |        | h_upd_V_4      | add | fabric | 0       |
|   + gru_cell_step_1 (grp_gru_cell_step_1_fu_2511)                                                      | 101  |        |                |     |        |         |
|     mul_mul_15ns_15s_30_4_1_U704                                                                       | 1    |        | r_V_528        | mul | dsp48  | 3       |
|     p_Val2_28_fu_1679_p2                                                                               | -    |        | p_Val2_28      | add | fabric | 0       |
|     mul_mul_15ns_15s_30_4_1_U705                                                                       | 1    |        | r_V_529        | mul | dsp48  | 3       |
|     p_Val2_37_fu_1809_p2                                                                               | -    |        | p_Val2_37      | add | fabric | 0       |
|     mul_mul_15ns_15s_30_4_1_U706                                                                       | 1    |        | r_V_530        | mul | dsp48  | 3       |
|     mul_23s_22s_45_5_1_U742                                                                            | -    |        | p_Val2_46      | add | fabric | 0       |
|     mul_mul_15ns_15s_30_4_1_U707                                                                       | 1    |        | r_V_531        | mul | dsp48  | 3       |
|     mul_23s_22s_45_5_1_U747                                                                            | -    |        | p_Val2_55      | add | fabric | 0       |
|     mul_23s_22s_45_5_1_U751                                                                            | 1    |        | r_V_532        | mul | dsp48  | 3       |
|     p_Val2_64_fu_2433_p2                                                                               | -    |        | p_Val2_64      | add | fabric | 0       |
|     mul_mul_15ns_15s_30_4_1_U709                                                                       | 1    |        | r_V_533        | mul | dsp48  | 3       |
|     p_Val2_73_fu_2563_p2                                                                               | -    |        | p_Val2_73      | add | fabric | 0       |
|     mul_mul_15ns_15s_30_4_1_U710                                                                       | 1    |        | r_V_534        | mul | dsp48  | 3       |
|     p_Val2_82_fu_2823_p2                                                                               | -    |        | p_Val2_82      | add | fabric | 0       |
|     mul_mul_15ns_15s_30_4_1_U711                                                                       | 1    |        | r_V_535        | mul | dsp48  | 3       |
|     p_Val2_91_fu_2953_p2                                                                               | -    |        | p_Val2_91      | add | fabric | 0       |
|     mul_mul_15ns_15s_30_4_1_U712                                                                       | 1    |        | r_V_536        | mul | dsp48  | 3       |
|     p_Val2_100_fu_3213_p2                                                                              | -    |        | p_Val2_100     | add | fabric | 0       |
|     mul_mul_15ns_15s_30_4_1_U713                                                                       | 1    |        | r_V_537        | mul | dsp48  | 3       |
|     p_Val2_109_fu_3343_p2                                                                              | -    |        | p_Val2_109     | add | fabric | 0       |
|     mul_mul_15ns_15s_30_4_1_U714                                                                       | 1    |        | r_V_538        | mul | dsp48  | 3       |
|     p_Val2_114_fu_3603_p2                                                                              | -    |        | p_Val2_114     | add | fabric | 0       |
|     mul_mul_15ns_15s_30_4_1_U715                                                                       | 1    |        | r_V_539        | mul | dsp48  | 3       |
|     p_Val2_117_fu_3733_p2                                                                              | -    |        | p_Val2_117     | add | fabric | 0       |
|     mul_mul_15ns_15s_30_4_1_U716                                                                       | 1    |        | r_V_540        | mul | dsp48  | 3       |
|     p_Val2_120_fu_3993_p2                                                                              | -    |        | p_Val2_120     | add | fabric | 0       |
|     mul_mul_15ns_15s_30_4_1_U717                                                                       | 1    |        | r_V_541        | mul | dsp48  | 3       |
|     p_Val2_123_fu_4123_p2                                                                              | -    |        | p_Val2_123     | add | fabric | 0       |
|     mul_mul_15ns_15s_30_4_1_U718                                                                       | 1    |        | r_V_542        | mul | dsp48  | 3       |
|     p_Val2_126_fu_4383_p2                                                                              | -    |        | p_Val2_126     | add | fabric | 0       |
|     mul_mul_15ns_15s_30_4_1_U719                                                                       | 1    |        | r_V_543        | mul | dsp48  | 3       |
|     p_Val2_129_fu_4513_p2                                                                              | -    |        | p_Val2_129     | add | fabric | 0       |
|     mul_mul_15ns_15s_30_4_1_U720                                                                       | 1    |        | r_V_544        | mul | dsp48  | 3       |
|     p_Val2_132_fu_4773_p2                                                                              | -    |        | p_Val2_132     | add | fabric | 0       |
|     mul_mul_15ns_15s_30_4_1_U721                                                                       | 1    |        | r_V_545        | mul | dsp48  | 3       |
|     p_Val2_135_fu_4903_p2                                                                              | -    |        | p_Val2_135     | add | fabric | 0       |
|     mul_mul_15ns_15s_30_4_1_U722                                                                       | 1    |        | r_V_546        | mul | dsp48  | 3       |
|     p_Val2_138_fu_5163_p2                                                                              | -    |        | p_Val2_138     | add | fabric | 0       |
|     mul_mul_15ns_15s_30_4_1_U723                                                                       | 1    |        | r_V_547        | mul | dsp48  | 3       |
|     p_Val2_141_fu_5293_p2                                                                              | -    |        | p_Val2_141     | add | fabric | 0       |
|     mul_mul_15ns_15s_30_4_1_U724                                                                       | 1    |        | r_V_548        | mul | dsp48  | 3       |
|     p_Val2_144_fu_5553_p2                                                                              | -    |        | p_Val2_144     | add | fabric | 0       |
|     mul_mul_15ns_15s_30_4_1_U725                                                                       | 1    |        | r_V_549        | mul | dsp48  | 3       |
|     p_Val2_147_fu_5683_p2                                                                              | -    |        | p_Val2_147     | add | fabric | 0       |
|     mul_mul_15ns_15s_30_4_1_U726                                                                       | 1    |        | r_V_550        | mul | dsp48  | 3       |
|     p_Val2_150_fu_5943_p2                                                                              | -    |        | p_Val2_150     | add | fabric | 0       |
|     mul_mul_15ns_15s_30_4_1_U727                                                                       | 1    |        | r_V_551        | mul | dsp48  | 3       |
|     p_Val2_153_fu_6073_p2                                                                              | -    |        | p_Val2_153     | add | fabric | 0       |
|     mul_mul_15ns_15s_30_4_1_U728                                                                       | 1    |        | r_V_552        | mul | dsp48  | 3       |
|     p_Val2_156_fu_6333_p2                                                                              | -    |        | p_Val2_156     | add | fabric | 0       |
|     mul_mul_15ns_15s_30_4_1_U729                                                                       | 1    |        | r_V_553        | mul | dsp48  | 3       |
|     p_Val2_159_fu_6463_p2                                                                              | -    |        | p_Val2_159     | add | fabric | 0       |
|     mul_mul_15ns_15s_30_4_1_U730                                                                       | 1    |        | r_V_554        | mul | dsp48  | 3       |
|     p_Val2_162_fu_6693_p2                                                                              | -    |        | p_Val2_162     | add | fabric | 0       |
|     mul_mul_15ns_15s_30_4_1_U731                                                                       | 1    |        | r_V_555        | mul | dsp48  | 3       |
|     p_Val2_165_fu_6823_p2                                                                              | -    |        | p_Val2_165     | add | fabric | 0       |
|     mul_mul_15ns_15s_30_4_1_U732                                                                       | 1    |        | r_V_556        | mul | dsp48  | 3       |
|     p_Val2_168_fu_7053_p2                                                                              | -    |        | p_Val2_168     | add | fabric | 0       |
|     mul_mul_15ns_15s_30_4_1_U733                                                                       | 1    |        | r_V_557        | mul | dsp48  | 3       |
|     p_Val2_171_fu_7183_p2                                                                              | -    |        | p_Val2_171     | add | fabric | 0       |
|     mul_mul_15ns_15s_30_4_1_U734                                                                       | 1    |        | r_V_558        | mul | dsp48  | 3       |
|     p_Val2_174_fu_7413_p2                                                                              | -    |        | p_Val2_174     | add | fabric | 0       |
|     mul_mul_15ns_15s_30_4_1_U735                                                                       | 1    |        | r_V_559        | mul | dsp48  | 3       |
|     p_Val2_177_fu_7543_p2                                                                              | -    |        | p_Val2_177     | add | fabric | 0       |
|    + gru_cell_step_1_Pipeline_VITIS_LOOP_69_1 (grp_gru_cell_step_1_Pipeline_VITIS_LOOP_69_1_fu_903)    | 35   |        |                |     |        |         |
|      add_ln69_fu_1706_p2                                                                               | -    |        | add_ln69       | add | fabric | 0       |
|      ret_V_714_fu_2345_p2                                                                              | -    |        | ret_V_714      | add | fabric | 0       |
|      ret_V_724_fu_2550_p2                                                                              | -    |        | ret_V_724      | add | fabric | 0       |
|      mul_23s_23s_46_5_1_U436                                                                           | 1    |        | r_V_375        | mul | auto   | 4       |
|      mul_23s_23s_46_5_1_U438                                                                           | 1    |        | r_V_376        | mul | auto   | 4       |
|      mul_23s_23s_46_5_1_U439                                                                           | 1    |        | r_V_378        | mul | auto   | 4       |
|      mul_23s_23s_46_5_1_U442                                                                           | 1    |        | r_V_381        | mul | auto   | 4       |
|      mul_23s_23s_46_5_1_U443                                                                           | 1    |        | r_V_382        | mul | auto   | 4       |
|      ret_V_734_fu_2955_p2                                                                              | -    |        | ret_V_734      | add | fabric | 0       |
|      mul_23s_23s_46_5_1_U446                                                                           | 1    |        | r_V_385        | mul | auto   | 4       |
|      mul_23s_23s_46_5_1_U451                                                                           | 1    |        | r_V_390        | mul | auto   | 4       |
|      mul_23s_23s_46_5_1_U452                                                                           | 1    |        | r_V_391        | mul | auto   | 4       |
|      mul_23s_22s_45_5_1_U453                                                                           | 1    |        | r_V_392        | mul | auto   | 4       |
|      mul_23s_22s_45_5_1_U454                                                                           | 1    |        | r_V_393        | mul | auto   | 4       |
|      mul_23s_23s_46_5_1_U457                                                                           | 1    |        | r_V_394        | mul | auto   | 4       |
|      mul_23s_22s_45_5_1_U455                                                                           | 1    |        | r_V_395        | mul | auto   | 4       |
|      mul_23s_22s_45_5_1_U458                                                                           | 1    |        | r_V_396        | mul | auto   | 4       |
|      mul_23s_23s_46_5_1_U456                                                                           | 1    |        | r_V_397        | mul | auto   | 4       |
|      mul_23s_22s_45_5_1_U459                                                                           | 1    |        | r_V_398        | mul | auto   | 4       |
|      mul_23s_22s_45_5_1_U461                                                                           | 1    |        | r_V_400        | mul | auto   | 4       |
|      mul_23s_22s_45_5_1_U462                                                                           | 1    |        | r_V_401        | mul | auto   | 4       |
|      mul_23s_22s_45_5_1_U463                                                                           | 1    |        | r_V_402        | mul | auto   | 4       |
|      mul_23s_23s_46_5_1_U464                                                                           | 1    |        | r_V_403        | mul | auto   | 4       |
|      ret_V_753_fu_3199_p2                                                                              | -    |        | ret_V_753      | add | fabric | 0       |
|      mul_23s_22s_45_5_1_U465                                                                           | 1    |        | r_V_404        | mul | auto   | 4       |
|      mul_23s_23s_46_5_1_U466                                                                           | 1    |        | r_V_405        | mul | auto   | 4       |
|      mul_23s_23s_46_5_1_U467                                                                           | 1    |        | r_V_406        | mul | auto   | 4       |
|      mul_23s_22s_45_5_1_U468                                                                           | 1    |        | r_V_407        | mul | auto   | 4       |
|      mul_23s_22s_45_5_1_U469                                                                           | 1    |        | r_V_408        | mul | auto   | 4       |
|      mul_23s_22s_45_5_1_U471                                                                           | 1    |        | r_V_410        | mul | auto   | 4       |
|      mul_23s_22s_45_5_1_U472                                                                           | 1    |        | r_V_411        | mul | auto   | 4       |
|      mul_23s_22s_45_5_1_U473                                                                           | 1    |        | r_V_412        | mul | auto   | 4       |
|      mul_23s_22s_45_5_1_U474                                                                           | 1    |        | r_V_413        | mul | auto   | 4       |
|      mul_23s_22s_45_5_1_U476                                                                           | 1    |        | r_V_414        | mul | auto   | 4       |
|      mul_23s_23s_46_5_1_U475                                                                           | 1    |        | r_V_415        | mul | auto   | 4       |
|      mul_23s_22s_45_5_1_U477                                                                           | 1    |        | r_V_416        | mul | auto   | 4       |
|      mul_23s_23s_46_5_1_U478                                                                           | 1    |        | r_V_417        | mul | auto   | 4       |
|      mul_23s_22s_45_5_1_U479                                                                           | 1    |        | r_V_418        | mul | auto   | 4       |
|      mul_23s_23s_46_5_1_U480                                                                           | 1    |        | r_V_419        | mul | auto   | 4       |
|      mul_23s_23s_46_5_1_U481                                                                           | 1    |        | r_V_420        | mul | auto   | 4       |
|      sum_z_V_7_fu_3396_p2                                                                              | -    |        | sum_z_V_7      | add | fabric | 0       |
|      sum_r_V_7_fu_3416_p2                                                                              | -    |        | sum_r_V_7      | add | fabric | 0       |
|      add_ln1347_fu_3433_p2                                                                             | -    |        | add_ln1347     | add | fabric | 0       |
|      add_ln1347_1_fu_3510_p2                                                                           | -    |        | add_ln1347_1   | add | fabric | 0       |
|    + gru_cell_step_1_Pipeline_VITIS_LOOP_120_5 (grp_gru_cell_step_1_Pipeline_VITIS_LOOP_120_5_fu_1089) | 5    |        |                |     |        |         |
|      add_ln120_fu_1137_p2                                                                              | -    |        | add_ln120      | add | fabric | 0       |
|      add_ln1347_544_fu_1453_p2                                                                         | -    |        | add_ln1347_544 | add | fabric | 0       |
|      ret_V_806_fu_1698_p2                                                                              | -    |        | ret_V_806      | add | fabric | 0       |
|      mul_23s_21s_44_5_1_U621                                                                           | 1    |        | r_V_447        | mul | auto   | 4       |
|      mul_23s_21s_44_5_1_U627                                                                           | 1    |        | r_V_453        | mul | auto   | 4       |
|      mul_23s_21s_44_5_1_U628                                                                           | 1    |        | r_V_454        | mul | auto   | 4       |
|      sum_h_V_7_fu_2361_p2                                                                              | -    |        | sum_h_V_7      | add | fabric | 0       |
|      add_ln123_fu_2456_p2                                                                              | -    |        | add_ln123      | add | fabric | 0       |
|      add_ln123_1_fu_2367_p2                                                                            | -    |        | add_ln123_1    | add | fabric | 0       |
|      hh_V_2_fu_2401_p2                                                                                 | -    |        | hh_V_2         | add | fabric | 0       |
|      one_minus_z_V_fu_2562_p2                                                                          | -    |        | one_minus_z_V  | sub | fabric | 0       |
|      mul_mul_15s_15ns_30_4_1_U631                                                                      | 1    |        | r_V_462        | mul | dsp48  | 3       |
|      mul_mul_16s_15s_31_4_1_U632                                                                       | 1    |        | r_V_463        | mul | dsp48  | 3       |
|      ret_V_830_fu_2602_p2                                                                              | -    |        | ret_V_830      | add | fabric | 0       |
|      add_ln823_fu_2625_p2                                                                              | -    |        | add_ln823      | add | fabric | 0       |
|      h_upd_V_7_fu_2649_p2                                                                              | -    |        | h_upd_V_7      | add | fabric | 0       |
|   + lane_worker8_7_Pipeline_VITIS_LOOP_238_7                                                           | 32   |        |                |     |        |         |
|     add_ln238_fu_1022_p2                                                                               | -    |        | add_ln238      | add | fabric | 0       |
|     add_ln247_fu_2268_p2                                                                               | -    |        | add_ln247      | add | fabric | 0       |
|     mul_23s_21ns_44_5_1_U1272                                                                          | 1    |        | r_V            | mul | auto   | 4       |
|     mul_23s_23s_46_5_1_U1273                                                                           | 1    |        | r_V_63         | mul | auto   | 4       |
|     mul_23s_22s_45_5_1_U1274                                                                           | 1    |        | r_V_64         | mul | auto   | 4       |
|     add_ln1347_fu_1281_p2                                                                              | -    |        | add_ln1347     | add | fabric | 0       |
|     mul_23s_22s_45_5_1_U1275                                                                           | 1    |        | r_V_65         | mul | auto   | 4       |
|     ret_V_153_fu_1406_p2                                                                               | -    |        | ret_V_153      | add | fabric | 0       |
|     mul_23s_23s_46_5_1_U1276                                                                           | 1    |        | r_V_66         | mul | auto   | 4       |
|     mul_23s_21s_44_5_1_U1277                                                                           | 1    |        | r_V_67         | mul | auto   | 4       |
|     mul_23s_22s_45_5_1_U1278                                                                           | 1    |        | r_V_68         | mul | auto   | 4       |
|     mul_23s_20ns_43_5_1_U1279                                                                          | 1    |        | r_V_69         | mul | auto   | 4       |
|     mul_23s_22s_45_5_1_U1280                                                                           | 1    |        | r_V_70         | mul | auto   | 4       |
|     mul_23s_22s_45_5_1_U1281                                                                           | 1    |        | r_V_71         | mul | auto   | 4       |
|     mul_23s_22s_45_5_1_U1282                                                                           | 1    |        | r_V_72         | mul | auto   | 4       |
|     mul_23s_22s_45_5_1_U1283                                                                           | 1    |        | r_V_73         | mul | auto   | 4       |
|     mul_23s_23s_46_5_1_U1284                                                                           | 1    |        | r_V_74         | mul | auto   | 4       |
|     mul_23s_22s_45_5_1_U1285                                                                           | 1    |        | r_V_75         | mul | auto   | 4       |
|     mul_23s_22s_45_5_1_U1286                                                                           | 1    |        | r_V_76         | mul | auto   | 4       |
|     mul_23s_22s_45_5_1_U1287                                                                           | 1    |        | r_V_77         | mul | auto   | 4       |
|     mul_23s_21s_44_5_1_U1288                                                                           | 1    |        | r_V_78         | mul | auto   | 4       |
|     mul_23s_22s_45_5_1_U1289                                                                           | 1    |        | r_V_79         | mul | auto   | 4       |
|     mul_23s_22s_45_5_1_U1290                                                                           | 1    |        | r_V_80         | mul | auto   | 4       |
|     mul_23s_20s_43_5_1_U1291                                                                           | 1    |        | r_V_81         | mul | auto   | 4       |
|     mul_23s_22s_45_5_1_U1292                                                                           | 1    |        | r_V_82         | mul | auto   | 4       |
|     mul_23s_22s_45_5_1_U1293                                                                           | 1    |        | r_V_83         | mul | auto   | 4       |
|     mul_23s_22s_45_5_1_U1294                                                                           | 1    |        | r_V_84         | mul | auto   | 4       |
|     mul_23s_22s_45_5_1_U1295                                                                           | 1    |        | r_V_85         | mul | auto   | 4       |
|     mul_23s_21s_44_5_1_U1296                                                                           | 1    |        | r_V_86         | mul | auto   | 4       |
|     mul_23s_21s_44_5_1_U1297                                                                           | 1    |        | r_V_87         | mul | auto   | 4       |
|     mul_23s_22s_45_5_1_U1298                                                                           | 1    |        | r_V_88         | mul | auto   | 4       |
|     mul_23s_22s_45_5_1_U1299                                                                           | 1    |        | r_V_89         | mul | auto   | 4       |
|     mul_23s_21s_44_5_1_U1300                                                                           | 1    |        | r_V_90         | mul | auto   | 4       |
|     mul_23s_22s_45_5_1_U1301                                                                           | 1    |        | r_V_91         | mul | auto   | 4       |
|     mul_23s_21ns_44_5_1_U1302                                                                          | 1    |        | r_V_92         | mul | auto   | 4       |
|     mul_23s_22s_45_5_1_U1303                                                                           | 1    |        | r_V_93         | mul | auto   | 4       |
|     sum_o_V_10_fu_2172_p2                                                                              | -    |        | sum_o_V_10     | add | fabric | 0       |
|     add_ln240_fu_2279_p2                                                                               | -    |        | add_ln240      | add | fabric | 0       |
|     add_ln240_2_fu_2178_p2                                                                             | -    |        | add_ln240_2    | add | fabric | 0       |
|     p_Val2_4_fu_2213_p2                                                                                | -    |        | p_Val2_4       | add | fabric | 0       |
|   + lane_worker8_7_Pipeline_WRITE_PIXEL_T_WRITE_PIXEL_O                                                | 0    |        |                |     |        |         |
|     add_ln21_2_fu_129_p2                                                                               | -    |        | add_ln21_2     | add | fabric | 0       |
|     add_ln21_fu_141_p2                                                                                 | -    |        | add_ln21       | add | fabric | 0       |
|     add_ln22_fu_173_p2                                                                                 | -    |        | add_ln22       | add | fabric | 0       |
|  + lane_worker8_8                                                                                      | 233  |        |                |     |        |         |
|    add_ln7_1_fu_2854_p2                                                                                | -    |        | add_ln7_1      | add | fabric | 0       |
|    add_ln7_2_fu_2860_p2                                                                                | -    |        | add_ln7_2      | add | fabric | 0       |
|    add_ln7_fu_2872_p2                                                                                  | -    |        | add_ln7        | add | fabric | 0       |
|    add_ln9_fu_2882_p2                                                                                  | -    |        | add_ln9        | add | fabric | 0       |
|    add_ln197_fu_2918_p2                                                                                | -    |        | add_ln197      | add | fabric | 0       |
|    add_ln220_fu_2934_p2                                                                                | -    |        | add_ln220      | add | fabric | 0       |
|    sub_ln247_fu_2952_p2                                                                                | -    |        | sub_ln247      | sub | fabric | 0       |
|    add_ln9_1_fu_2961_p2                                                                                | -    |        | add_ln9_1      | add | fabric | 0       |
|   + lane_worker8_8_Pipeline_READ_PIXEL                                                                 | 0    |        |                |     |        |         |
|     add_ln13_fu_100_p2                                                                                 | -    |        | add_ln13       | add | fabric | 0       |
|   + gru_cell_step (grp_gru_cell_step_fu_2302)                                                          | 100  |        |                |     |        |         |
|     mul_mul_15ns_15s_30_4_1_U311                                                                       | 1    |        | r_V_624        | mul | dsp48  | 3       |
|     p_Val2_179_fu_1710_p2                                                                              | -    |        | p_Val2_179     | add | fabric | 0       |
|     mul_mul_15ns_15s_30_4_1_U312                                                                       | 1    |        | r_V_625        | mul | dsp48  | 3       |
|     p_Val2_182_fu_1840_p2                                                                              | -    |        | p_Val2_182     | add | fabric | 0       |
|     mul_mul_15ns_15s_30_4_1_U313                                                                       | 1    |        | r_V_626        | mul | dsp48  | 3       |
|     mul_23s_21s_44_5_1_U358                                                                            | -    |        | p_Val2_185     | add | fabric | 0       |
|     mul_mul_15ns_15s_30_4_1_U314                                                                       | 1    |        | r_V_627        | mul | dsp48  | 3       |
|     p_Val2_188_fu_2204_p2                                                                              | -    |        | p_Val2_188     | add | fabric | 0       |
|     mul_mul_15ns_15s_30_4_1_U315                                                                       | 1    |        | r_V_628        | mul | dsp48  | 3       |
|     mul_23s_22s_45_5_1_U357                                                                            | -    |        | p_Val2_191     | add | fabric | 0       |
|     mul_mul_15ns_15s_30_4_1_U316                                                                       | 1    |        | r_V_629        | mul | dsp48  | 3       |
|     p_Val2_194_fu_2594_p2                                                                              | -    |        | p_Val2_194     | add | fabric | 0       |
|     mul_mul_15ns_15s_30_4_1_U317                                                                       | 1    |        | r_V_630        | mul | dsp48  | 3       |
|     mul_23s_22s_45_5_1_U371                                                                            | -    |        | p_Val2_197     | add | fabric | 0       |
|     mul_mul_15ns_15s_30_4_1_U318                                                                       | 1    |        | r_V_631        | mul | dsp48  | 3       |
|     p_Val2_200_fu_2984_p2                                                                              | -    |        | p_Val2_200     | add | fabric | 0       |
|     mul_mul_15ns_15s_30_4_1_U319                                                                       | 1    |        | r_V_632        | mul | dsp48  | 3       |
|     p_Val2_203_fu_3244_p2                                                                              | -    |        | p_Val2_203     | add | fabric | 0       |
|     mul_mul_15ns_15s_30_4_1_U320                                                                       | 1    |        | r_V_633        | mul | dsp48  | 3       |
|     p_Val2_206_fu_3374_p2                                                                              | -    |        | p_Val2_206     | add | fabric | 0       |
|     mul_mul_15ns_15s_30_4_1_U321                                                                       | 1    |        | r_V_634        | mul | dsp48  | 3       |
|     p_Val2_209_fu_3634_p2                                                                              | -    |        | p_Val2_209     | add | fabric | 0       |
|     mul_mul_15ns_15s_30_4_1_U322                                                                       | 1    |        | r_V_635        | mul | dsp48  | 3       |
|     p_Val2_212_fu_3764_p2                                                                              | -    |        | p_Val2_212     | add | fabric | 0       |
|     mul_mul_15ns_15s_30_4_1_U323                                                                       | 1    |        | r_V_636        | mul | dsp48  | 3       |
|     p_Val2_215_fu_4024_p2                                                                              | -    |        | p_Val2_215     | add | fabric | 0       |
|     mul_mul_15ns_15s_30_4_1_U324                                                                       | 1    |        | r_V_637        | mul | dsp48  | 3       |
|     p_Val2_218_fu_4154_p2                                                                              | -    |        | p_Val2_218     | add | fabric | 0       |
|     mul_mul_15ns_15s_30_4_1_U325                                                                       | 1    |        | r_V_638        | mul | dsp48  | 3       |
|     p_Val2_221_fu_4414_p2                                                                              | -    |        | p_Val2_221     | add | fabric | 0       |
|     mul_mul_15ns_15s_30_4_1_U326                                                                       | 1    |        | r_V_639        | mul | dsp48  | 3       |
|     p_Val2_224_fu_4544_p2                                                                              | -    |        | p_Val2_224     | add | fabric | 0       |
|     mul_mul_15ns_15s_30_4_1_U327                                                                       | 1    |        | r_V_640        | mul | dsp48  | 3       |
|     p_Val2_227_fu_4804_p2                                                                              | -    |        | p_Val2_227     | add | fabric | 0       |
|     mul_mul_15ns_15s_30_4_1_U328                                                                       | 1    |        | r_V_641        | mul | dsp48  | 3       |
|     p_Val2_230_fu_4934_p2                                                                              | -    |        | p_Val2_230     | add | fabric | 0       |
|     mul_mul_15ns_15s_30_4_1_U329                                                                       | 1    |        | r_V_642        | mul | dsp48  | 3       |
|     p_Val2_233_fu_5194_p2                                                                              | -    |        | p_Val2_233     | add | fabric | 0       |
|     mul_mul_15ns_15s_30_4_1_U330                                                                       | 1    |        | r_V_643        | mul | dsp48  | 3       |
|     p_Val2_236_fu_5324_p2                                                                              | -    |        | p_Val2_236     | add | fabric | 0       |
|     mul_mul_15ns_15s_30_4_1_U331                                                                       | 1    |        | r_V_644        | mul | dsp48  | 3       |
|     p_Val2_239_fu_5584_p2                                                                              | -    |        | p_Val2_239     | add | fabric | 0       |
|     mul_mul_15ns_15s_30_4_1_U332                                                                       | 1    |        | r_V_645        | mul | dsp48  | 3       |
|     p_Val2_242_fu_5714_p2                                                                              | -    |        | p_Val2_242     | add | fabric | 0       |
|     mul_mul_15ns_15s_30_4_1_U333                                                                       | 1    |        | r_V_646        | mul | dsp48  | 3       |
|     p_Val2_245_fu_5974_p2                                                                              | -    |        | p_Val2_245     | add | fabric | 0       |
|     mul_mul_15ns_15s_30_4_1_U334                                                                       | 1    |        | r_V_647        | mul | dsp48  | 3       |
|     p_Val2_248_fu_6104_p2                                                                              | -    |        | p_Val2_248     | add | fabric | 0       |
|     mul_mul_15ns_15s_30_4_1_U335                                                                       | 1    |        | r_V_648        | mul | dsp48  | 3       |
|     p_Val2_251_fu_6364_p2                                                                              | -    |        | p_Val2_251     | add | fabric | 0       |
|     mul_mul_15ns_15s_30_4_1_U336                                                                       | 1    |        | r_V_649        | mul | dsp48  | 3       |
|     p_Val2_254_fu_6494_p2                                                                              | -    |        | p_Val2_254     | add | fabric | 0       |
|     mul_mul_15ns_15s_30_4_1_U337                                                                       | 1    |        | r_V_650        | mul | dsp48  | 3       |
|     p_Val2_257_fu_6724_p2                                                                              | -    |        | p_Val2_257     | add | fabric | 0       |
|     mul_mul_15ns_15s_30_4_1_U338                                                                       | 1    |        | r_V_651        | mul | dsp48  | 3       |
|     p_Val2_260_fu_6854_p2                                                                              | -    |        | p_Val2_260     | add | fabric | 0       |
|     mul_mul_15ns_15s_30_4_1_U339                                                                       | 1    |        | r_V_652        | mul | dsp48  | 3       |
|     p_Val2_263_fu_7084_p2                                                                              | -    |        | p_Val2_263     | add | fabric | 0       |
|     mul_mul_15ns_15s_30_4_1_U340                                                                       | 1    |        | r_V_653        | mul | dsp48  | 3       |
|     p_Val2_266_fu_7214_p2                                                                              | -    |        | p_Val2_266     | add | fabric | 0       |
|     mul_mul_15ns_15s_30_4_1_U341                                                                       | 1    |        | r_V_654        | mul | dsp48  | 3       |
|     p_Val2_269_fu_7444_p2                                                                              | -    |        | p_Val2_269     | add | fabric | 0       |
|     mul_mul_15ns_15s_30_4_1_U342                                                                       | 1    |        | r_V_655        | mul | dsp48  | 3       |
|     p_Val2_272_fu_7574_p2                                                                              | -    |        | p_Val2_272     | add | fabric | 0       |
|    + gru_cell_step_Pipeline_VITIS_LOOP_69_1 (grp_gru_cell_step_Pipeline_VITIS_LOOP_69_1_fu_917)        | 33   |        |                |     |        |         |
|      add_ln69_fu_1848_p2                                                                               | -    |        | add_ln69       | add | fabric | 0       |
|      mul_24s_23s_47_3_1_U7                                                                             | 1    | yes    | r_V_250        | mul | dsp    | 2       |
|      ret_V_544_fu_2394_p2                                                                              | -    |        | ret_V_544      | add | fabric | 0       |
|      mul_23s_21s_44_5_1_U34                                                                            | 1    |        | r_V_277        | mul | auto   | 4       |
|      mul_23s_21s_44_5_1_U40                                                                            | 1    |        | r_V_283        | mul | auto   | 4       |
|      mul_23s_22s_45_5_1_U41                                                                            | 1    |        | r_V_284        | mul | auto   | 4       |
|      mul_23s_22s_45_5_1_U42                                                                            | 1    |        | r_V_285        | mul | auto   | 4       |
|      mul_23s_22s_45_5_1_U43                                                                            | 1    |        | r_V_286        | mul | auto   | 4       |
|      mul_23s_22s_45_5_1_U44                                                                            | 1    |        | r_V_287        | mul | auto   | 4       |
|      mul_23s_22s_45_5_1_U45                                                                            | 1    |        | r_V_288        | mul | auto   | 4       |
|      mul_23s_23s_46_5_1_U47                                                                            | 1    |        | r_V_289        | mul | auto   | 4       |
|      mul_23s_22s_45_5_1_U48                                                                            | 1    |        | r_V_291        | mul | auto   | 4       |
|      mul_23s_22s_45_5_1_U49                                                                            | 1    |        | r_V_292        | mul | auto   | 4       |
|      mul_23s_21s_44_5_1_U50                                                                            | 1    |        | r_V_293        | mul | auto   | 4       |
|      mul_23s_22s_45_5_1_U51                                                                            | 1    |        | r_V_294        | mul | auto   | 4       |
|      mul_23s_21s_44_5_1_U52                                                                            | 1    |        | r_V_295        | mul | auto   | 4       |
|      mul_23s_22s_45_5_1_U53                                                                            | 1    |        | r_V_296        | mul | auto   | 4       |
|      mul_23s_22s_45_5_1_U54                                                                            | 1    |        | r_V_297        | mul | auto   | 4       |
|      mul_23s_21s_44_5_1_U55                                                                            | 1    |        | r_V_298        | mul | auto   | 4       |
|      mul_23s_22s_45_5_1_U56                                                                            | 1    |        | r_V_299        | mul | auto   | 4       |
|      mul_23s_23s_46_5_1_U57                                                                            | 1    |        | r_V_300        | mul | auto   | 4       |
|      mul_23s_22s_45_5_1_U58                                                                            | 1    |        | r_V_301        | mul | auto   | 4       |
|      ret_V_594_fu_3575_p2                                                                              | -    |        | ret_V_594      | add | fabric | 0       |
|      mul_23s_22s_45_5_1_U59                                                                            | 1    |        | r_V_302        | mul | auto   | 4       |
|      mul_23s_22s_45_5_1_U60                                                                            | 1    |        | r_V_303        | mul | auto   | 4       |
|      mul_23s_21s_44_5_1_U61                                                                            | 1    |        | r_V_304        | mul | auto   | 4       |
|      mul_23s_21s_44_5_1_U62                                                                            | 1    |        | r_V_305        | mul | auto   | 4       |
|      mul_23s_22s_45_5_1_U63                                                                            | 1    |        | r_V_306        | mul | auto   | 4       |
|      mul_23s_21s_44_5_1_U66                                                                            | 1    |        | r_V_307        | mul | auto   | 4       |
|      mul_23s_22s_45_5_1_U64                                                                            | 1    |        | r_V_308        | mul | auto   | 4       |
|      mul_23s_21s_44_5_1_U67                                                                            | 1    |        | r_V_309        | mul | auto   | 4       |
|      mul_23s_22s_45_5_1_U65                                                                            | 1    |        | r_V_310        | mul | auto   | 4       |
|      mul_23s_22s_45_5_1_U68                                                                            | 1    |        | r_V_311        | mul | auto   | 4       |
|      mul_23s_22s_45_5_1_U69                                                                            | 1    |        | r_V_312        | mul | auto   | 4       |
|      mul_23s_22s_45_5_1_U70                                                                            | 1    |        | r_V_313        | mul | auto   | 4       |
|      mul_23s_22s_45_5_1_U71                                                                            | 1    |        | r_V_314        | mul | auto   | 4       |
|      sum_z_V_4_fu_3737_p2                                                                              | -    |        | sum_z_V_4      | add | fabric | 0       |
|      sum_r_V_4_fu_3717_p2                                                                              | -    |        | sum_r_V_4      | add | fabric | 0       |
|      add_ln1347_fu_3781_p2                                                                             | -    |        | add_ln1347     | add | fabric | 0       |
|      add_ln1347_35_fu_3754_p2                                                                          | -    |        | add_ln1347_35  | add | fabric | 0       |
|    + gru_cell_step_Pipeline_VITIS_LOOP_120_5 (grp_gru_cell_step_Pipeline_VITIS_LOOP_120_5_fu_1107)     | 2    |        |                |     |        |         |
|      add_ln120_fu_1209_p2                                                                              | -    |        | add_ln120      | add | fabric | 0       |
|      ret_V_607_fu_1559_p2                                                                              | -    |        | ret_V_607      | add | fabric | 0       |
|      ret_V_616_fu_1972_p2                                                                              | -    |        | ret_V_616      | add | fabric | 0       |
|      sum_h_V_4_fu_2530_p2                                                                              | -    |        | sum_h_V_4      | add | fabric | 0       |
|      add_ln123_fu_2590_p2                                                                              | -    |        | add_ln123      | add | fabric | 0       |
|      add_ln123_1_fu_2536_p2                                                                            | -    |        | add_ln123_1    | add | fabric | 0       |
|      hh_V_1_fu_2598_p2                                                                                 | -    |        | hh_V_1         | add | fabric | 0       |
|      one_minus_z_V_fu_2711_p2                                                                          | -    |        | one_minus_z_V  | sub | fabric | 0       |
|      mul_mul_15s_15ns_30_4_1_U233                                                                      | 1    |        | r_V_355        | mul | dsp48  | 3       |
|      mul_mul_16s_15s_31_4_1_U234                                                                       | 1    |        | r_V_356        | mul | dsp48  | 3       |
|      ret_V_638_fu_2771_p2                                                                              | -    |        | ret_V_638      | add | fabric | 0       |
|      add_ln823_fu_2794_p2                                                                              | -    |        | add_ln823      | add | fabric | 0       |
|      h_upd_V_4_fu_2818_p2                                                                              | -    |        | h_upd_V_4      | add | fabric | 0       |
|   + gru_cell_step_1 (grp_gru_cell_step_1_fu_2511)                                                      | 101  |        |                |     |        |         |
|     mul_mul_15ns_15s_30_4_1_U704                                                                       | 1    |        | r_V_528        | mul | dsp48  | 3       |
|     p_Val2_28_fu_1679_p2                                                                               | -    |        | p_Val2_28      | add | fabric | 0       |
|     mul_mul_15ns_15s_30_4_1_U705                                                                       | 1    |        | r_V_529        | mul | dsp48  | 3       |
|     p_Val2_37_fu_1809_p2                                                                               | -    |        | p_Val2_37      | add | fabric | 0       |
|     mul_mul_15ns_15s_30_4_1_U706                                                                       | 1    |        | r_V_530        | mul | dsp48  | 3       |
|     mul_23s_22s_45_5_1_U742                                                                            | -    |        | p_Val2_46      | add | fabric | 0       |
|     mul_mul_15ns_15s_30_4_1_U707                                                                       | 1    |        | r_V_531        | mul | dsp48  | 3       |
|     mul_23s_22s_45_5_1_U747                                                                            | -    |        | p_Val2_55      | add | fabric | 0       |
|     mul_23s_22s_45_5_1_U751                                                                            | 1    |        | r_V_532        | mul | dsp48  | 3       |
|     p_Val2_64_fu_2433_p2                                                                               | -    |        | p_Val2_64      | add | fabric | 0       |
|     mul_mul_15ns_15s_30_4_1_U709                                                                       | 1    |        | r_V_533        | mul | dsp48  | 3       |
|     p_Val2_73_fu_2563_p2                                                                               | -    |        | p_Val2_73      | add | fabric | 0       |
|     mul_mul_15ns_15s_30_4_1_U710                                                                       | 1    |        | r_V_534        | mul | dsp48  | 3       |
|     p_Val2_82_fu_2823_p2                                                                               | -    |        | p_Val2_82      | add | fabric | 0       |
|     mul_mul_15ns_15s_30_4_1_U711                                                                       | 1    |        | r_V_535        | mul | dsp48  | 3       |
|     p_Val2_91_fu_2953_p2                                                                               | -    |        | p_Val2_91      | add | fabric | 0       |
|     mul_mul_15ns_15s_30_4_1_U712                                                                       | 1    |        | r_V_536        | mul | dsp48  | 3       |
|     p_Val2_100_fu_3213_p2                                                                              | -    |        | p_Val2_100     | add | fabric | 0       |
|     mul_mul_15ns_15s_30_4_1_U713                                                                       | 1    |        | r_V_537        | mul | dsp48  | 3       |
|     p_Val2_109_fu_3343_p2                                                                              | -    |        | p_Val2_109     | add | fabric | 0       |
|     mul_mul_15ns_15s_30_4_1_U714                                                                       | 1    |        | r_V_538        | mul | dsp48  | 3       |
|     p_Val2_114_fu_3603_p2                                                                              | -    |        | p_Val2_114     | add | fabric | 0       |
|     mul_mul_15ns_15s_30_4_1_U715                                                                       | 1    |        | r_V_539        | mul | dsp48  | 3       |
|     p_Val2_117_fu_3733_p2                                                                              | -    |        | p_Val2_117     | add | fabric | 0       |
|     mul_mul_15ns_15s_30_4_1_U716                                                                       | 1    |        | r_V_540        | mul | dsp48  | 3       |
|     p_Val2_120_fu_3993_p2                                                                              | -    |        | p_Val2_120     | add | fabric | 0       |
|     mul_mul_15ns_15s_30_4_1_U717                                                                       | 1    |        | r_V_541        | mul | dsp48  | 3       |
|     p_Val2_123_fu_4123_p2                                                                              | -    |        | p_Val2_123     | add | fabric | 0       |
|     mul_mul_15ns_15s_30_4_1_U718                                                                       | 1    |        | r_V_542        | mul | dsp48  | 3       |
|     p_Val2_126_fu_4383_p2                                                                              | -    |        | p_Val2_126     | add | fabric | 0       |
|     mul_mul_15ns_15s_30_4_1_U719                                                                       | 1    |        | r_V_543        | mul | dsp48  | 3       |
|     p_Val2_129_fu_4513_p2                                                                              | -    |        | p_Val2_129     | add | fabric | 0       |
|     mul_mul_15ns_15s_30_4_1_U720                                                                       | 1    |        | r_V_544        | mul | dsp48  | 3       |
|     p_Val2_132_fu_4773_p2                                                                              | -    |        | p_Val2_132     | add | fabric | 0       |
|     mul_mul_15ns_15s_30_4_1_U721                                                                       | 1    |        | r_V_545        | mul | dsp48  | 3       |
|     p_Val2_135_fu_4903_p2                                                                              | -    |        | p_Val2_135     | add | fabric | 0       |
|     mul_mul_15ns_15s_30_4_1_U722                                                                       | 1    |        | r_V_546        | mul | dsp48  | 3       |
|     p_Val2_138_fu_5163_p2                                                                              | -    |        | p_Val2_138     | add | fabric | 0       |
|     mul_mul_15ns_15s_30_4_1_U723                                                                       | 1    |        | r_V_547        | mul | dsp48  | 3       |
|     p_Val2_141_fu_5293_p2                                                                              | -    |        | p_Val2_141     | add | fabric | 0       |
|     mul_mul_15ns_15s_30_4_1_U724                                                                       | 1    |        | r_V_548        | mul | dsp48  | 3       |
|     p_Val2_144_fu_5553_p2                                                                              | -    |        | p_Val2_144     | add | fabric | 0       |
|     mul_mul_15ns_15s_30_4_1_U725                                                                       | 1    |        | r_V_549        | mul | dsp48  | 3       |
|     p_Val2_147_fu_5683_p2                                                                              | -    |        | p_Val2_147     | add | fabric | 0       |
|     mul_mul_15ns_15s_30_4_1_U726                                                                       | 1    |        | r_V_550        | mul | dsp48  | 3       |
|     p_Val2_150_fu_5943_p2                                                                              | -    |        | p_Val2_150     | add | fabric | 0       |
|     mul_mul_15ns_15s_30_4_1_U727                                                                       | 1    |        | r_V_551        | mul | dsp48  | 3       |
|     p_Val2_153_fu_6073_p2                                                                              | -    |        | p_Val2_153     | add | fabric | 0       |
|     mul_mul_15ns_15s_30_4_1_U728                                                                       | 1    |        | r_V_552        | mul | dsp48  | 3       |
|     p_Val2_156_fu_6333_p2                                                                              | -    |        | p_Val2_156     | add | fabric | 0       |
|     mul_mul_15ns_15s_30_4_1_U729                                                                       | 1    |        | r_V_553        | mul | dsp48  | 3       |
|     p_Val2_159_fu_6463_p2                                                                              | -    |        | p_Val2_159     | add | fabric | 0       |
|     mul_mul_15ns_15s_30_4_1_U730                                                                       | 1    |        | r_V_554        | mul | dsp48  | 3       |
|     p_Val2_162_fu_6693_p2                                                                              | -    |        | p_Val2_162     | add | fabric | 0       |
|     mul_mul_15ns_15s_30_4_1_U731                                                                       | 1    |        | r_V_555        | mul | dsp48  | 3       |
|     p_Val2_165_fu_6823_p2                                                                              | -    |        | p_Val2_165     | add | fabric | 0       |
|     mul_mul_15ns_15s_30_4_1_U732                                                                       | 1    |        | r_V_556        | mul | dsp48  | 3       |
|     p_Val2_168_fu_7053_p2                                                                              | -    |        | p_Val2_168     | add | fabric | 0       |
|     mul_mul_15ns_15s_30_4_1_U733                                                                       | 1    |        | r_V_557        | mul | dsp48  | 3       |
|     p_Val2_171_fu_7183_p2                                                                              | -    |        | p_Val2_171     | add | fabric | 0       |
|     mul_mul_15ns_15s_30_4_1_U734                                                                       | 1    |        | r_V_558        | mul | dsp48  | 3       |
|     p_Val2_174_fu_7413_p2                                                                              | -    |        | p_Val2_174     | add | fabric | 0       |
|     mul_mul_15ns_15s_30_4_1_U735                                                                       | 1    |        | r_V_559        | mul | dsp48  | 3       |
|     p_Val2_177_fu_7543_p2                                                                              | -    |        | p_Val2_177     | add | fabric | 0       |
|    + gru_cell_step_1_Pipeline_VITIS_LOOP_69_1 (grp_gru_cell_step_1_Pipeline_VITIS_LOOP_69_1_fu_903)    | 35   |        |                |     |        |         |
|      add_ln69_fu_1706_p2                                                                               | -    |        | add_ln69       | add | fabric | 0       |
|      ret_V_714_fu_2345_p2                                                                              | -    |        | ret_V_714      | add | fabric | 0       |
|      ret_V_724_fu_2550_p2                                                                              | -    |        | ret_V_724      | add | fabric | 0       |
|      mul_23s_23s_46_5_1_U436                                                                           | 1    |        | r_V_375        | mul | auto   | 4       |
|      mul_23s_23s_46_5_1_U438                                                                           | 1    |        | r_V_376        | mul | auto   | 4       |
|      mul_23s_23s_46_5_1_U439                                                                           | 1    |        | r_V_378        | mul | auto   | 4       |
|      mul_23s_23s_46_5_1_U442                                                                           | 1    |        | r_V_381        | mul | auto   | 4       |
|      mul_23s_23s_46_5_1_U443                                                                           | 1    |        | r_V_382        | mul | auto   | 4       |
|      ret_V_734_fu_2955_p2                                                                              | -    |        | ret_V_734      | add | fabric | 0       |
|      mul_23s_23s_46_5_1_U446                                                                           | 1    |        | r_V_385        | mul | auto   | 4       |
|      mul_23s_23s_46_5_1_U451                                                                           | 1    |        | r_V_390        | mul | auto   | 4       |
|      mul_23s_23s_46_5_1_U452                                                                           | 1    |        | r_V_391        | mul | auto   | 4       |
|      mul_23s_22s_45_5_1_U453                                                                           | 1    |        | r_V_392        | mul | auto   | 4       |
|      mul_23s_22s_45_5_1_U454                                                                           | 1    |        | r_V_393        | mul | auto   | 4       |
|      mul_23s_23s_46_5_1_U457                                                                           | 1    |        | r_V_394        | mul | auto   | 4       |
|      mul_23s_22s_45_5_1_U455                                                                           | 1    |        | r_V_395        | mul | auto   | 4       |
|      mul_23s_22s_45_5_1_U458                                                                           | 1    |        | r_V_396        | mul | auto   | 4       |
|      mul_23s_23s_46_5_1_U456                                                                           | 1    |        | r_V_397        | mul | auto   | 4       |
|      mul_23s_22s_45_5_1_U459                                                                           | 1    |        | r_V_398        | mul | auto   | 4       |
|      mul_23s_22s_45_5_1_U461                                                                           | 1    |        | r_V_400        | mul | auto   | 4       |
|      mul_23s_22s_45_5_1_U462                                                                           | 1    |        | r_V_401        | mul | auto   | 4       |
|      mul_23s_22s_45_5_1_U463                                                                           | 1    |        | r_V_402        | mul | auto   | 4       |
|      mul_23s_23s_46_5_1_U464                                                                           | 1    |        | r_V_403        | mul | auto   | 4       |
|      ret_V_753_fu_3199_p2                                                                              | -    |        | ret_V_753      | add | fabric | 0       |
|      mul_23s_22s_45_5_1_U465                                                                           | 1    |        | r_V_404        | mul | auto   | 4       |
|      mul_23s_23s_46_5_1_U466                                                                           | 1    |        | r_V_405        | mul | auto   | 4       |
|      mul_23s_23s_46_5_1_U467                                                                           | 1    |        | r_V_406        | mul | auto   | 4       |
|      mul_23s_22s_45_5_1_U468                                                                           | 1    |        | r_V_407        | mul | auto   | 4       |
|      mul_23s_22s_45_5_1_U469                                                                           | 1    |        | r_V_408        | mul | auto   | 4       |
|      mul_23s_22s_45_5_1_U471                                                                           | 1    |        | r_V_410        | mul | auto   | 4       |
|      mul_23s_22s_45_5_1_U472                                                                           | 1    |        | r_V_411        | mul | auto   | 4       |
|      mul_23s_22s_45_5_1_U473                                                                           | 1    |        | r_V_412        | mul | auto   | 4       |
|      mul_23s_22s_45_5_1_U474                                                                           | 1    |        | r_V_413        | mul | auto   | 4       |
|      mul_23s_22s_45_5_1_U476                                                                           | 1    |        | r_V_414        | mul | auto   | 4       |
|      mul_23s_23s_46_5_1_U475                                                                           | 1    |        | r_V_415        | mul | auto   | 4       |
|      mul_23s_22s_45_5_1_U477                                                                           | 1    |        | r_V_416        | mul | auto   | 4       |
|      mul_23s_23s_46_5_1_U478                                                                           | 1    |        | r_V_417        | mul | auto   | 4       |
|      mul_23s_22s_45_5_1_U479                                                                           | 1    |        | r_V_418        | mul | auto   | 4       |
|      mul_23s_23s_46_5_1_U480                                                                           | 1    |        | r_V_419        | mul | auto   | 4       |
|      mul_23s_23s_46_5_1_U481                                                                           | 1    |        | r_V_420        | mul | auto   | 4       |
|      sum_z_V_7_fu_3396_p2                                                                              | -    |        | sum_z_V_7      | add | fabric | 0       |
|      sum_r_V_7_fu_3416_p2                                                                              | -    |        | sum_r_V_7      | add | fabric | 0       |
|      add_ln1347_fu_3433_p2                                                                             | -    |        | add_ln1347     | add | fabric | 0       |
|      add_ln1347_1_fu_3510_p2                                                                           | -    |        | add_ln1347_1   | add | fabric | 0       |
|    + gru_cell_step_1_Pipeline_VITIS_LOOP_120_5 (grp_gru_cell_step_1_Pipeline_VITIS_LOOP_120_5_fu_1089) | 5    |        |                |     |        |         |
|      add_ln120_fu_1137_p2                                                                              | -    |        | add_ln120      | add | fabric | 0       |
|      add_ln1347_544_fu_1453_p2                                                                         | -    |        | add_ln1347_544 | add | fabric | 0       |
|      ret_V_806_fu_1698_p2                                                                              | -    |        | ret_V_806      | add | fabric | 0       |
|      mul_23s_21s_44_5_1_U621                                                                           | 1    |        | r_V_447        | mul | auto   | 4       |
|      mul_23s_21s_44_5_1_U627                                                                           | 1    |        | r_V_453        | mul | auto   | 4       |
|      mul_23s_21s_44_5_1_U628                                                                           | 1    |        | r_V_454        | mul | auto   | 4       |
|      sum_h_V_7_fu_2361_p2                                                                              | -    |        | sum_h_V_7      | add | fabric | 0       |
|      add_ln123_fu_2456_p2                                                                              | -    |        | add_ln123      | add | fabric | 0       |
|      add_ln123_1_fu_2367_p2                                                                            | -    |        | add_ln123_1    | add | fabric | 0       |
|      hh_V_2_fu_2401_p2                                                                                 | -    |        | hh_V_2         | add | fabric | 0       |
|      one_minus_z_V_fu_2562_p2                                                                          | -    |        | one_minus_z_V  | sub | fabric | 0       |
|      mul_mul_15s_15ns_30_4_1_U631                                                                      | 1    |        | r_V_462        | mul | dsp48  | 3       |
|      mul_mul_16s_15s_31_4_1_U632                                                                       | 1    |        | r_V_463        | mul | dsp48  | 3       |
|      ret_V_830_fu_2602_p2                                                                              | -    |        | ret_V_830      | add | fabric | 0       |
|      add_ln823_fu_2625_p2                                                                              | -    |        | add_ln823      | add | fabric | 0       |
|      h_upd_V_7_fu_2649_p2                                                                              | -    |        | h_upd_V_7      | add | fabric | 0       |
|   + lane_worker8_8_Pipeline_VITIS_LOOP_238_7                                                           | 32   |        |                |     |        |         |
|     add_ln238_fu_1022_p2                                                                               | -    |        | add_ln238      | add | fabric | 0       |
|     add_ln247_fu_2268_p2                                                                               | -    |        | add_ln247      | add | fabric | 0       |
|     mul_23s_21ns_44_5_1_U1349                                                                          | 1    |        | r_V            | mul | auto   | 4       |
|     mul_23s_23s_46_5_1_U1350                                                                           | 1    |        | r_V_32         | mul | auto   | 4       |
|     mul_23s_22s_45_5_1_U1351                                                                           | 1    |        | r_V_33         | mul | auto   | 4       |
|     add_ln1347_fu_1281_p2                                                                              | -    |        | add_ln1347     | add | fabric | 0       |
|     mul_23s_22s_45_5_1_U1352                                                                           | 1    |        | r_V_34         | mul | auto   | 4       |
|     ret_V_93_fu_1406_p2                                                                                | -    |        | ret_V_93       | add | fabric | 0       |
|     mul_23s_23s_46_5_1_U1353                                                                           | 1    |        | r_V_35         | mul | auto   | 4       |
|     mul_23s_21s_44_5_1_U1354                                                                           | 1    |        | r_V_36         | mul | auto   | 4       |
|     mul_23s_22s_45_5_1_U1355                                                                           | 1    |        | r_V_37         | mul | auto   | 4       |
|     mul_23s_20ns_43_5_1_U1356                                                                          | 1    |        | r_V_38         | mul | auto   | 4       |
|     mul_23s_22s_45_5_1_U1357                                                                           | 1    |        | r_V_39         | mul | auto   | 4       |
|     mul_23s_22s_45_5_1_U1358                                                                           | 1    |        | r_V_40         | mul | auto   | 4       |
|     mul_23s_22s_45_5_1_U1359                                                                           | 1    |        | r_V_41         | mul | auto   | 4       |
|     mul_23s_22s_45_5_1_U1360                                                                           | 1    |        | r_V_42         | mul | auto   | 4       |
|     mul_23s_23s_46_5_1_U1361                                                                           | 1    |        | r_V_43         | mul | auto   | 4       |
|     mul_23s_22s_45_5_1_U1362                                                                           | 1    |        | r_V_44         | mul | auto   | 4       |
|     mul_23s_22s_45_5_1_U1363                                                                           | 1    |        | r_V_45         | mul | auto   | 4       |
|     mul_23s_22s_45_5_1_U1364                                                                           | 1    |        | r_V_46         | mul | auto   | 4       |
|     mul_23s_21s_44_5_1_U1365                                                                           | 1    |        | r_V_47         | mul | auto   | 4       |
|     mul_23s_22s_45_5_1_U1366                                                                           | 1    |        | r_V_48         | mul | auto   | 4       |
|     mul_23s_22s_45_5_1_U1367                                                                           | 1    |        | r_V_49         | mul | auto   | 4       |
|     mul_23s_20s_43_5_1_U1368                                                                           | 1    |        | r_V_50         | mul | auto   | 4       |
|     mul_23s_22s_45_5_1_U1369                                                                           | 1    |        | r_V_51         | mul | auto   | 4       |
|     mul_23s_22s_45_5_1_U1370                                                                           | 1    |        | r_V_52         | mul | auto   | 4       |
|     mul_23s_22s_45_5_1_U1371                                                                           | 1    |        | r_V_53         | mul | auto   | 4       |
|     mul_23s_22s_45_5_1_U1372                                                                           | 1    |        | r_V_54         | mul | auto   | 4       |
|     mul_23s_21s_44_5_1_U1373                                                                           | 1    |        | r_V_55         | mul | auto   | 4       |
|     mul_23s_21s_44_5_1_U1374                                                                           | 1    |        | r_V_56         | mul | auto   | 4       |
|     mul_23s_22s_45_5_1_U1375                                                                           | 1    |        | r_V_57         | mul | auto   | 4       |
|     mul_23s_22s_45_5_1_U1376                                                                           | 1    |        | r_V_58         | mul | auto   | 4       |
|     mul_23s_21s_44_5_1_U1377                                                                           | 1    |        | r_V_59         | mul | auto   | 4       |
|     mul_23s_22s_45_5_1_U1378                                                                           | 1    |        | r_V_60         | mul | auto   | 4       |
|     mul_23s_21ns_44_5_1_U1379                                                                          | 1    |        | r_V_61         | mul | auto   | 4       |
|     mul_23s_22s_45_5_1_U1380                                                                           | 1    |        | r_V_62         | mul | auto   | 4       |
|     sum_o_V_7_fu_2172_p2                                                                               | -    |        | sum_o_V_7      | add | fabric | 0       |
|     add_ln240_fu_2279_p2                                                                               | -    |        | add_ln240      | add | fabric | 0       |
|     add_ln240_1_fu_2178_p2                                                                             | -    |        | add_ln240_1    | add | fabric | 0       |
|     p_Val2_3_fu_2213_p2                                                                                | -    |        | p_Val2_3       | add | fabric | 0       |
|   + lane_worker8_8_Pipeline_WRITE_PIXEL_T_WRITE_PIXEL_O                                                | 0    |        |                |     |        |         |
|     add_ln21_1_fu_129_p2                                                                               | -    |        | add_ln21_1     | add | fabric | 0       |
|     add_ln21_fu_141_p2                                                                                 | -    |        | add_ln21       | add | fabric | 0       |
|     add_ln22_fu_173_p2                                                                                 | -    |        | add_ln22       | add | fabric | 0       |
+--------------------------------------------------------------------------------------------------------+------+--------+----------------+-----+--------+---------+


================================================================
== Bind Storage Report
================================================================
+--------------------------------------------------------------------------------------------------------+------+------+--------+--------------------------------------+---------+------+---------+
| Name                                                                                                   | BRAM | URAM | Pragma | Variable                             | Storage | Impl | Latency |
+--------------------------------------------------------------------------------------------------------+------+------+--------+--------------------------------------+---------+------+---------+
| + student_infer_frame_streaming8                                                                       | 16   | 0    |        |                                      |         |      |         |
|  + lane_worker8                                                                                        | 2    | 0    |        |                                      |         |      |         |
|    h_enc_V_U                                                                                           | -    | -    |        | h_enc_V                              | ram_t2p | auto | 1       |
|    h_enc_V_22_U                                                                                        | -    | -    |        | h_enc_V_22                           | ram_t2p | auto | 1       |
|    h_enc_V_23_U                                                                                        | -    | -    |        | h_enc_V_23                           | ram_t2p | auto | 1       |
|    h_enc_V_24_U                                                                                        | -    | -    |        | h_enc_V_24                           | ram_t2p | auto | 1       |
|    h_dec_V_U                                                                                           | -    | -    |        | h_dec_V                              | ram_t2p | auto | 1       |
|    h_dec_V_22_U                                                                                        | -    | -    |        | h_dec_V_22                           | ram_t2p | auto | 1       |
|    h_dec_V_23_U                                                                                        | -    | -    |        | h_dec_V_23                           | ram_t2p | auto | 1       |
|    h_dec_V_24_U                                                                                        | -    | -    |        | h_dec_V_24                           | ram_t2p | auto | 1       |
|    h_next_V_U                                                                                          | -    | -    |        | h_next_V                             | ram_s2p | auto | 1       |
|    h_next_V_8_U                                                                                        | -    | -    |        | h_next_V_8                           | ram_s2p | auto | 1       |
|    tpsf_in_V_U                                                                                         | 1    | -    |        | tpsf_in_V                            | ram_1p  | auto | 1       |
|    sfd_out_V_U                                                                                         | 1    | -    |        | sfd_out_V                            | ram_1p  | auto | 1       |
|   + gru_cell_step (grp_gru_cell_step_fu_2302)                                                          | 0    | 0    |        |                                      |         |      |         |
|     z_V_U                                                                                              | -    | -    |        | z_V                                  | ram_1p  | auto | 1       |
|     r_V_U                                                                                              | -    | -    |        | r_V                                  | ram_s2p | auto | 1       |
|    + gru_cell_step_Pipeline_VITIS_LOOP_69_1 (grp_gru_cell_step_Pipeline_VITIS_LOOP_69_1_fu_917)        | 0    | 0    |        |                                      |         |      |         |
|      p_ZL26sencgru_recurrent_kernel_z_0_0_U                                                            | -    | -    |        | p_ZL26sencgru_recurrent_kernel_z_0_0 | rom_1p  | auto | 1       |
|      p_ZL26sencgru_recurrent_kernel_r_0_0_U                                                            | -    | -    |        | p_ZL26sencgru_recurrent_kernel_r_0_0 | rom_1p  | auto | 1       |
|      p_ZL26sencgru_recurrent_kernel_z_1_0_U                                                            | -    | -    |        | p_ZL26sencgru_recurrent_kernel_z_1_0 | rom_1p  | auto | 1       |
|      p_ZL26sencgru_recurrent_kernel_r_1_0_U                                                            | -    | -    |        | p_ZL26sencgru_recurrent_kernel_r_1_0 | rom_1p  | auto | 1       |
|      p_ZL26sencgru_recurrent_kernel_z_2_0_U                                                            | -    | -    |        | p_ZL26sencgru_recurrent_kernel_z_2_0 | rom_1p  | auto | 1       |
|      p_ZL26sencgru_recurrent_kernel_r_2_0_U                                                            | -    | -    |        | p_ZL26sencgru_recurrent_kernel_r_2_0 | rom_1p  | auto | 1       |
|      p_ZL26sencgru_recurrent_kernel_z_3_0_U                                                            | -    | -    |        | p_ZL26sencgru_recurrent_kernel_z_3_0 | rom_1p  | auto | 1       |
|      p_ZL26sencgru_recurrent_kernel_r_3_0_U                                                            | -    | -    |        | p_ZL26sencgru_recurrent_kernel_r_3_0 | rom_1p  | auto | 1       |
|      p_ZL26sencgru_recurrent_kernel_z_4_0_U                                                            | -    | -    |        | p_ZL26sencgru_recurrent_kernel_z_4_0 | rom_1p  | auto | 1       |
|      p_ZL26sencgru_recurrent_kernel_r_4_0_U                                                            | -    | -    |        | p_ZL26sencgru_recurrent_kernel_r_4_0 | rom_1p  | auto | 1       |
|      p_ZL26sencgru_recurrent_kernel_z_5_0_U                                                            | -    | -    |        | p_ZL26sencgru_recurrent_kernel_z_5_0 | rom_1p  | auto | 1       |
|      p_ZL26sencgru_recurrent_kernel_r_5_0_U                                                            | -    | -    |        | p_ZL26sencgru_recurrent_kernel_r_5_0 | rom_1p  | auto | 1       |
|      p_ZL26sencgru_recurrent_kernel_z_6_0_U                                                            | -    | -    |        | p_ZL26sencgru_recurrent_kernel_z_6_0 | rom_1p  | auto | 1       |
|      p_ZL26sencgru_recurrent_kernel_r_6_0_U                                                            | -    | -    |        | p_ZL26sencgru_recurrent_kernel_r_6_0 | rom_1p  | auto | 1       |
|      p_ZL26sencgru_recurrent_kernel_z_7_0_U                                                            | -    | -    |        | p_ZL26sencgru_recurrent_kernel_z_7_0 | rom_1p  | auto | 1       |
|      p_ZL26sencgru_recurrent_kernel_r_7_0_U                                                            | -    | -    |        | p_ZL26sencgru_recurrent_kernel_r_7_0 | rom_1p  | auto | 1       |
|      p_ZL26sencgru_recurrent_kernel_z_0_1_U                                                            | -    | -    |        | p_ZL26sencgru_recurrent_kernel_z_0_1 | rom_1p  | auto | 1       |
|      p_ZL26sencgru_recurrent_kernel_r_0_1_U                                                            | -    | -    |        | p_ZL26sencgru_recurrent_kernel_r_0_1 | rom_1p  | auto | 1       |
|      p_ZL26sencgru_recurrent_kernel_z_1_1_U                                                            | -    | -    |        | p_ZL26sencgru_recurrent_kernel_z_1_1 | rom_1p  | auto | 1       |
|      p_ZL26sencgru_recurrent_kernel_r_1_1_U                                                            | -    | -    |        | p_ZL26sencgru_recurrent_kernel_r_1_1 | rom_1p  | auto | 1       |
|      p_ZL26sencgru_recurrent_kernel_z_2_1_U                                                            | -    | -    |        | p_ZL26sencgru_recurrent_kernel_z_2_1 | rom_1p  | auto | 1       |
|      p_ZL26sencgru_recurrent_kernel_r_2_1_U                                                            | -    | -    |        | p_ZL26sencgru_recurrent_kernel_r_2_1 | rom_1p  | auto | 1       |
|      p_ZL26sencgru_recurrent_kernel_z_3_1_U                                                            | -    | -    |        | p_ZL26sencgru_recurrent_kernel_z_3_1 | rom_1p  | auto | 1       |
|      p_ZL26sencgru_recurrent_kernel_r_3_1_U                                                            | -    | -    |        | p_ZL26sencgru_recurrent_kernel_r_3_1 | rom_1p  | auto | 1       |
|      p_ZL26sencgru_recurrent_kernel_z_4_1_U                                                            | -    | -    |        | p_ZL26sencgru_recurrent_kernel_z_4_1 | rom_1p  | auto | 1       |
|      p_ZL26sencgru_recurrent_kernel_r_4_1_U                                                            | -    | -    |        | p_ZL26sencgru_recurrent_kernel_r_4_1 | rom_1p  | auto | 1       |
|      p_ZL26sencgru_recurrent_kernel_z_5_1_U                                                            | -    | -    |        | p_ZL26sencgru_recurrent_kernel_z_5_1 | rom_1p  | auto | 1       |
|      p_ZL26sencgru_recurrent_kernel_r_5_1_U                                                            | -    | -    |        | p_ZL26sencgru_recurrent_kernel_r_5_1 | rom_1p  | auto | 1       |
|      p_ZL26sencgru_recurrent_kernel_z_6_1_U                                                            | -    | -    |        | p_ZL26sencgru_recurrent_kernel_z_6_1 | rom_1p  | auto | 1       |
|      p_ZL26sencgru_recurrent_kernel_r_6_1_U                                                            | -    | -    |        | p_ZL26sencgru_recurrent_kernel_r_6_1 | rom_1p  | auto | 1       |
|      p_ZL26sencgru_recurrent_kernel_z_7_1_U                                                            | -    | -    |        | p_ZL26sencgru_recurrent_kernel_z_7_1 | rom_1p  | auto | 1       |
|      p_ZL26sencgru_recurrent_kernel_r_7_1_U                                                            | -    | -    |        | p_ZL26sencgru_recurrent_kernel_r_7_1 | rom_1p  | auto | 1       |
|      p_ZL26sencgru_recurrent_kernel_z_0_2_U                                                            | -    | -    |        | p_ZL26sencgru_recurrent_kernel_z_0_2 | rom_1p  | auto | 1       |
|      p_ZL26sencgru_recurrent_kernel_r_0_2_U                                                            | -    | -    |        | p_ZL26sencgru_recurrent_kernel_r_0_2 | rom_1p  | auto | 1       |
|      p_ZL26sencgru_recurrent_kernel_z_1_2_U                                                            | -    | -    |        | p_ZL26sencgru_recurrent_kernel_z_1_2 | rom_1p  | auto | 1       |
|      p_ZL26sencgru_recurrent_kernel_r_1_2_U                                                            | -    | -    |        | p_ZL26sencgru_recurrent_kernel_r_1_2 | rom_1p  | auto | 1       |
|      p_ZL26sencgru_recurrent_kernel_z_2_2_U                                                            | -    | -    |        | p_ZL26sencgru_recurrent_kernel_z_2_2 | rom_1p  | auto | 1       |
|      p_ZL26sencgru_recurrent_kernel_r_2_2_U                                                            | -    | -    |        | p_ZL26sencgru_recurrent_kernel_r_2_2 | rom_1p  | auto | 1       |
|      p_ZL26sencgru_recurrent_kernel_z_3_2_U                                                            | -    | -    |        | p_ZL26sencgru_recurrent_kernel_z_3_2 | rom_1p  | auto | 1       |
|      p_ZL26sencgru_recurrent_kernel_r_3_2_U                                                            | -    | -    |        | p_ZL26sencgru_recurrent_kernel_r_3_2 | rom_1p  | auto | 1       |
|      p_ZL26sencgru_recurrent_kernel_z_4_2_U                                                            | -    | -    |        | p_ZL26sencgru_recurrent_kernel_z_4_2 | rom_1p  | auto | 1       |
|      p_ZL26sencgru_recurrent_kernel_r_4_2_U                                                            | -    | -    |        | p_ZL26sencgru_recurrent_kernel_r_4_2 | rom_1p  | auto | 1       |
|      p_ZL26sencgru_recurrent_kernel_z_5_2_U                                                            | -    | -    |        | p_ZL26sencgru_recurrent_kernel_z_5_2 | rom_1p  | auto | 1       |
|      p_ZL26sencgru_recurrent_kernel_r_5_2_U                                                            | -    | -    |        | p_ZL26sencgru_recurrent_kernel_r_5_2 | rom_1p  | auto | 1       |
|      p_ZL26sencgru_recurrent_kernel_z_6_2_U                                                            | -    | -    |        | p_ZL26sencgru_recurrent_kernel_z_6_2 | rom_1p  | auto | 1       |
|      p_ZL26sencgru_recurrent_kernel_r_6_2_U                                                            | -    | -    |        | p_ZL26sencgru_recurrent_kernel_r_6_2 | rom_1p  | auto | 1       |
|      p_ZL26sencgru_recurrent_kernel_z_7_2_U                                                            | -    | -    |        | p_ZL26sencgru_recurrent_kernel_z_7_2 | rom_1p  | auto | 1       |
|      p_ZL26sencgru_recurrent_kernel_r_7_2_U                                                            | -    | -    |        | p_ZL26sencgru_recurrent_kernel_r_7_2 | rom_1p  | auto | 1       |
|      p_ZL26sencgru_recurrent_kernel_z_0_3_U                                                            | -    | -    |        | p_ZL26sencgru_recurrent_kernel_z_0_3 | rom_1p  | auto | 1       |
|      p_ZL26sencgru_recurrent_kernel_r_0_3_U                                                            | -    | -    |        | p_ZL26sencgru_recurrent_kernel_r_0_3 | rom_1p  | auto | 1       |
|      p_ZL26sencgru_recurrent_kernel_z_1_3_U                                                            | -    | -    |        | p_ZL26sencgru_recurrent_kernel_z_1_3 | rom_1p  | auto | 1       |
|      p_ZL26sencgru_recurrent_kernel_r_1_3_U                                                            | -    | -    |        | p_ZL26sencgru_recurrent_kernel_r_1_3 | rom_1p  | auto | 1       |
|      p_ZL26sencgru_recurrent_kernel_z_2_3_U                                                            | -    | -    |        | p_ZL26sencgru_recurrent_kernel_z_2_3 | rom_1p  | auto | 1       |
|      p_ZL26sencgru_recurrent_kernel_r_2_3_U                                                            | -    | -    |        | p_ZL26sencgru_recurrent_kernel_r_2_3 | rom_1p  | auto | 1       |
|      p_ZL26sencgru_recurrent_kernel_z_3_3_U                                                            | -    | -    |        | p_ZL26sencgru_recurrent_kernel_z_3_3 | rom_1p  | auto | 1       |
|      p_ZL26sencgru_recurrent_kernel_r_3_3_U                                                            | -    | -    |        | p_ZL26sencgru_recurrent_kernel_r_3_3 | rom_1p  | auto | 1       |
|      p_ZL26sencgru_recurrent_kernel_z_4_3_U                                                            | -    | -    |        | p_ZL26sencgru_recurrent_kernel_z_4_3 | rom_1p  | auto | 1       |
|      p_ZL26sencgru_recurrent_kernel_r_4_3_U                                                            | -    | -    |        | p_ZL26sencgru_recurrent_kernel_r_4_3 | rom_1p  | auto | 1       |
|      p_ZL26sencgru_recurrent_kernel_z_5_3_U                                                            | -    | -    |        | p_ZL26sencgru_recurrent_kernel_z_5_3 | rom_1p  | auto | 1       |
|      p_ZL26sencgru_recurrent_kernel_r_5_3_U                                                            | -    | -    |        | p_ZL26sencgru_recurrent_kernel_r_5_3 | rom_1p  | auto | 1       |
|      p_ZL26sencgru_recurrent_kernel_z_6_3_U                                                            | -    | -    |        | p_ZL26sencgru_recurrent_kernel_z_6_3 | rom_1p  | auto | 1       |
|      p_ZL26sencgru_recurrent_kernel_r_6_3_U                                                            | -    | -    |        | p_ZL26sencgru_recurrent_kernel_r_6_3 | rom_1p  | auto | 1       |
|      p_ZL26sencgru_recurrent_kernel_z_7_3_U                                                            | -    | -    |        | p_ZL26sencgru_recurrent_kernel_z_7_3 | rom_1p  | auto | 1       |
|      p_ZL26sencgru_recurrent_kernel_r_7_3_U                                                            | -    | -    |        | p_ZL26sencgru_recurrent_kernel_r_7_3 | rom_1p  | auto | 1       |
|      sencgru_bias_z_U                                                                                  | -    | -    |        | sencgru_bias_z                       | rom_1p  | auto | 1       |
|      sencgru_bias_r_U                                                                                  | -    | -    |        | sencgru_bias_r                       | rom_1p  | auto | 1       |
|    + gru_cell_step_Pipeline_VITIS_LOOP_120_5 (grp_gru_cell_step_Pipeline_VITIS_LOOP_120_5_fu_1107)     | 0    | 0    |        |                                      |         |      |         |
|      p_ZL26sencgru_recurrent_kernel_h_0_0_U                                                            | -    | -    |        | p_ZL26sencgru_recurrent_kernel_h_0_0 | rom_1p  | auto | 1       |
|      p_ZL26sencgru_recurrent_kernel_h_1_0_U                                                            | -    | -    |        | p_ZL26sencgru_recurrent_kernel_h_1_0 | rom_1p  | auto | 1       |
|      p_ZL26sencgru_recurrent_kernel_h_2_0_U                                                            | -    | -    |        | p_ZL26sencgru_recurrent_kernel_h_2_0 | rom_1p  | auto | 1       |
|      p_ZL26sencgru_recurrent_kernel_h_3_0_U                                                            | -    | -    |        | p_ZL26sencgru_recurrent_kernel_h_3_0 | rom_1p  | auto | 1       |
|      p_ZL26sencgru_recurrent_kernel_h_4_0_U                                                            | -    | -    |        | p_ZL26sencgru_recurrent_kernel_h_4_0 | rom_1p  | auto | 1       |
|      p_ZL26sencgru_recurrent_kernel_h_5_0_U                                                            | -    | -    |        | p_ZL26sencgru_recurrent_kernel_h_5_0 | rom_1p  | auto | 1       |
|      p_ZL26sencgru_recurrent_kernel_h_6_0_U                                                            | -    | -    |        | p_ZL26sencgru_recurrent_kernel_h_6_0 | rom_1p  | auto | 1       |
|      p_ZL26sencgru_recurrent_kernel_h_7_0_U                                                            | -    | -    |        | p_ZL26sencgru_recurrent_kernel_h_7_0 | rom_1p  | auto | 1       |
|      p_ZL26sencgru_recurrent_kernel_h_0_1_U                                                            | -    | -    |        | p_ZL26sencgru_recurrent_kernel_h_0_1 | rom_1p  | auto | 1       |
|      p_ZL26sencgru_recurrent_kernel_h_1_1_U                                                            | -    | -    |        | p_ZL26sencgru_recurrent_kernel_h_1_1 | rom_1p  | auto | 1       |
|      p_ZL26sencgru_recurrent_kernel_h_2_1_U                                                            | -    | -    |        | p_ZL26sencgru_recurrent_kernel_h_2_1 | rom_1p  | auto | 1       |
|      p_ZL26sencgru_recurrent_kernel_h_3_1_U                                                            | -    | -    |        | p_ZL26sencgru_recurrent_kernel_h_3_1 | rom_1p  | auto | 1       |
|      p_ZL26sencgru_recurrent_kernel_h_4_1_U                                                            | -    | -    |        | p_ZL26sencgru_recurrent_kernel_h_4_1 | rom_1p  | auto | 1       |
|      p_ZL26sencgru_recurrent_kernel_h_5_1_U                                                            | -    | -    |        | p_ZL26sencgru_recurrent_kernel_h_5_1 | rom_1p  | auto | 1       |
|      p_ZL26sencgru_recurrent_kernel_h_6_1_U                                                            | -    | -    |        | p_ZL26sencgru_recurrent_kernel_h_6_1 | rom_1p  | auto | 1       |
|      p_ZL26sencgru_recurrent_kernel_h_7_1_U                                                            | -    | -    |        | p_ZL26sencgru_recurrent_kernel_h_7_1 | rom_1p  | auto | 1       |
|      p_ZL26sencgru_recurrent_kernel_h_0_2_U                                                            | -    | -    |        | p_ZL26sencgru_recurrent_kernel_h_0_2 | rom_1p  | auto | 1       |
|      p_ZL26sencgru_recurrent_kernel_h_1_2_U                                                            | -    | -    |        | p_ZL26sencgru_recurrent_kernel_h_1_2 | rom_1p  | auto | 1       |
|      p_ZL26sencgru_recurrent_kernel_h_2_2_U                                                            | -    | -    |        | p_ZL26sencgru_recurrent_kernel_h_2_2 | rom_1p  | auto | 1       |
|      p_ZL26sencgru_recurrent_kernel_h_3_2_U                                                            | -    | -    |        | p_ZL26sencgru_recurrent_kernel_h_3_2 | rom_1p  | auto | 1       |
|      p_ZL26sencgru_recurrent_kernel_h_4_2_U                                                            | -    | -    |        | p_ZL26sencgru_recurrent_kernel_h_4_2 | rom_1p  | auto | 1       |
|      p_ZL26sencgru_recurrent_kernel_h_5_2_U                                                            | -    | -    |        | p_ZL26sencgru_recurrent_kernel_h_5_2 | rom_1p  | auto | 1       |
|      p_ZL26sencgru_recurrent_kernel_h_6_2_U                                                            | -    | -    |        | p_ZL26sencgru_recurrent_kernel_h_6_2 | rom_1p  | auto | 1       |
|      p_ZL26sencgru_recurrent_kernel_h_7_2_U                                                            | -    | -    |        | p_ZL26sencgru_recurrent_kernel_h_7_2 | rom_1p  | auto | 1       |
|      p_ZL26sencgru_recurrent_kernel_h_0_3_U                                                            | -    | -    |        | p_ZL26sencgru_recurrent_kernel_h_0_3 | rom_1p  | auto | 1       |
|      p_ZL26sencgru_recurrent_kernel_h_1_3_U                                                            | -    | -    |        | p_ZL26sencgru_recurrent_kernel_h_1_3 | rom_1p  | auto | 1       |
|      p_ZL26sencgru_recurrent_kernel_h_2_3_U                                                            | -    | -    |        | p_ZL26sencgru_recurrent_kernel_h_2_3 | rom_1p  | auto | 1       |
|      p_ZL26sencgru_recurrent_kernel_h_3_3_U                                                            | -    | -    |        | p_ZL26sencgru_recurrent_kernel_h_3_3 | rom_1p  | auto | 1       |
|      p_ZL26sencgru_recurrent_kernel_h_4_3_U                                                            | -    | -    |        | p_ZL26sencgru_recurrent_kernel_h_4_3 | rom_1p  | auto | 1       |
|      p_ZL26sencgru_recurrent_kernel_h_5_3_U                                                            | -    | -    |        | p_ZL26sencgru_recurrent_kernel_h_5_3 | rom_1p  | auto | 1       |
|      p_ZL26sencgru_recurrent_kernel_h_6_3_U                                                            | -    | -    |        | p_ZL26sencgru_recurrent_kernel_h_6_3 | rom_1p  | auto | 1       |
|      p_ZL26sencgru_recurrent_kernel_h_7_3_U                                                            | -    | -    |        | p_ZL26sencgru_recurrent_kernel_h_7_3 | rom_1p  | auto | 1       |
|      sencgru_bias_h_U                                                                                  | -    | -    |        | sencgru_bias_h                       | rom_1p  | auto | 1       |
|   + gru_cell_step_1 (grp_gru_cell_step_1_fu_2511)                                                      | 0    | 0    |        |                                      |         |      |         |
|     z_V_U                                                                                              | -    | -    |        | z_V                                  | ram_1p  | auto | 1       |
|     r_V_U                                                                                              | -    | -    |        | r_V                                  | ram_s2p | auto | 1       |
|    + gru_cell_step_1_Pipeline_VITIS_LOOP_69_1 (grp_gru_cell_step_1_Pipeline_VITIS_LOOP_69_1_fu_903)    | 0    | 0    |        |                                      |         |      |         |
|      p_ZL26sdecgru_recurrent_kernel_z_0_0_U                                                            | -    | -    |        | p_ZL26sdecgru_recurrent_kernel_z_0_0 | rom_1p  | auto | 1       |
|      p_ZL26sdecgru_recurrent_kernel_r_0_0_U                                                            | -    | -    |        | p_ZL26sdecgru_recurrent_kernel_r_0_0 | rom_1p  | auto | 1       |
|      p_ZL26sdecgru_recurrent_kernel_z_1_0_U                                                            | -    | -    |        | p_ZL26sdecgru_recurrent_kernel_z_1_0 | rom_1p  | auto | 1       |
|      p_ZL26sdecgru_recurrent_kernel_r_1_0_U                                                            | -    | -    |        | p_ZL26sdecgru_recurrent_kernel_r_1_0 | rom_1p  | auto | 1       |
|      p_ZL26sdecgru_recurrent_kernel_z_2_0_U                                                            | -    | -    |        | p_ZL26sdecgru_recurrent_kernel_z_2_0 | rom_1p  | auto | 1       |
|      p_ZL26sdecgru_recurrent_kernel_r_2_0_U                                                            | -    | -    |        | p_ZL26sdecgru_recurrent_kernel_r_2_0 | rom_1p  | auto | 1       |
|      p_ZL26sdecgru_recurrent_kernel_z_3_0_U                                                            | -    | -    |        | p_ZL26sdecgru_recurrent_kernel_z_3_0 | rom_1p  | auto | 1       |
|      p_ZL26sdecgru_recurrent_kernel_r_3_0_U                                                            | -    | -    |        | p_ZL26sdecgru_recurrent_kernel_r_3_0 | rom_1p  | auto | 1       |
|      p_ZL26sdecgru_recurrent_kernel_z_4_0_U                                                            | -    | -    |        | p_ZL26sdecgru_recurrent_kernel_z_4_0 | rom_1p  | auto | 1       |
|      p_ZL26sdecgru_recurrent_kernel_r_4_0_U                                                            | -    | -    |        | p_ZL26sdecgru_recurrent_kernel_r_4_0 | rom_1p  | auto | 1       |
|      p_ZL26sdecgru_recurrent_kernel_z_5_0_U                                                            | -    | -    |        | p_ZL26sdecgru_recurrent_kernel_z_5_0 | rom_1p  | auto | 1       |
|      p_ZL26sdecgru_recurrent_kernel_r_5_0_U                                                            | -    | -    |        | p_ZL26sdecgru_recurrent_kernel_r_5_0 | rom_1p  | auto | 1       |
|      p_ZL26sdecgru_recurrent_kernel_z_6_0_U                                                            | -    | -    |        | p_ZL26sdecgru_recurrent_kernel_z_6_0 | rom_1p  | auto | 1       |
|      p_ZL26sdecgru_recurrent_kernel_r_6_0_U                                                            | -    | -    |        | p_ZL26sdecgru_recurrent_kernel_r_6_0 | rom_1p  | auto | 1       |
|      p_ZL26sdecgru_recurrent_kernel_z_7_0_U                                                            | -    | -    |        | p_ZL26sdecgru_recurrent_kernel_z_7_0 | rom_1p  | auto | 1       |
|      p_ZL26sdecgru_recurrent_kernel_r_7_0_U                                                            | -    | -    |        | p_ZL26sdecgru_recurrent_kernel_r_7_0 | rom_1p  | auto | 1       |
|      p_ZL26sdecgru_recurrent_kernel_z_0_1_U                                                            | -    | -    |        | p_ZL26sdecgru_recurrent_kernel_z_0_1 | rom_1p  | auto | 1       |
|      p_ZL26sdecgru_recurrent_kernel_r_0_1_U                                                            | -    | -    |        | p_ZL26sdecgru_recurrent_kernel_r_0_1 | rom_1p  | auto | 1       |
|      p_ZL26sdecgru_recurrent_kernel_z_1_1_U                                                            | -    | -    |        | p_ZL26sdecgru_recurrent_kernel_z_1_1 | rom_1p  | auto | 1       |
|      p_ZL26sdecgru_recurrent_kernel_r_1_1_U                                                            | -    | -    |        | p_ZL26sdecgru_recurrent_kernel_r_1_1 | rom_1p  | auto | 1       |
|      p_ZL26sdecgru_recurrent_kernel_z_2_1_U                                                            | -    | -    |        | p_ZL26sdecgru_recurrent_kernel_z_2_1 | rom_1p  | auto | 1       |
|      p_ZL26sdecgru_recurrent_kernel_r_2_1_U                                                            | -    | -    |        | p_ZL26sdecgru_recurrent_kernel_r_2_1 | rom_1p  | auto | 1       |
|      p_ZL26sdecgru_recurrent_kernel_z_3_1_U                                                            | -    | -    |        | p_ZL26sdecgru_recurrent_kernel_z_3_1 | rom_1p  | auto | 1       |
|      p_ZL26sdecgru_recurrent_kernel_r_3_1_U                                                            | -    | -    |        | p_ZL26sdecgru_recurrent_kernel_r_3_1 | rom_1p  | auto | 1       |
|      p_ZL26sdecgru_recurrent_kernel_z_4_1_U                                                            | -    | -    |        | p_ZL26sdecgru_recurrent_kernel_z_4_1 | rom_1p  | auto | 1       |
|      p_ZL26sdecgru_recurrent_kernel_r_4_1_U                                                            | -    | -    |        | p_ZL26sdecgru_recurrent_kernel_r_4_1 | rom_1p  | auto | 1       |
|      p_ZL26sdecgru_recurrent_kernel_z_5_1_U                                                            | -    | -    |        | p_ZL26sdecgru_recurrent_kernel_z_5_1 | rom_1p  | auto | 1       |
|      p_ZL26sdecgru_recurrent_kernel_r_5_1_U                                                            | -    | -    |        | p_ZL26sdecgru_recurrent_kernel_r_5_1 | rom_1p  | auto | 1       |
|      p_ZL26sdecgru_recurrent_kernel_z_6_1_U                                                            | -    | -    |        | p_ZL26sdecgru_recurrent_kernel_z_6_1 | rom_1p  | auto | 1       |
|      p_ZL26sdecgru_recurrent_kernel_r_6_1_U                                                            | -    | -    |        | p_ZL26sdecgru_recurrent_kernel_r_6_1 | rom_1p  | auto | 1       |
|      p_ZL26sdecgru_recurrent_kernel_z_7_1_U                                                            | -    | -    |        | p_ZL26sdecgru_recurrent_kernel_z_7_1 | rom_1p  | auto | 1       |
|      p_ZL26sdecgru_recurrent_kernel_r_7_1_U                                                            | -    | -    |        | p_ZL26sdecgru_recurrent_kernel_r_7_1 | rom_1p  | auto | 1       |
|      p_ZL26sdecgru_recurrent_kernel_z_0_2_U                                                            | -    | -    |        | p_ZL26sdecgru_recurrent_kernel_z_0_2 | rom_1p  | auto | 1       |
|      p_ZL26sdecgru_recurrent_kernel_r_0_2_U                                                            | -    | -    |        | p_ZL26sdecgru_recurrent_kernel_r_0_2 | rom_1p  | auto | 1       |
|      p_ZL26sdecgru_recurrent_kernel_z_1_2_U                                                            | -    | -    |        | p_ZL26sdecgru_recurrent_kernel_z_1_2 | rom_1p  | auto | 1       |
|      p_ZL26sdecgru_recurrent_kernel_r_1_2_U                                                            | -    | -    |        | p_ZL26sdecgru_recurrent_kernel_r_1_2 | rom_1p  | auto | 1       |
|      p_ZL26sdecgru_recurrent_kernel_z_2_2_U                                                            | -    | -    |        | p_ZL26sdecgru_recurrent_kernel_z_2_2 | rom_1p  | auto | 1       |
|      p_ZL26sdecgru_recurrent_kernel_r_2_2_U                                                            | -    | -    |        | p_ZL26sdecgru_recurrent_kernel_r_2_2 | rom_1p  | auto | 1       |
|      p_ZL26sdecgru_recurrent_kernel_z_3_2_U                                                            | -    | -    |        | p_ZL26sdecgru_recurrent_kernel_z_3_2 | rom_1p  | auto | 1       |
|      p_ZL26sdecgru_recurrent_kernel_r_3_2_U                                                            | -    | -    |        | p_ZL26sdecgru_recurrent_kernel_r_3_2 | rom_1p  | auto | 1       |
|      p_ZL26sdecgru_recurrent_kernel_z_4_2_U                                                            | -    | -    |        | p_ZL26sdecgru_recurrent_kernel_z_4_2 | rom_1p  | auto | 1       |
|      p_ZL26sdecgru_recurrent_kernel_r_4_2_U                                                            | -    | -    |        | p_ZL26sdecgru_recurrent_kernel_r_4_2 | rom_1p  | auto | 1       |
|      p_ZL26sdecgru_recurrent_kernel_z_5_2_U                                                            | -    | -    |        | p_ZL26sdecgru_recurrent_kernel_z_5_2 | rom_1p  | auto | 1       |
|      p_ZL26sdecgru_recurrent_kernel_r_5_2_U                                                            | -    | -    |        | p_ZL26sdecgru_recurrent_kernel_r_5_2 | rom_1p  | auto | 1       |
|      p_ZL26sdecgru_recurrent_kernel_z_6_2_U                                                            | -    | -    |        | p_ZL26sdecgru_recurrent_kernel_z_6_2 | rom_1p  | auto | 1       |
|      p_ZL26sdecgru_recurrent_kernel_r_6_2_U                                                            | -    | -    |        | p_ZL26sdecgru_recurrent_kernel_r_6_2 | rom_1p  | auto | 1       |
|      p_ZL26sdecgru_recurrent_kernel_z_7_2_U                                                            | -    | -    |        | p_ZL26sdecgru_recurrent_kernel_z_7_2 | rom_1p  | auto | 1       |
|      p_ZL26sdecgru_recurrent_kernel_r_7_2_U                                                            | -    | -    |        | p_ZL26sdecgru_recurrent_kernel_r_7_2 | rom_1p  | auto | 1       |
|      p_ZL26sdecgru_recurrent_kernel_z_0_3_U                                                            | -    | -    |        | p_ZL26sdecgru_recurrent_kernel_z_0_3 | rom_1p  | auto | 1       |
|      p_ZL26sdecgru_recurrent_kernel_r_0_3_U                                                            | -    | -    |        | p_ZL26sdecgru_recurrent_kernel_r_0_3 | rom_1p  | auto | 1       |
|      p_ZL26sdecgru_recurrent_kernel_z_1_3_U                                                            | -    | -    |        | p_ZL26sdecgru_recurrent_kernel_z_1_3 | rom_1p  | auto | 1       |
|      p_ZL26sdecgru_recurrent_kernel_r_1_3_U                                                            | -    | -    |        | p_ZL26sdecgru_recurrent_kernel_r_1_3 | rom_1p  | auto | 1       |
|      p_ZL26sdecgru_recurrent_kernel_z_2_3_U                                                            | -    | -    |        | p_ZL26sdecgru_recurrent_kernel_z_2_3 | rom_1p  | auto | 1       |
|      p_ZL26sdecgru_recurrent_kernel_r_2_3_U                                                            | -    | -    |        | p_ZL26sdecgru_recurrent_kernel_r_2_3 | rom_1p  | auto | 1       |
|      p_ZL26sdecgru_recurrent_kernel_z_3_3_U                                                            | -    | -    |        | p_ZL26sdecgru_recurrent_kernel_z_3_3 | rom_1p  | auto | 1       |
|      p_ZL26sdecgru_recurrent_kernel_r_3_3_U                                                            | -    | -    |        | p_ZL26sdecgru_recurrent_kernel_r_3_3 | rom_1p  | auto | 1       |
|      p_ZL26sdecgru_recurrent_kernel_z_4_3_U                                                            | -    | -    |        | p_ZL26sdecgru_recurrent_kernel_z_4_3 | rom_1p  | auto | 1       |
|      p_ZL26sdecgru_recurrent_kernel_r_4_3_U                                                            | -    | -    |        | p_ZL26sdecgru_recurrent_kernel_r_4_3 | rom_1p  | auto | 1       |
|      p_ZL26sdecgru_recurrent_kernel_z_5_3_U                                                            | -    | -    |        | p_ZL26sdecgru_recurrent_kernel_z_5_3 | rom_1p  | auto | 1       |
|      p_ZL26sdecgru_recurrent_kernel_r_5_3_U                                                            | -    | -    |        | p_ZL26sdecgru_recurrent_kernel_r_5_3 | rom_1p  | auto | 1       |
|      p_ZL26sdecgru_recurrent_kernel_z_6_3_U                                                            | -    | -    |        | p_ZL26sdecgru_recurrent_kernel_z_6_3 | rom_1p  | auto | 1       |
|      p_ZL26sdecgru_recurrent_kernel_r_6_3_U                                                            | -    | -    |        | p_ZL26sdecgru_recurrent_kernel_r_6_3 | rom_1p  | auto | 1       |
|      p_ZL26sdecgru_recurrent_kernel_z_7_3_U                                                            | -    | -    |        | p_ZL26sdecgru_recurrent_kernel_z_7_3 | rom_1p  | auto | 1       |
|      p_ZL26sdecgru_recurrent_kernel_r_7_3_U                                                            | -    | -    |        | p_ZL26sdecgru_recurrent_kernel_r_7_3 | rom_1p  | auto | 1       |
|      sdecgru_bias_z_U                                                                                  | -    | -    |        | sdecgru_bias_z                       | rom_1p  | auto | 1       |
|      sdecgru_bias_r_U                                                                                  | -    | -    |        | sdecgru_bias_r                       | rom_1p  | auto | 1       |
|    + gru_cell_step_1_Pipeline_VITIS_LOOP_120_5 (grp_gru_cell_step_1_Pipeline_VITIS_LOOP_120_5_fu_1089) | 0    | 0    |        |                                      |         |      |         |
|      p_ZL26sdecgru_recurrent_kernel_h_0_0_U                                                            | -    | -    |        | p_ZL26sdecgru_recurrent_kernel_h_0_0 | rom_1p  | auto | 1       |
|      p_ZL26sdecgru_recurrent_kernel_h_1_0_U                                                            | -    | -    |        | p_ZL26sdecgru_recurrent_kernel_h_1_0 | rom_1p  | auto | 1       |
|      p_ZL26sdecgru_recurrent_kernel_h_2_0_U                                                            | -    | -    |        | p_ZL26sdecgru_recurrent_kernel_h_2_0 | rom_1p  | auto | 1       |
|      p_ZL26sdecgru_recurrent_kernel_h_3_0_U                                                            | -    | -    |        | p_ZL26sdecgru_recurrent_kernel_h_3_0 | rom_1p  | auto | 1       |
|      p_ZL26sdecgru_recurrent_kernel_h_4_0_U                                                            | -    | -    |        | p_ZL26sdecgru_recurrent_kernel_h_4_0 | rom_1p  | auto | 1       |
|      p_ZL26sdecgru_recurrent_kernel_h_5_0_U                                                            | -    | -    |        | p_ZL26sdecgru_recurrent_kernel_h_5_0 | rom_1p  | auto | 1       |
|      p_ZL26sdecgru_recurrent_kernel_h_6_0_U                                                            | -    | -    |        | p_ZL26sdecgru_recurrent_kernel_h_6_0 | rom_1p  | auto | 1       |
|      p_ZL26sdecgru_recurrent_kernel_h_7_0_U                                                            | -    | -    |        | p_ZL26sdecgru_recurrent_kernel_h_7_0 | rom_1p  | auto | 1       |
|      p_ZL26sdecgru_recurrent_kernel_h_0_1_U                                                            | -    | -    |        | p_ZL26sdecgru_recurrent_kernel_h_0_1 | rom_1p  | auto | 1       |
|      p_ZL26sdecgru_recurrent_kernel_h_1_1_U                                                            | -    | -    |        | p_ZL26sdecgru_recurrent_kernel_h_1_1 | rom_1p  | auto | 1       |
|      p_ZL26sdecgru_recurrent_kernel_h_2_1_U                                                            | -    | -    |        | p_ZL26sdecgru_recurrent_kernel_h_2_1 | rom_1p  | auto | 1       |
|      p_ZL26sdecgru_recurrent_kernel_h_3_1_U                                                            | -    | -    |        | p_ZL26sdecgru_recurrent_kernel_h_3_1 | rom_1p  | auto | 1       |
|      p_ZL26sdecgru_recurrent_kernel_h_4_1_U                                                            | -    | -    |        | p_ZL26sdecgru_recurrent_kernel_h_4_1 | rom_1p  | auto | 1       |
|      p_ZL26sdecgru_recurrent_kernel_h_5_1_U                                                            | -    | -    |        | p_ZL26sdecgru_recurrent_kernel_h_5_1 | rom_1p  | auto | 1       |
|      p_ZL26sdecgru_recurrent_kernel_h_6_1_U                                                            | -    | -    |        | p_ZL26sdecgru_recurrent_kernel_h_6_1 | rom_1p  | auto | 1       |
|      p_ZL26sdecgru_recurrent_kernel_h_7_1_U                                                            | -    | -    |        | p_ZL26sdecgru_recurrent_kernel_h_7_1 | rom_1p  | auto | 1       |
|      p_ZL26sdecgru_recurrent_kernel_h_0_2_U                                                            | -    | -    |        | p_ZL26sdecgru_recurrent_kernel_h_0_2 | rom_1p  | auto | 1       |
|      p_ZL26sdecgru_recurrent_kernel_h_1_2_U                                                            | -    | -    |        | p_ZL26sdecgru_recurrent_kernel_h_1_2 | rom_1p  | auto | 1       |
|      p_ZL26sdecgru_recurrent_kernel_h_2_2_U                                                            | -    | -    |        | p_ZL26sdecgru_recurrent_kernel_h_2_2 | rom_1p  | auto | 1       |
|      p_ZL26sdecgru_recurrent_kernel_h_3_2_U                                                            | -    | -    |        | p_ZL26sdecgru_recurrent_kernel_h_3_2 | rom_1p  | auto | 1       |
|      p_ZL26sdecgru_recurrent_kernel_h_4_2_U                                                            | -    | -    |        | p_ZL26sdecgru_recurrent_kernel_h_4_2 | rom_1p  | auto | 1       |
|      p_ZL26sdecgru_recurrent_kernel_h_5_2_U                                                            | -    | -    |        | p_ZL26sdecgru_recurrent_kernel_h_5_2 | rom_1p  | auto | 1       |
|      p_ZL26sdecgru_recurrent_kernel_h_6_2_U                                                            | -    | -    |        | p_ZL26sdecgru_recurrent_kernel_h_6_2 | rom_1p  | auto | 1       |
|      p_ZL26sdecgru_recurrent_kernel_h_7_2_U                                                            | -    | -    |        | p_ZL26sdecgru_recurrent_kernel_h_7_2 | rom_1p  | auto | 1       |
|      p_ZL26sdecgru_recurrent_kernel_h_0_3_U                                                            | -    | -    |        | p_ZL26sdecgru_recurrent_kernel_h_0_3 | rom_1p  | auto | 1       |
|      p_ZL26sdecgru_recurrent_kernel_h_1_3_U                                                            | -    | -    |        | p_ZL26sdecgru_recurrent_kernel_h_1_3 | rom_1p  | auto | 1       |
|      p_ZL26sdecgru_recurrent_kernel_h_2_3_U                                                            | -    | -    |        | p_ZL26sdecgru_recurrent_kernel_h_2_3 | rom_1p  | auto | 1       |
|      p_ZL26sdecgru_recurrent_kernel_h_3_3_U                                                            | -    | -    |        | p_ZL26sdecgru_recurrent_kernel_h_3_3 | rom_1p  | auto | 1       |
|      p_ZL26sdecgru_recurrent_kernel_h_4_3_U                                                            | -    | -    |        | p_ZL26sdecgru_recurrent_kernel_h_4_3 | rom_1p  | auto | 1       |
|      p_ZL26sdecgru_recurrent_kernel_h_5_3_U                                                            | -    | -    |        | p_ZL26sdecgru_recurrent_kernel_h_5_3 | rom_1p  | auto | 1       |
|      p_ZL26sdecgru_recurrent_kernel_h_6_3_U                                                            | -    | -    |        | p_ZL26sdecgru_recurrent_kernel_h_6_3 | rom_1p  | auto | 1       |
|      p_ZL26sdecgru_recurrent_kernel_h_7_3_U                                                            | -    | -    |        | p_ZL26sdecgru_recurrent_kernel_h_7_3 | rom_1p  | auto | 1       |
|      sdecgru_bias_h_U                                                                                  | -    | -    |        | sdecgru_bias_h                       | rom_1p  | auto | 1       |
|   + lane_worker8_Pipeline_VITIS_LOOP_238_7                                                             | 0    | 0    |        |                                      |         |      |         |
|     p_ZL17sdec_dense_kernel_0_0_U                                                                      | -    | -    |        | p_ZL17sdec_dense_kernel_0_0          | rom_1p  | auto | 1       |
|     p_ZL17sdec_dense_kernel_1_24_U                                                                     | -    | -    |        | p_ZL17sdec_dense_kernel_1_24         | rom_1p  | auto | 1       |
|     p_ZL17sdec_dense_kernel_2_0_U                                                                      | -    | -    |        | p_ZL17sdec_dense_kernel_2_0          | rom_1p  | auto | 1       |
|     p_ZL17sdec_dense_kernel_3_0_U                                                                      | -    | -    |        | p_ZL17sdec_dense_kernel_3_0          | rom_1p  | auto | 1       |
|     p_ZL17sdec_dense_kernel_4_24_U                                                                     | -    | -    |        | p_ZL17sdec_dense_kernel_4_24         | rom_1p  | auto | 1       |
|     p_ZL17sdec_dense_kernel_5_0_U                                                                      | -    | -    |        | p_ZL17sdec_dense_kernel_5_0          | rom_1p  | auto | 1       |
|     p_ZL17sdec_dense_kernel_6_0_U                                                                      | -    | -    |        | p_ZL17sdec_dense_kernel_6_0          | rom_1p  | auto | 1       |
|     p_ZL17sdec_dense_kernel_7_0_U                                                                      | -    | -    |        | p_ZL17sdec_dense_kernel_7_0          | rom_1p  | auto | 1       |
|     p_ZL17sdec_dense_kernel_0_1_U                                                                      | -    | -    |        | p_ZL17sdec_dense_kernel_0_1          | rom_1p  | auto | 1       |
|     p_ZL17sdec_dense_kernel_1_1_U                                                                      | -    | -    |        | p_ZL17sdec_dense_kernel_1_1          | rom_1p  | auto | 1       |
|     p_ZL17sdec_dense_kernel_2_1_U                                                                      | -    | -    |        | p_ZL17sdec_dense_kernel_2_1          | rom_1p  | auto | 1       |
|     p_ZL17sdec_dense_kernel_3_1_U                                                                      | -    | -    |        | p_ZL17sdec_dense_kernel_3_1          | rom_1p  | auto | 1       |
|     p_ZL17sdec_dense_kernel_4_17_U                                                                     | -    | -    |        | p_ZL17sdec_dense_kernel_4_17         | rom_1p  | auto | 1       |
|     p_ZL17sdec_dense_kernel_5_1_U                                                                      | -    | -    |        | p_ZL17sdec_dense_kernel_5_1          | rom_1p  | auto | 1       |
|     p_ZL17sdec_dense_kernel_6_1_U                                                                      | -    | -    |        | p_ZL17sdec_dense_kernel_6_1          | rom_1p  | auto | 1       |
|     p_ZL17sdec_dense_kernel_7_1_U                                                                      | -    | -    |        | p_ZL17sdec_dense_kernel_7_1          | rom_1p  | auto | 1       |
|     p_ZL17sdec_dense_kernel_0_2_U                                                                      | -    | -    |        | p_ZL17sdec_dense_kernel_0_2          | rom_1p  | auto | 1       |
|     p_ZL17sdec_dense_kernel_1_2_U                                                                      | -    | -    |        | p_ZL17sdec_dense_kernel_1_2          | rom_1p  | auto | 1       |
|     p_ZL17sdec_dense_kernel_2_2_U                                                                      | -    | -    |        | p_ZL17sdec_dense_kernel_2_2          | rom_1p  | auto | 1       |
|     p_ZL17sdec_dense_kernel_3_2_U                                                                      | -    | -    |        | p_ZL17sdec_dense_kernel_3_2          | rom_1p  | auto | 1       |
|     p_ZL17sdec_dense_kernel_4_2_U                                                                      | -    | -    |        | p_ZL17sdec_dense_kernel_4_2          | rom_1p  | auto | 1       |
|     p_ZL17sdec_dense_kernel_5_2_U                                                                      | -    | -    |        | p_ZL17sdec_dense_kernel_5_2          | rom_1p  | auto | 1       |
|     p_ZL17sdec_dense_kernel_6_2_U                                                                      | -    | -    |        | p_ZL17sdec_dense_kernel_6_2          | rom_1p  | auto | 1       |
|     p_ZL17sdec_dense_kernel_7_2_U                                                                      | -    | -    |        | p_ZL17sdec_dense_kernel_7_2          | rom_1p  | auto | 1       |
|     p_ZL17sdec_dense_kernel_0_3_U                                                                      | -    | -    |        | p_ZL17sdec_dense_kernel_0_3          | rom_1p  | auto | 1       |
|     p_ZL17sdec_dense_kernel_1_3_U                                                                      | -    | -    |        | p_ZL17sdec_dense_kernel_1_3          | rom_1p  | auto | 1       |
|     p_ZL17sdec_dense_kernel_2_3_U                                                                      | -    | -    |        | p_ZL17sdec_dense_kernel_2_3          | rom_1p  | auto | 1       |
|     p_ZL17sdec_dense_kernel_3_3_U                                                                      | -    | -    |        | p_ZL17sdec_dense_kernel_3_3          | rom_1p  | auto | 1       |
|     p_ZL17sdec_dense_kernel_4_3_U                                                                      | -    | -    |        | p_ZL17sdec_dense_kernel_4_3          | rom_1p  | auto | 1       |
|     p_ZL17sdec_dense_kernel_5_3_U                                                                      | -    | -    |        | p_ZL17sdec_dense_kernel_5_3          | rom_1p  | auto | 1       |
|     p_ZL17sdec_dense_kernel_6_3_U                                                                      | -    | -    |        | p_ZL17sdec_dense_kernel_6_3          | rom_1p  | auto | 1       |
|     p_ZL17sdec_dense_kernel_7_3_U                                                                      | -    | -    |        | p_ZL17sdec_dense_kernel_7_3          | rom_1p  | auto | 1       |
|     sdec_dense_bias_U                                                                                  | -    | -    |        | sdec_dense_bias                      | rom_1p  | auto | 1       |
|  + lane_worker8_2                                                                                      | 2    | 0    |        |                                      |         |      |         |
|    h_enc_V_U                                                                                           | -    | -    |        | h_enc_V                              | ram_t2p | auto | 1       |
|    h_enc_V_19_U                                                                                        | -    | -    |        | h_enc_V_19                           | ram_t2p | auto | 1       |
|    h_enc_V_20_U                                                                                        | -    | -    |        | h_enc_V_20                           | ram_t2p | auto | 1       |
|    h_enc_V_21_U                                                                                        | -    | -    |        | h_enc_V_21                           | ram_t2p | auto | 1       |
|    h_dec_V_U                                                                                           | -    | -    |        | h_dec_V                              | ram_t2p | auto | 1       |
|    h_dec_V_19_U                                                                                        | -    | -    |        | h_dec_V_19                           | ram_t2p | auto | 1       |
|    h_dec_V_20_U                                                                                        | -    | -    |        | h_dec_V_20                           | ram_t2p | auto | 1       |
|    h_dec_V_21_U                                                                                        | -    | -    |        | h_dec_V_21                           | ram_t2p | auto | 1       |
|    h_next_V_U                                                                                          | -    | -    |        | h_next_V                             | ram_s2p | auto | 1       |
|    h_next_V_7_U                                                                                        | -    | -    |        | h_next_V_7                           | ram_s2p | auto | 1       |
|    tpsf_in_V_U                                                                                         | 1    | -    |        | tpsf_in_V                            | ram_1p  | auto | 1       |
|    sfd_out_V_U                                                                                         | 1    | -    |        | sfd_out_V                            | ram_1p  | auto | 1       |
|   + gru_cell_step (grp_gru_cell_step_fu_2302)                                                          | 0    | 0    |        |                                      |         |      |         |
|     z_V_U                                                                                              | -    | -    |        | z_V                                  | ram_1p  | auto | 1       |
|     r_V_U                                                                                              | -    | -    |        | r_V                                  | ram_s2p | auto | 1       |
|    + gru_cell_step_Pipeline_VITIS_LOOP_69_1 (grp_gru_cell_step_Pipeline_VITIS_LOOP_69_1_fu_917)        | 0    | 0    |        |                                      |         |      |         |
|      p_ZL26sencgru_recurrent_kernel_z_0_0_U                                                            | -    | -    |        | p_ZL26sencgru_recurrent_kernel_z_0_0 | rom_1p  | auto | 1       |
|      p_ZL26sencgru_recurrent_kernel_r_0_0_U                                                            | -    | -    |        | p_ZL26sencgru_recurrent_kernel_r_0_0 | rom_1p  | auto | 1       |
|      p_ZL26sencgru_recurrent_kernel_z_1_0_U                                                            | -    | -    |        | p_ZL26sencgru_recurrent_kernel_z_1_0 | rom_1p  | auto | 1       |
|      p_ZL26sencgru_recurrent_kernel_r_1_0_U                                                            | -    | -    |        | p_ZL26sencgru_recurrent_kernel_r_1_0 | rom_1p  | auto | 1       |
|      p_ZL26sencgru_recurrent_kernel_z_2_0_U                                                            | -    | -    |        | p_ZL26sencgru_recurrent_kernel_z_2_0 | rom_1p  | auto | 1       |
|      p_ZL26sencgru_recurrent_kernel_r_2_0_U                                                            | -    | -    |        | p_ZL26sencgru_recurrent_kernel_r_2_0 | rom_1p  | auto | 1       |
|      p_ZL26sencgru_recurrent_kernel_z_3_0_U                                                            | -    | -    |        | p_ZL26sencgru_recurrent_kernel_z_3_0 | rom_1p  | auto | 1       |
|      p_ZL26sencgru_recurrent_kernel_r_3_0_U                                                            | -    | -    |        | p_ZL26sencgru_recurrent_kernel_r_3_0 | rom_1p  | auto | 1       |
|      p_ZL26sencgru_recurrent_kernel_z_4_0_U                                                            | -    | -    |        | p_ZL26sencgru_recurrent_kernel_z_4_0 | rom_1p  | auto | 1       |
|      p_ZL26sencgru_recurrent_kernel_r_4_0_U                                                            | -    | -    |        | p_ZL26sencgru_recurrent_kernel_r_4_0 | rom_1p  | auto | 1       |
|      p_ZL26sencgru_recurrent_kernel_z_5_0_U                                                            | -    | -    |        | p_ZL26sencgru_recurrent_kernel_z_5_0 | rom_1p  | auto | 1       |
|      p_ZL26sencgru_recurrent_kernel_r_5_0_U                                                            | -    | -    |        | p_ZL26sencgru_recurrent_kernel_r_5_0 | rom_1p  | auto | 1       |
|      p_ZL26sencgru_recurrent_kernel_z_6_0_U                                                            | -    | -    |        | p_ZL26sencgru_recurrent_kernel_z_6_0 | rom_1p  | auto | 1       |
|      p_ZL26sencgru_recurrent_kernel_r_6_0_U                                                            | -    | -    |        | p_ZL26sencgru_recurrent_kernel_r_6_0 | rom_1p  | auto | 1       |
|      p_ZL26sencgru_recurrent_kernel_z_7_0_U                                                            | -    | -    |        | p_ZL26sencgru_recurrent_kernel_z_7_0 | rom_1p  | auto | 1       |
|      p_ZL26sencgru_recurrent_kernel_r_7_0_U                                                            | -    | -    |        | p_ZL26sencgru_recurrent_kernel_r_7_0 | rom_1p  | auto | 1       |
|      p_ZL26sencgru_recurrent_kernel_z_0_1_U                                                            | -    | -    |        | p_ZL26sencgru_recurrent_kernel_z_0_1 | rom_1p  | auto | 1       |
|      p_ZL26sencgru_recurrent_kernel_r_0_1_U                                                            | -    | -    |        | p_ZL26sencgru_recurrent_kernel_r_0_1 | rom_1p  | auto | 1       |
|      p_ZL26sencgru_recurrent_kernel_z_1_1_U                                                            | -    | -    |        | p_ZL26sencgru_recurrent_kernel_z_1_1 | rom_1p  | auto | 1       |
|      p_ZL26sencgru_recurrent_kernel_r_1_1_U                                                            | -    | -    |        | p_ZL26sencgru_recurrent_kernel_r_1_1 | rom_1p  | auto | 1       |
|      p_ZL26sencgru_recurrent_kernel_z_2_1_U                                                            | -    | -    |        | p_ZL26sencgru_recurrent_kernel_z_2_1 | rom_1p  | auto | 1       |
|      p_ZL26sencgru_recurrent_kernel_r_2_1_U                                                            | -    | -    |        | p_ZL26sencgru_recurrent_kernel_r_2_1 | rom_1p  | auto | 1       |
|      p_ZL26sencgru_recurrent_kernel_z_3_1_U                                                            | -    | -    |        | p_ZL26sencgru_recurrent_kernel_z_3_1 | rom_1p  | auto | 1       |
|      p_ZL26sencgru_recurrent_kernel_r_3_1_U                                                            | -    | -    |        | p_ZL26sencgru_recurrent_kernel_r_3_1 | rom_1p  | auto | 1       |
|      p_ZL26sencgru_recurrent_kernel_z_4_1_U                                                            | -    | -    |        | p_ZL26sencgru_recurrent_kernel_z_4_1 | rom_1p  | auto | 1       |
|      p_ZL26sencgru_recurrent_kernel_r_4_1_U                                                            | -    | -    |        | p_ZL26sencgru_recurrent_kernel_r_4_1 | rom_1p  | auto | 1       |
|      p_ZL26sencgru_recurrent_kernel_z_5_1_U                                                            | -    | -    |        | p_ZL26sencgru_recurrent_kernel_z_5_1 | rom_1p  | auto | 1       |
|      p_ZL26sencgru_recurrent_kernel_r_5_1_U                                                            | -    | -    |        | p_ZL26sencgru_recurrent_kernel_r_5_1 | rom_1p  | auto | 1       |
|      p_ZL26sencgru_recurrent_kernel_z_6_1_U                                                            | -    | -    |        | p_ZL26sencgru_recurrent_kernel_z_6_1 | rom_1p  | auto | 1       |
|      p_ZL26sencgru_recurrent_kernel_r_6_1_U                                                            | -    | -    |        | p_ZL26sencgru_recurrent_kernel_r_6_1 | rom_1p  | auto | 1       |
|      p_ZL26sencgru_recurrent_kernel_z_7_1_U                                                            | -    | -    |        | p_ZL26sencgru_recurrent_kernel_z_7_1 | rom_1p  | auto | 1       |
|      p_ZL26sencgru_recurrent_kernel_r_7_1_U                                                            | -    | -    |        | p_ZL26sencgru_recurrent_kernel_r_7_1 | rom_1p  | auto | 1       |
|      p_ZL26sencgru_recurrent_kernel_z_0_2_U                                                            | -    | -    |        | p_ZL26sencgru_recurrent_kernel_z_0_2 | rom_1p  | auto | 1       |
|      p_ZL26sencgru_recurrent_kernel_r_0_2_U                                                            | -    | -    |        | p_ZL26sencgru_recurrent_kernel_r_0_2 | rom_1p  | auto | 1       |
|      p_ZL26sencgru_recurrent_kernel_z_1_2_U                                                            | -    | -    |        | p_ZL26sencgru_recurrent_kernel_z_1_2 | rom_1p  | auto | 1       |
|      p_ZL26sencgru_recurrent_kernel_r_1_2_U                                                            | -    | -    |        | p_ZL26sencgru_recurrent_kernel_r_1_2 | rom_1p  | auto | 1       |
|      p_ZL26sencgru_recurrent_kernel_z_2_2_U                                                            | -    | -    |        | p_ZL26sencgru_recurrent_kernel_z_2_2 | rom_1p  | auto | 1       |
|      p_ZL26sencgru_recurrent_kernel_r_2_2_U                                                            | -    | -    |        | p_ZL26sencgru_recurrent_kernel_r_2_2 | rom_1p  | auto | 1       |
|      p_ZL26sencgru_recurrent_kernel_z_3_2_U                                                            | -    | -    |        | p_ZL26sencgru_recurrent_kernel_z_3_2 | rom_1p  | auto | 1       |
|      p_ZL26sencgru_recurrent_kernel_r_3_2_U                                                            | -    | -    |        | p_ZL26sencgru_recurrent_kernel_r_3_2 | rom_1p  | auto | 1       |
|      p_ZL26sencgru_recurrent_kernel_z_4_2_U                                                            | -    | -    |        | p_ZL26sencgru_recurrent_kernel_z_4_2 | rom_1p  | auto | 1       |
|      p_ZL26sencgru_recurrent_kernel_r_4_2_U                                                            | -    | -    |        | p_ZL26sencgru_recurrent_kernel_r_4_2 | rom_1p  | auto | 1       |
|      p_ZL26sencgru_recurrent_kernel_z_5_2_U                                                            | -    | -    |        | p_ZL26sencgru_recurrent_kernel_z_5_2 | rom_1p  | auto | 1       |
|      p_ZL26sencgru_recurrent_kernel_r_5_2_U                                                            | -    | -    |        | p_ZL26sencgru_recurrent_kernel_r_5_2 | rom_1p  | auto | 1       |
|      p_ZL26sencgru_recurrent_kernel_z_6_2_U                                                            | -    | -    |        | p_ZL26sencgru_recurrent_kernel_z_6_2 | rom_1p  | auto | 1       |
|      p_ZL26sencgru_recurrent_kernel_r_6_2_U                                                            | -    | -    |        | p_ZL26sencgru_recurrent_kernel_r_6_2 | rom_1p  | auto | 1       |
|      p_ZL26sencgru_recurrent_kernel_z_7_2_U                                                            | -    | -    |        | p_ZL26sencgru_recurrent_kernel_z_7_2 | rom_1p  | auto | 1       |
|      p_ZL26sencgru_recurrent_kernel_r_7_2_U                                                            | -    | -    |        | p_ZL26sencgru_recurrent_kernel_r_7_2 | rom_1p  | auto | 1       |
|      p_ZL26sencgru_recurrent_kernel_z_0_3_U                                                            | -    | -    |        | p_ZL26sencgru_recurrent_kernel_z_0_3 | rom_1p  | auto | 1       |
|      p_ZL26sencgru_recurrent_kernel_r_0_3_U                                                            | -    | -    |        | p_ZL26sencgru_recurrent_kernel_r_0_3 | rom_1p  | auto | 1       |
|      p_ZL26sencgru_recurrent_kernel_z_1_3_U                                                            | -    | -    |        | p_ZL26sencgru_recurrent_kernel_z_1_3 | rom_1p  | auto | 1       |
|      p_ZL26sencgru_recurrent_kernel_r_1_3_U                                                            | -    | -    |        | p_ZL26sencgru_recurrent_kernel_r_1_3 | rom_1p  | auto | 1       |
|      p_ZL26sencgru_recurrent_kernel_z_2_3_U                                                            | -    | -    |        | p_ZL26sencgru_recurrent_kernel_z_2_3 | rom_1p  | auto | 1       |
|      p_ZL26sencgru_recurrent_kernel_r_2_3_U                                                            | -    | -    |        | p_ZL26sencgru_recurrent_kernel_r_2_3 | rom_1p  | auto | 1       |
|      p_ZL26sencgru_recurrent_kernel_z_3_3_U                                                            | -    | -    |        | p_ZL26sencgru_recurrent_kernel_z_3_3 | rom_1p  | auto | 1       |
|      p_ZL26sencgru_recurrent_kernel_r_3_3_U                                                            | -    | -    |        | p_ZL26sencgru_recurrent_kernel_r_3_3 | rom_1p  | auto | 1       |
|      p_ZL26sencgru_recurrent_kernel_z_4_3_U                                                            | -    | -    |        | p_ZL26sencgru_recurrent_kernel_z_4_3 | rom_1p  | auto | 1       |
|      p_ZL26sencgru_recurrent_kernel_r_4_3_U                                                            | -    | -    |        | p_ZL26sencgru_recurrent_kernel_r_4_3 | rom_1p  | auto | 1       |
|      p_ZL26sencgru_recurrent_kernel_z_5_3_U                                                            | -    | -    |        | p_ZL26sencgru_recurrent_kernel_z_5_3 | rom_1p  | auto | 1       |
|      p_ZL26sencgru_recurrent_kernel_r_5_3_U                                                            | -    | -    |        | p_ZL26sencgru_recurrent_kernel_r_5_3 | rom_1p  | auto | 1       |
|      p_ZL26sencgru_recurrent_kernel_z_6_3_U                                                            | -    | -    |        | p_ZL26sencgru_recurrent_kernel_z_6_3 | rom_1p  | auto | 1       |
|      p_ZL26sencgru_recurrent_kernel_r_6_3_U                                                            | -    | -    |        | p_ZL26sencgru_recurrent_kernel_r_6_3 | rom_1p  | auto | 1       |
|      p_ZL26sencgru_recurrent_kernel_z_7_3_U                                                            | -    | -    |        | p_ZL26sencgru_recurrent_kernel_z_7_3 | rom_1p  | auto | 1       |
|      p_ZL26sencgru_recurrent_kernel_r_7_3_U                                                            | -    | -    |        | p_ZL26sencgru_recurrent_kernel_r_7_3 | rom_1p  | auto | 1       |
|      sencgru_bias_z_U                                                                                  | -    | -    |        | sencgru_bias_z                       | rom_1p  | auto | 1       |
|      sencgru_bias_r_U                                                                                  | -    | -    |        | sencgru_bias_r                       | rom_1p  | auto | 1       |
|    + gru_cell_step_Pipeline_VITIS_LOOP_120_5 (grp_gru_cell_step_Pipeline_VITIS_LOOP_120_5_fu_1107)     | 0    | 0    |        |                                      |         |      |         |
|      p_ZL26sencgru_recurrent_kernel_h_0_0_U                                                            | -    | -    |        | p_ZL26sencgru_recurrent_kernel_h_0_0 | rom_1p  | auto | 1       |
|      p_ZL26sencgru_recurrent_kernel_h_1_0_U                                                            | -    | -    |        | p_ZL26sencgru_recurrent_kernel_h_1_0 | rom_1p  | auto | 1       |
|      p_ZL26sencgru_recurrent_kernel_h_2_0_U                                                            | -    | -    |        | p_ZL26sencgru_recurrent_kernel_h_2_0 | rom_1p  | auto | 1       |
|      p_ZL26sencgru_recurrent_kernel_h_3_0_U                                                            | -    | -    |        | p_ZL26sencgru_recurrent_kernel_h_3_0 | rom_1p  | auto | 1       |
|      p_ZL26sencgru_recurrent_kernel_h_4_0_U                                                            | -    | -    |        | p_ZL26sencgru_recurrent_kernel_h_4_0 | rom_1p  | auto | 1       |
|      p_ZL26sencgru_recurrent_kernel_h_5_0_U                                                            | -    | -    |        | p_ZL26sencgru_recurrent_kernel_h_5_0 | rom_1p  | auto | 1       |
|      p_ZL26sencgru_recurrent_kernel_h_6_0_U                                                            | -    | -    |        | p_ZL26sencgru_recurrent_kernel_h_6_0 | rom_1p  | auto | 1       |
|      p_ZL26sencgru_recurrent_kernel_h_7_0_U                                                            | -    | -    |        | p_ZL26sencgru_recurrent_kernel_h_7_0 | rom_1p  | auto | 1       |
|      p_ZL26sencgru_recurrent_kernel_h_0_1_U                                                            | -    | -    |        | p_ZL26sencgru_recurrent_kernel_h_0_1 | rom_1p  | auto | 1       |
|      p_ZL26sencgru_recurrent_kernel_h_1_1_U                                                            | -    | -    |        | p_ZL26sencgru_recurrent_kernel_h_1_1 | rom_1p  | auto | 1       |
|      p_ZL26sencgru_recurrent_kernel_h_2_1_U                                                            | -    | -    |        | p_ZL26sencgru_recurrent_kernel_h_2_1 | rom_1p  | auto | 1       |
|      p_ZL26sencgru_recurrent_kernel_h_3_1_U                                                            | -    | -    |        | p_ZL26sencgru_recurrent_kernel_h_3_1 | rom_1p  | auto | 1       |
|      p_ZL26sencgru_recurrent_kernel_h_4_1_U                                                            | -    | -    |        | p_ZL26sencgru_recurrent_kernel_h_4_1 | rom_1p  | auto | 1       |
|      p_ZL26sencgru_recurrent_kernel_h_5_1_U                                                            | -    | -    |        | p_ZL26sencgru_recurrent_kernel_h_5_1 | rom_1p  | auto | 1       |
|      p_ZL26sencgru_recurrent_kernel_h_6_1_U                                                            | -    | -    |        | p_ZL26sencgru_recurrent_kernel_h_6_1 | rom_1p  | auto | 1       |
|      p_ZL26sencgru_recurrent_kernel_h_7_1_U                                                            | -    | -    |        | p_ZL26sencgru_recurrent_kernel_h_7_1 | rom_1p  | auto | 1       |
|      p_ZL26sencgru_recurrent_kernel_h_0_2_U                                                            | -    | -    |        | p_ZL26sencgru_recurrent_kernel_h_0_2 | rom_1p  | auto | 1       |
|      p_ZL26sencgru_recurrent_kernel_h_1_2_U                                                            | -    | -    |        | p_ZL26sencgru_recurrent_kernel_h_1_2 | rom_1p  | auto | 1       |
|      p_ZL26sencgru_recurrent_kernel_h_2_2_U                                                            | -    | -    |        | p_ZL26sencgru_recurrent_kernel_h_2_2 | rom_1p  | auto | 1       |
|      p_ZL26sencgru_recurrent_kernel_h_3_2_U                                                            | -    | -    |        | p_ZL26sencgru_recurrent_kernel_h_3_2 | rom_1p  | auto | 1       |
|      p_ZL26sencgru_recurrent_kernel_h_4_2_U                                                            | -    | -    |        | p_ZL26sencgru_recurrent_kernel_h_4_2 | rom_1p  | auto | 1       |
|      p_ZL26sencgru_recurrent_kernel_h_5_2_U                                                            | -    | -    |        | p_ZL26sencgru_recurrent_kernel_h_5_2 | rom_1p  | auto | 1       |
|      p_ZL26sencgru_recurrent_kernel_h_6_2_U                                                            | -    | -    |        | p_ZL26sencgru_recurrent_kernel_h_6_2 | rom_1p  | auto | 1       |
|      p_ZL26sencgru_recurrent_kernel_h_7_2_U                                                            | -    | -    |        | p_ZL26sencgru_recurrent_kernel_h_7_2 | rom_1p  | auto | 1       |
|      p_ZL26sencgru_recurrent_kernel_h_0_3_U                                                            | -    | -    |        | p_ZL26sencgru_recurrent_kernel_h_0_3 | rom_1p  | auto | 1       |
|      p_ZL26sencgru_recurrent_kernel_h_1_3_U                                                            | -    | -    |        | p_ZL26sencgru_recurrent_kernel_h_1_3 | rom_1p  | auto | 1       |
|      p_ZL26sencgru_recurrent_kernel_h_2_3_U                                                            | -    | -    |        | p_ZL26sencgru_recurrent_kernel_h_2_3 | rom_1p  | auto | 1       |
|      p_ZL26sencgru_recurrent_kernel_h_3_3_U                                                            | -    | -    |        | p_ZL26sencgru_recurrent_kernel_h_3_3 | rom_1p  | auto | 1       |
|      p_ZL26sencgru_recurrent_kernel_h_4_3_U                                                            | -    | -    |        | p_ZL26sencgru_recurrent_kernel_h_4_3 | rom_1p  | auto | 1       |
|      p_ZL26sencgru_recurrent_kernel_h_5_3_U                                                            | -    | -    |        | p_ZL26sencgru_recurrent_kernel_h_5_3 | rom_1p  | auto | 1       |
|      p_ZL26sencgru_recurrent_kernel_h_6_3_U                                                            | -    | -    |        | p_ZL26sencgru_recurrent_kernel_h_6_3 | rom_1p  | auto | 1       |
|      p_ZL26sencgru_recurrent_kernel_h_7_3_U                                                            | -    | -    |        | p_ZL26sencgru_recurrent_kernel_h_7_3 | rom_1p  | auto | 1       |
|      sencgru_bias_h_U                                                                                  | -    | -    |        | sencgru_bias_h                       | rom_1p  | auto | 1       |
|   + gru_cell_step_1 (grp_gru_cell_step_1_fu_2511)                                                      | 0    | 0    |        |                                      |         |      |         |
|     z_V_U                                                                                              | -    | -    |        | z_V                                  | ram_1p  | auto | 1       |
|     r_V_U                                                                                              | -    | -    |        | r_V                                  | ram_s2p | auto | 1       |
|    + gru_cell_step_1_Pipeline_VITIS_LOOP_69_1 (grp_gru_cell_step_1_Pipeline_VITIS_LOOP_69_1_fu_903)    | 0    | 0    |        |                                      |         |      |         |
|      p_ZL26sdecgru_recurrent_kernel_z_0_0_U                                                            | -    | -    |        | p_ZL26sdecgru_recurrent_kernel_z_0_0 | rom_1p  | auto | 1       |
|      p_ZL26sdecgru_recurrent_kernel_r_0_0_U                                                            | -    | -    |        | p_ZL26sdecgru_recurrent_kernel_r_0_0 | rom_1p  | auto | 1       |
|      p_ZL26sdecgru_recurrent_kernel_z_1_0_U                                                            | -    | -    |        | p_ZL26sdecgru_recurrent_kernel_z_1_0 | rom_1p  | auto | 1       |
|      p_ZL26sdecgru_recurrent_kernel_r_1_0_U                                                            | -    | -    |        | p_ZL26sdecgru_recurrent_kernel_r_1_0 | rom_1p  | auto | 1       |
|      p_ZL26sdecgru_recurrent_kernel_z_2_0_U                                                            | -    | -    |        | p_ZL26sdecgru_recurrent_kernel_z_2_0 | rom_1p  | auto | 1       |
|      p_ZL26sdecgru_recurrent_kernel_r_2_0_U                                                            | -    | -    |        | p_ZL26sdecgru_recurrent_kernel_r_2_0 | rom_1p  | auto | 1       |
|      p_ZL26sdecgru_recurrent_kernel_z_3_0_U                                                            | -    | -    |        | p_ZL26sdecgru_recurrent_kernel_z_3_0 | rom_1p  | auto | 1       |
|      p_ZL26sdecgru_recurrent_kernel_r_3_0_U                                                            | -    | -    |        | p_ZL26sdecgru_recurrent_kernel_r_3_0 | rom_1p  | auto | 1       |
|      p_ZL26sdecgru_recurrent_kernel_z_4_0_U                                                            | -    | -    |        | p_ZL26sdecgru_recurrent_kernel_z_4_0 | rom_1p  | auto | 1       |
|      p_ZL26sdecgru_recurrent_kernel_r_4_0_U                                                            | -    | -    |        | p_ZL26sdecgru_recurrent_kernel_r_4_0 | rom_1p  | auto | 1       |
|      p_ZL26sdecgru_recurrent_kernel_z_5_0_U                                                            | -    | -    |        | p_ZL26sdecgru_recurrent_kernel_z_5_0 | rom_1p  | auto | 1       |
|      p_ZL26sdecgru_recurrent_kernel_r_5_0_U                                                            | -    | -    |        | p_ZL26sdecgru_recurrent_kernel_r_5_0 | rom_1p  | auto | 1       |
|      p_ZL26sdecgru_recurrent_kernel_z_6_0_U                                                            | -    | -    |        | p_ZL26sdecgru_recurrent_kernel_z_6_0 | rom_1p  | auto | 1       |
|      p_ZL26sdecgru_recurrent_kernel_r_6_0_U                                                            | -    | -    |        | p_ZL26sdecgru_recurrent_kernel_r_6_0 | rom_1p  | auto | 1       |
|      p_ZL26sdecgru_recurrent_kernel_z_7_0_U                                                            | -    | -    |        | p_ZL26sdecgru_recurrent_kernel_z_7_0 | rom_1p  | auto | 1       |
|      p_ZL26sdecgru_recurrent_kernel_r_7_0_U                                                            | -    | -    |        | p_ZL26sdecgru_recurrent_kernel_r_7_0 | rom_1p  | auto | 1       |
|      p_ZL26sdecgru_recurrent_kernel_z_0_1_U                                                            | -    | -    |        | p_ZL26sdecgru_recurrent_kernel_z_0_1 | rom_1p  | auto | 1       |
|      p_ZL26sdecgru_recurrent_kernel_r_0_1_U                                                            | -    | -    |        | p_ZL26sdecgru_recurrent_kernel_r_0_1 | rom_1p  | auto | 1       |
|      p_ZL26sdecgru_recurrent_kernel_z_1_1_U                                                            | -    | -    |        | p_ZL26sdecgru_recurrent_kernel_z_1_1 | rom_1p  | auto | 1       |
|      p_ZL26sdecgru_recurrent_kernel_r_1_1_U                                                            | -    | -    |        | p_ZL26sdecgru_recurrent_kernel_r_1_1 | rom_1p  | auto | 1       |
|      p_ZL26sdecgru_recurrent_kernel_z_2_1_U                                                            | -    | -    |        | p_ZL26sdecgru_recurrent_kernel_z_2_1 | rom_1p  | auto | 1       |
|      p_ZL26sdecgru_recurrent_kernel_r_2_1_U                                                            | -    | -    |        | p_ZL26sdecgru_recurrent_kernel_r_2_1 | rom_1p  | auto | 1       |
|      p_ZL26sdecgru_recurrent_kernel_z_3_1_U                                                            | -    | -    |        | p_ZL26sdecgru_recurrent_kernel_z_3_1 | rom_1p  | auto | 1       |
|      p_ZL26sdecgru_recurrent_kernel_r_3_1_U                                                            | -    | -    |        | p_ZL26sdecgru_recurrent_kernel_r_3_1 | rom_1p  | auto | 1       |
|      p_ZL26sdecgru_recurrent_kernel_z_4_1_U                                                            | -    | -    |        | p_ZL26sdecgru_recurrent_kernel_z_4_1 | rom_1p  | auto | 1       |
|      p_ZL26sdecgru_recurrent_kernel_r_4_1_U                                                            | -    | -    |        | p_ZL26sdecgru_recurrent_kernel_r_4_1 | rom_1p  | auto | 1       |
|      p_ZL26sdecgru_recurrent_kernel_z_5_1_U                                                            | -    | -    |        | p_ZL26sdecgru_recurrent_kernel_z_5_1 | rom_1p  | auto | 1       |
|      p_ZL26sdecgru_recurrent_kernel_r_5_1_U                                                            | -    | -    |        | p_ZL26sdecgru_recurrent_kernel_r_5_1 | rom_1p  | auto | 1       |
|      p_ZL26sdecgru_recurrent_kernel_z_6_1_U                                                            | -    | -    |        | p_ZL26sdecgru_recurrent_kernel_z_6_1 | rom_1p  | auto | 1       |
|      p_ZL26sdecgru_recurrent_kernel_r_6_1_U                                                            | -    | -    |        | p_ZL26sdecgru_recurrent_kernel_r_6_1 | rom_1p  | auto | 1       |
|      p_ZL26sdecgru_recurrent_kernel_z_7_1_U                                                            | -    | -    |        | p_ZL26sdecgru_recurrent_kernel_z_7_1 | rom_1p  | auto | 1       |
|      p_ZL26sdecgru_recurrent_kernel_r_7_1_U                                                            | -    | -    |        | p_ZL26sdecgru_recurrent_kernel_r_7_1 | rom_1p  | auto | 1       |
|      p_ZL26sdecgru_recurrent_kernel_z_0_2_U                                                            | -    | -    |        | p_ZL26sdecgru_recurrent_kernel_z_0_2 | rom_1p  | auto | 1       |
|      p_ZL26sdecgru_recurrent_kernel_r_0_2_U                                                            | -    | -    |        | p_ZL26sdecgru_recurrent_kernel_r_0_2 | rom_1p  | auto | 1       |
|      p_ZL26sdecgru_recurrent_kernel_z_1_2_U                                                            | -    | -    |        | p_ZL26sdecgru_recurrent_kernel_z_1_2 | rom_1p  | auto | 1       |
|      p_ZL26sdecgru_recurrent_kernel_r_1_2_U                                                            | -    | -    |        | p_ZL26sdecgru_recurrent_kernel_r_1_2 | rom_1p  | auto | 1       |
|      p_ZL26sdecgru_recurrent_kernel_z_2_2_U                                                            | -    | -    |        | p_ZL26sdecgru_recurrent_kernel_z_2_2 | rom_1p  | auto | 1       |
|      p_ZL26sdecgru_recurrent_kernel_r_2_2_U                                                            | -    | -    |        | p_ZL26sdecgru_recurrent_kernel_r_2_2 | rom_1p  | auto | 1       |
|      p_ZL26sdecgru_recurrent_kernel_z_3_2_U                                                            | -    | -    |        | p_ZL26sdecgru_recurrent_kernel_z_3_2 | rom_1p  | auto | 1       |
|      p_ZL26sdecgru_recurrent_kernel_r_3_2_U                                                            | -    | -    |        | p_ZL26sdecgru_recurrent_kernel_r_3_2 | rom_1p  | auto | 1       |
|      p_ZL26sdecgru_recurrent_kernel_z_4_2_U                                                            | -    | -    |        | p_ZL26sdecgru_recurrent_kernel_z_4_2 | rom_1p  | auto | 1       |
|      p_ZL26sdecgru_recurrent_kernel_r_4_2_U                                                            | -    | -    |        | p_ZL26sdecgru_recurrent_kernel_r_4_2 | rom_1p  | auto | 1       |
|      p_ZL26sdecgru_recurrent_kernel_z_5_2_U                                                            | -    | -    |        | p_ZL26sdecgru_recurrent_kernel_z_5_2 | rom_1p  | auto | 1       |
|      p_ZL26sdecgru_recurrent_kernel_r_5_2_U                                                            | -    | -    |        | p_ZL26sdecgru_recurrent_kernel_r_5_2 | rom_1p  | auto | 1       |
|      p_ZL26sdecgru_recurrent_kernel_z_6_2_U                                                            | -    | -    |        | p_ZL26sdecgru_recurrent_kernel_z_6_2 | rom_1p  | auto | 1       |
|      p_ZL26sdecgru_recurrent_kernel_r_6_2_U                                                            | -    | -    |        | p_ZL26sdecgru_recurrent_kernel_r_6_2 | rom_1p  | auto | 1       |
|      p_ZL26sdecgru_recurrent_kernel_z_7_2_U                                                            | -    | -    |        | p_ZL26sdecgru_recurrent_kernel_z_7_2 | rom_1p  | auto | 1       |
|      p_ZL26sdecgru_recurrent_kernel_r_7_2_U                                                            | -    | -    |        | p_ZL26sdecgru_recurrent_kernel_r_7_2 | rom_1p  | auto | 1       |
|      p_ZL26sdecgru_recurrent_kernel_z_0_3_U                                                            | -    | -    |        | p_ZL26sdecgru_recurrent_kernel_z_0_3 | rom_1p  | auto | 1       |
|      p_ZL26sdecgru_recurrent_kernel_r_0_3_U                                                            | -    | -    |        | p_ZL26sdecgru_recurrent_kernel_r_0_3 | rom_1p  | auto | 1       |
|      p_ZL26sdecgru_recurrent_kernel_z_1_3_U                                                            | -    | -    |        | p_ZL26sdecgru_recurrent_kernel_z_1_3 | rom_1p  | auto | 1       |
|      p_ZL26sdecgru_recurrent_kernel_r_1_3_U                                                            | -    | -    |        | p_ZL26sdecgru_recurrent_kernel_r_1_3 | rom_1p  | auto | 1       |
|      p_ZL26sdecgru_recurrent_kernel_z_2_3_U                                                            | -    | -    |        | p_ZL26sdecgru_recurrent_kernel_z_2_3 | rom_1p  | auto | 1       |
|      p_ZL26sdecgru_recurrent_kernel_r_2_3_U                                                            | -    | -    |        | p_ZL26sdecgru_recurrent_kernel_r_2_3 | rom_1p  | auto | 1       |
|      p_ZL26sdecgru_recurrent_kernel_z_3_3_U                                                            | -    | -    |        | p_ZL26sdecgru_recurrent_kernel_z_3_3 | rom_1p  | auto | 1       |
|      p_ZL26sdecgru_recurrent_kernel_r_3_3_U                                                            | -    | -    |        | p_ZL26sdecgru_recurrent_kernel_r_3_3 | rom_1p  | auto | 1       |
|      p_ZL26sdecgru_recurrent_kernel_z_4_3_U                                                            | -    | -    |        | p_ZL26sdecgru_recurrent_kernel_z_4_3 | rom_1p  | auto | 1       |
|      p_ZL26sdecgru_recurrent_kernel_r_4_3_U                                                            | -    | -    |        | p_ZL26sdecgru_recurrent_kernel_r_4_3 | rom_1p  | auto | 1       |
|      p_ZL26sdecgru_recurrent_kernel_z_5_3_U                                                            | -    | -    |        | p_ZL26sdecgru_recurrent_kernel_z_5_3 | rom_1p  | auto | 1       |
|      p_ZL26sdecgru_recurrent_kernel_r_5_3_U                                                            | -    | -    |        | p_ZL26sdecgru_recurrent_kernel_r_5_3 | rom_1p  | auto | 1       |
|      p_ZL26sdecgru_recurrent_kernel_z_6_3_U                                                            | -    | -    |        | p_ZL26sdecgru_recurrent_kernel_z_6_3 | rom_1p  | auto | 1       |
|      p_ZL26sdecgru_recurrent_kernel_r_6_3_U                                                            | -    | -    |        | p_ZL26sdecgru_recurrent_kernel_r_6_3 | rom_1p  | auto | 1       |
|      p_ZL26sdecgru_recurrent_kernel_z_7_3_U                                                            | -    | -    |        | p_ZL26sdecgru_recurrent_kernel_z_7_3 | rom_1p  | auto | 1       |
|      p_ZL26sdecgru_recurrent_kernel_r_7_3_U                                                            | -    | -    |        | p_ZL26sdecgru_recurrent_kernel_r_7_3 | rom_1p  | auto | 1       |
|      sdecgru_bias_z_U                                                                                  | -    | -    |        | sdecgru_bias_z                       | rom_1p  | auto | 1       |
|      sdecgru_bias_r_U                                                                                  | -    | -    |        | sdecgru_bias_r                       | rom_1p  | auto | 1       |
|    + gru_cell_step_1_Pipeline_VITIS_LOOP_120_5 (grp_gru_cell_step_1_Pipeline_VITIS_LOOP_120_5_fu_1089) | 0    | 0    |        |                                      |         |      |         |
|      p_ZL26sdecgru_recurrent_kernel_h_0_0_U                                                            | -    | -    |        | p_ZL26sdecgru_recurrent_kernel_h_0_0 | rom_1p  | auto | 1       |
|      p_ZL26sdecgru_recurrent_kernel_h_1_0_U                                                            | -    | -    |        | p_ZL26sdecgru_recurrent_kernel_h_1_0 | rom_1p  | auto | 1       |
|      p_ZL26sdecgru_recurrent_kernel_h_2_0_U                                                            | -    | -    |        | p_ZL26sdecgru_recurrent_kernel_h_2_0 | rom_1p  | auto | 1       |
|      p_ZL26sdecgru_recurrent_kernel_h_3_0_U                                                            | -    | -    |        | p_ZL26sdecgru_recurrent_kernel_h_3_0 | rom_1p  | auto | 1       |
|      p_ZL26sdecgru_recurrent_kernel_h_4_0_U                                                            | -    | -    |        | p_ZL26sdecgru_recurrent_kernel_h_4_0 | rom_1p  | auto | 1       |
|      p_ZL26sdecgru_recurrent_kernel_h_5_0_U                                                            | -    | -    |        | p_ZL26sdecgru_recurrent_kernel_h_5_0 | rom_1p  | auto | 1       |
|      p_ZL26sdecgru_recurrent_kernel_h_6_0_U                                                            | -    | -    |        | p_ZL26sdecgru_recurrent_kernel_h_6_0 | rom_1p  | auto | 1       |
|      p_ZL26sdecgru_recurrent_kernel_h_7_0_U                                                            | -    | -    |        | p_ZL26sdecgru_recurrent_kernel_h_7_0 | rom_1p  | auto | 1       |
|      p_ZL26sdecgru_recurrent_kernel_h_0_1_U                                                            | -    | -    |        | p_ZL26sdecgru_recurrent_kernel_h_0_1 | rom_1p  | auto | 1       |
|      p_ZL26sdecgru_recurrent_kernel_h_1_1_U                                                            | -    | -    |        | p_ZL26sdecgru_recurrent_kernel_h_1_1 | rom_1p  | auto | 1       |
|      p_ZL26sdecgru_recurrent_kernel_h_2_1_U                                                            | -    | -    |        | p_ZL26sdecgru_recurrent_kernel_h_2_1 | rom_1p  | auto | 1       |
|      p_ZL26sdecgru_recurrent_kernel_h_3_1_U                                                            | -    | -    |        | p_ZL26sdecgru_recurrent_kernel_h_3_1 | rom_1p  | auto | 1       |
|      p_ZL26sdecgru_recurrent_kernel_h_4_1_U                                                            | -    | -    |        | p_ZL26sdecgru_recurrent_kernel_h_4_1 | rom_1p  | auto | 1       |
|      p_ZL26sdecgru_recurrent_kernel_h_5_1_U                                                            | -    | -    |        | p_ZL26sdecgru_recurrent_kernel_h_5_1 | rom_1p  | auto | 1       |
|      p_ZL26sdecgru_recurrent_kernel_h_6_1_U                                                            | -    | -    |        | p_ZL26sdecgru_recurrent_kernel_h_6_1 | rom_1p  | auto | 1       |
|      p_ZL26sdecgru_recurrent_kernel_h_7_1_U                                                            | -    | -    |        | p_ZL26sdecgru_recurrent_kernel_h_7_1 | rom_1p  | auto | 1       |
|      p_ZL26sdecgru_recurrent_kernel_h_0_2_U                                                            | -    | -    |        | p_ZL26sdecgru_recurrent_kernel_h_0_2 | rom_1p  | auto | 1       |
|      p_ZL26sdecgru_recurrent_kernel_h_1_2_U                                                            | -    | -    |        | p_ZL26sdecgru_recurrent_kernel_h_1_2 | rom_1p  | auto | 1       |
|      p_ZL26sdecgru_recurrent_kernel_h_2_2_U                                                            | -    | -    |        | p_ZL26sdecgru_recurrent_kernel_h_2_2 | rom_1p  | auto | 1       |
|      p_ZL26sdecgru_recurrent_kernel_h_3_2_U                                                            | -    | -    |        | p_ZL26sdecgru_recurrent_kernel_h_3_2 | rom_1p  | auto | 1       |
|      p_ZL26sdecgru_recurrent_kernel_h_4_2_U                                                            | -    | -    |        | p_ZL26sdecgru_recurrent_kernel_h_4_2 | rom_1p  | auto | 1       |
|      p_ZL26sdecgru_recurrent_kernel_h_5_2_U                                                            | -    | -    |        | p_ZL26sdecgru_recurrent_kernel_h_5_2 | rom_1p  | auto | 1       |
|      p_ZL26sdecgru_recurrent_kernel_h_6_2_U                                                            | -    | -    |        | p_ZL26sdecgru_recurrent_kernel_h_6_2 | rom_1p  | auto | 1       |
|      p_ZL26sdecgru_recurrent_kernel_h_7_2_U                                                            | -    | -    |        | p_ZL26sdecgru_recurrent_kernel_h_7_2 | rom_1p  | auto | 1       |
|      p_ZL26sdecgru_recurrent_kernel_h_0_3_U                                                            | -    | -    |        | p_ZL26sdecgru_recurrent_kernel_h_0_3 | rom_1p  | auto | 1       |
|      p_ZL26sdecgru_recurrent_kernel_h_1_3_U                                                            | -    | -    |        | p_ZL26sdecgru_recurrent_kernel_h_1_3 | rom_1p  | auto | 1       |
|      p_ZL26sdecgru_recurrent_kernel_h_2_3_U                                                            | -    | -    |        | p_ZL26sdecgru_recurrent_kernel_h_2_3 | rom_1p  | auto | 1       |
|      p_ZL26sdecgru_recurrent_kernel_h_3_3_U                                                            | -    | -    |        | p_ZL26sdecgru_recurrent_kernel_h_3_3 | rom_1p  | auto | 1       |
|      p_ZL26sdecgru_recurrent_kernel_h_4_3_U                                                            | -    | -    |        | p_ZL26sdecgru_recurrent_kernel_h_4_3 | rom_1p  | auto | 1       |
|      p_ZL26sdecgru_recurrent_kernel_h_5_3_U                                                            | -    | -    |        | p_ZL26sdecgru_recurrent_kernel_h_5_3 | rom_1p  | auto | 1       |
|      p_ZL26sdecgru_recurrent_kernel_h_6_3_U                                                            | -    | -    |        | p_ZL26sdecgru_recurrent_kernel_h_6_3 | rom_1p  | auto | 1       |
|      p_ZL26sdecgru_recurrent_kernel_h_7_3_U                                                            | -    | -    |        | p_ZL26sdecgru_recurrent_kernel_h_7_3 | rom_1p  | auto | 1       |
|      sdecgru_bias_h_U                                                                                  | -    | -    |        | sdecgru_bias_h                       | rom_1p  | auto | 1       |
|   + lane_worker8_2_Pipeline_VITIS_LOOP_238_7                                                           | 0    | 0    |        |                                      |         |      |         |
|     p_ZL17sdec_dense_kernel_0_30_U                                                                     | -    | -    |        | p_ZL17sdec_dense_kernel_0_30         | rom_1p  | auto | 1       |
|     p_ZL17sdec_dense_kernel_1_25_U                                                                     | -    | -    |        | p_ZL17sdec_dense_kernel_1_25         | rom_1p  | auto | 1       |
|     p_ZL17sdec_dense_kernel_2_30_U                                                                     | -    | -    |        | p_ZL17sdec_dense_kernel_2_30         | rom_1p  | auto | 1       |
|     p_ZL17sdec_dense_kernel_3_29_U                                                                     | -    | -    |        | p_ZL17sdec_dense_kernel_3_29         | rom_1p  | auto | 1       |
|     p_ZL17sdec_dense_kernel_4_25_U                                                                     | -    | -    |        | p_ZL17sdec_dense_kernel_4_25         | rom_1p  | auto | 1       |
|     p_ZL17sdec_dense_kernel_5_30_U                                                                     | -    | -    |        | p_ZL17sdec_dense_kernel_5_30         | rom_1p  | auto | 1       |
|     p_ZL17sdec_dense_kernel_6_30_U                                                                     | -    | -    |        | p_ZL17sdec_dense_kernel_6_30         | rom_1p  | auto | 1       |
|     p_ZL17sdec_dense_kernel_7_30_U                                                                     | -    | -    |        | p_ZL17sdec_dense_kernel_7_30         | rom_1p  | auto | 1       |
|     p_ZL17sdec_dense_kernel_0_23_U                                                                     | -    | -    |        | p_ZL17sdec_dense_kernel_0_23         | rom_1p  | auto | 1       |
|     p_ZL17sdec_dense_kernel_1_23_U                                                                     | -    | -    |        | p_ZL17sdec_dense_kernel_1_23         | rom_1p  | auto | 1       |
|     p_ZL17sdec_dense_kernel_2_23_U                                                                     | -    | -    |        | p_ZL17sdec_dense_kernel_2_23         | rom_1p  | auto | 1       |
|     p_ZL17sdec_dense_kernel_3_23_U                                                                     | -    | -    |        | p_ZL17sdec_dense_kernel_3_23         | rom_1p  | auto | 1       |
|     p_ZL17sdec_dense_kernel_4_18_U                                                                     | -    | -    |        | p_ZL17sdec_dense_kernel_4_18         | rom_1p  | auto | 1       |
|     p_ZL17sdec_dense_kernel_5_23_U                                                                     | -    | -    |        | p_ZL17sdec_dense_kernel_5_23         | rom_1p  | auto | 1       |
|     p_ZL17sdec_dense_kernel_6_23_U                                                                     | -    | -    |        | p_ZL17sdec_dense_kernel_6_23         | rom_1p  | auto | 1       |
|     p_ZL17sdec_dense_kernel_7_23_U                                                                     | -    | -    |        | p_ZL17sdec_dense_kernel_7_23         | rom_1p  | auto | 1       |
|     p_ZL17sdec_dense_kernel_0_16_U                                                                     | -    | -    |        | p_ZL17sdec_dense_kernel_0_16         | rom_1p  | auto | 1       |
|     p_ZL17sdec_dense_kernel_1_16_U                                                                     | -    | -    |        | p_ZL17sdec_dense_kernel_1_16         | rom_1p  | auto | 1       |
|     p_ZL17sdec_dense_kernel_2_16_U                                                                     | -    | -    |        | p_ZL17sdec_dense_kernel_2_16         | rom_1p  | auto | 1       |
|     p_ZL17sdec_dense_kernel_3_16_U                                                                     | -    | -    |        | p_ZL17sdec_dense_kernel_3_16         | rom_1p  | auto | 1       |
|     p_ZL17sdec_dense_kernel_4_16_U                                                                     | -    | -    |        | p_ZL17sdec_dense_kernel_4_16         | rom_1p  | auto | 1       |
|     p_ZL17sdec_dense_kernel_5_16_U                                                                     | -    | -    |        | p_ZL17sdec_dense_kernel_5_16         | rom_1p  | auto | 1       |
|     p_ZL17sdec_dense_kernel_6_16_U                                                                     | -    | -    |        | p_ZL17sdec_dense_kernel_6_16         | rom_1p  | auto | 1       |
|     p_ZL17sdec_dense_kernel_7_16_U                                                                     | -    | -    |        | p_ZL17sdec_dense_kernel_7_16         | rom_1p  | auto | 1       |
|     p_ZL17sdec_dense_kernel_0_9_U                                                                      | -    | -    |        | p_ZL17sdec_dense_kernel_0_9          | rom_1p  | auto | 1       |
|     p_ZL17sdec_dense_kernel_1_9_U                                                                      | -    | -    |        | p_ZL17sdec_dense_kernel_1_9          | rom_1p  | auto | 1       |
|     p_ZL17sdec_dense_kernel_2_9_U                                                                      | -    | -    |        | p_ZL17sdec_dense_kernel_2_9          | rom_1p  | auto | 1       |
|     p_ZL17sdec_dense_kernel_3_9_U                                                                      | -    | -    |        | p_ZL17sdec_dense_kernel_3_9          | rom_1p  | auto | 1       |
|     p_ZL17sdec_dense_kernel_4_9_U                                                                      | -    | -    |        | p_ZL17sdec_dense_kernel_4_9          | rom_1p  | auto | 1       |
|     p_ZL17sdec_dense_kernel_5_9_U                                                                      | -    | -    |        | p_ZL17sdec_dense_kernel_5_9          | rom_1p  | auto | 1       |
|     p_ZL17sdec_dense_kernel_6_9_U                                                                      | -    | -    |        | p_ZL17sdec_dense_kernel_6_9          | rom_1p  | auto | 1       |
|     p_ZL17sdec_dense_kernel_7_9_U                                                                      | -    | -    |        | p_ZL17sdec_dense_kernel_7_9          | rom_1p  | auto | 1       |
|     sdec_dense_bias234_U                                                                               | -    | -    |        | sdec_dense_bias234                   | rom_1p  | auto | 1       |
|  + lane_worker8_3                                                                                      | 2    | 0    |        |                                      |         |      |         |
|    h_enc_V_U                                                                                           | -    | -    |        | h_enc_V                              | ram_t2p | auto | 1       |
|    h_enc_V_16_U                                                                                        | -    | -    |        | h_enc_V_16                           | ram_t2p | auto | 1       |
|    h_enc_V_17_U                                                                                        | -    | -    |        | h_enc_V_17                           | ram_t2p | auto | 1       |
|    h_enc_V_18_U                                                                                        | -    | -    |        | h_enc_V_18                           | ram_t2p | auto | 1       |
|    h_dec_V_U                                                                                           | -    | -    |        | h_dec_V                              | ram_t2p | auto | 1       |
|    h_dec_V_16_U                                                                                        | -    | -    |        | h_dec_V_16                           | ram_t2p | auto | 1       |
|    h_dec_V_17_U                                                                                        | -    | -    |        | h_dec_V_17                           | ram_t2p | auto | 1       |
|    h_dec_V_18_U                                                                                        | -    | -    |        | h_dec_V_18                           | ram_t2p | auto | 1       |
|    h_next_V_U                                                                                          | -    | -    |        | h_next_V                             | ram_s2p | auto | 1       |
|    h_next_V_6_U                                                                                        | -    | -    |        | h_next_V_6                           | ram_s2p | auto | 1       |
|    tpsf_in_V_U                                                                                         | 1    | -    |        | tpsf_in_V                            | ram_1p  | auto | 1       |
|    sfd_out_V_U                                                                                         | 1    | -    |        | sfd_out_V                            | ram_1p  | auto | 1       |
|   + gru_cell_step (grp_gru_cell_step_fu_2302)                                                          | 0    | 0    |        |                                      |         |      |         |
|     z_V_U                                                                                              | -    | -    |        | z_V                                  | ram_1p  | auto | 1       |
|     r_V_U                                                                                              | -    | -    |        | r_V                                  | ram_s2p | auto | 1       |
|    + gru_cell_step_Pipeline_VITIS_LOOP_69_1 (grp_gru_cell_step_Pipeline_VITIS_LOOP_69_1_fu_917)        | 0    | 0    |        |                                      |         |      |         |
|      p_ZL26sencgru_recurrent_kernel_z_0_0_U                                                            | -    | -    |        | p_ZL26sencgru_recurrent_kernel_z_0_0 | rom_1p  | auto | 1       |
|      p_ZL26sencgru_recurrent_kernel_r_0_0_U                                                            | -    | -    |        | p_ZL26sencgru_recurrent_kernel_r_0_0 | rom_1p  | auto | 1       |
|      p_ZL26sencgru_recurrent_kernel_z_1_0_U                                                            | -    | -    |        | p_ZL26sencgru_recurrent_kernel_z_1_0 | rom_1p  | auto | 1       |
|      p_ZL26sencgru_recurrent_kernel_r_1_0_U                                                            | -    | -    |        | p_ZL26sencgru_recurrent_kernel_r_1_0 | rom_1p  | auto | 1       |
|      p_ZL26sencgru_recurrent_kernel_z_2_0_U                                                            | -    | -    |        | p_ZL26sencgru_recurrent_kernel_z_2_0 | rom_1p  | auto | 1       |
|      p_ZL26sencgru_recurrent_kernel_r_2_0_U                                                            | -    | -    |        | p_ZL26sencgru_recurrent_kernel_r_2_0 | rom_1p  | auto | 1       |
|      p_ZL26sencgru_recurrent_kernel_z_3_0_U                                                            | -    | -    |        | p_ZL26sencgru_recurrent_kernel_z_3_0 | rom_1p  | auto | 1       |
|      p_ZL26sencgru_recurrent_kernel_r_3_0_U                                                            | -    | -    |        | p_ZL26sencgru_recurrent_kernel_r_3_0 | rom_1p  | auto | 1       |
|      p_ZL26sencgru_recurrent_kernel_z_4_0_U                                                            | -    | -    |        | p_ZL26sencgru_recurrent_kernel_z_4_0 | rom_1p  | auto | 1       |
|      p_ZL26sencgru_recurrent_kernel_r_4_0_U                                                            | -    | -    |        | p_ZL26sencgru_recurrent_kernel_r_4_0 | rom_1p  | auto | 1       |
|      p_ZL26sencgru_recurrent_kernel_z_5_0_U                                                            | -    | -    |        | p_ZL26sencgru_recurrent_kernel_z_5_0 | rom_1p  | auto | 1       |
|      p_ZL26sencgru_recurrent_kernel_r_5_0_U                                                            | -    | -    |        | p_ZL26sencgru_recurrent_kernel_r_5_0 | rom_1p  | auto | 1       |
|      p_ZL26sencgru_recurrent_kernel_z_6_0_U                                                            | -    | -    |        | p_ZL26sencgru_recurrent_kernel_z_6_0 | rom_1p  | auto | 1       |
|      p_ZL26sencgru_recurrent_kernel_r_6_0_U                                                            | -    | -    |        | p_ZL26sencgru_recurrent_kernel_r_6_0 | rom_1p  | auto | 1       |
|      p_ZL26sencgru_recurrent_kernel_z_7_0_U                                                            | -    | -    |        | p_ZL26sencgru_recurrent_kernel_z_7_0 | rom_1p  | auto | 1       |
|      p_ZL26sencgru_recurrent_kernel_r_7_0_U                                                            | -    | -    |        | p_ZL26sencgru_recurrent_kernel_r_7_0 | rom_1p  | auto | 1       |
|      p_ZL26sencgru_recurrent_kernel_z_0_1_U                                                            | -    | -    |        | p_ZL26sencgru_recurrent_kernel_z_0_1 | rom_1p  | auto | 1       |
|      p_ZL26sencgru_recurrent_kernel_r_0_1_U                                                            | -    | -    |        | p_ZL26sencgru_recurrent_kernel_r_0_1 | rom_1p  | auto | 1       |
|      p_ZL26sencgru_recurrent_kernel_z_1_1_U                                                            | -    | -    |        | p_ZL26sencgru_recurrent_kernel_z_1_1 | rom_1p  | auto | 1       |
|      p_ZL26sencgru_recurrent_kernel_r_1_1_U                                                            | -    | -    |        | p_ZL26sencgru_recurrent_kernel_r_1_1 | rom_1p  | auto | 1       |
|      p_ZL26sencgru_recurrent_kernel_z_2_1_U                                                            | -    | -    |        | p_ZL26sencgru_recurrent_kernel_z_2_1 | rom_1p  | auto | 1       |
|      p_ZL26sencgru_recurrent_kernel_r_2_1_U                                                            | -    | -    |        | p_ZL26sencgru_recurrent_kernel_r_2_1 | rom_1p  | auto | 1       |
|      p_ZL26sencgru_recurrent_kernel_z_3_1_U                                                            | -    | -    |        | p_ZL26sencgru_recurrent_kernel_z_3_1 | rom_1p  | auto | 1       |
|      p_ZL26sencgru_recurrent_kernel_r_3_1_U                                                            | -    | -    |        | p_ZL26sencgru_recurrent_kernel_r_3_1 | rom_1p  | auto | 1       |
|      p_ZL26sencgru_recurrent_kernel_z_4_1_U                                                            | -    | -    |        | p_ZL26sencgru_recurrent_kernel_z_4_1 | rom_1p  | auto | 1       |
|      p_ZL26sencgru_recurrent_kernel_r_4_1_U                                                            | -    | -    |        | p_ZL26sencgru_recurrent_kernel_r_4_1 | rom_1p  | auto | 1       |
|      p_ZL26sencgru_recurrent_kernel_z_5_1_U                                                            | -    | -    |        | p_ZL26sencgru_recurrent_kernel_z_5_1 | rom_1p  | auto | 1       |
|      p_ZL26sencgru_recurrent_kernel_r_5_1_U                                                            | -    | -    |        | p_ZL26sencgru_recurrent_kernel_r_5_1 | rom_1p  | auto | 1       |
|      p_ZL26sencgru_recurrent_kernel_z_6_1_U                                                            | -    | -    |        | p_ZL26sencgru_recurrent_kernel_z_6_1 | rom_1p  | auto | 1       |
|      p_ZL26sencgru_recurrent_kernel_r_6_1_U                                                            | -    | -    |        | p_ZL26sencgru_recurrent_kernel_r_6_1 | rom_1p  | auto | 1       |
|      p_ZL26sencgru_recurrent_kernel_z_7_1_U                                                            | -    | -    |        | p_ZL26sencgru_recurrent_kernel_z_7_1 | rom_1p  | auto | 1       |
|      p_ZL26sencgru_recurrent_kernel_r_7_1_U                                                            | -    | -    |        | p_ZL26sencgru_recurrent_kernel_r_7_1 | rom_1p  | auto | 1       |
|      p_ZL26sencgru_recurrent_kernel_z_0_2_U                                                            | -    | -    |        | p_ZL26sencgru_recurrent_kernel_z_0_2 | rom_1p  | auto | 1       |
|      p_ZL26sencgru_recurrent_kernel_r_0_2_U                                                            | -    | -    |        | p_ZL26sencgru_recurrent_kernel_r_0_2 | rom_1p  | auto | 1       |
|      p_ZL26sencgru_recurrent_kernel_z_1_2_U                                                            | -    | -    |        | p_ZL26sencgru_recurrent_kernel_z_1_2 | rom_1p  | auto | 1       |
|      p_ZL26sencgru_recurrent_kernel_r_1_2_U                                                            | -    | -    |        | p_ZL26sencgru_recurrent_kernel_r_1_2 | rom_1p  | auto | 1       |
|      p_ZL26sencgru_recurrent_kernel_z_2_2_U                                                            | -    | -    |        | p_ZL26sencgru_recurrent_kernel_z_2_2 | rom_1p  | auto | 1       |
|      p_ZL26sencgru_recurrent_kernel_r_2_2_U                                                            | -    | -    |        | p_ZL26sencgru_recurrent_kernel_r_2_2 | rom_1p  | auto | 1       |
|      p_ZL26sencgru_recurrent_kernel_z_3_2_U                                                            | -    | -    |        | p_ZL26sencgru_recurrent_kernel_z_3_2 | rom_1p  | auto | 1       |
|      p_ZL26sencgru_recurrent_kernel_r_3_2_U                                                            | -    | -    |        | p_ZL26sencgru_recurrent_kernel_r_3_2 | rom_1p  | auto | 1       |
|      p_ZL26sencgru_recurrent_kernel_z_4_2_U                                                            | -    | -    |        | p_ZL26sencgru_recurrent_kernel_z_4_2 | rom_1p  | auto | 1       |
|      p_ZL26sencgru_recurrent_kernel_r_4_2_U                                                            | -    | -    |        | p_ZL26sencgru_recurrent_kernel_r_4_2 | rom_1p  | auto | 1       |
|      p_ZL26sencgru_recurrent_kernel_z_5_2_U                                                            | -    | -    |        | p_ZL26sencgru_recurrent_kernel_z_5_2 | rom_1p  | auto | 1       |
|      p_ZL26sencgru_recurrent_kernel_r_5_2_U                                                            | -    | -    |        | p_ZL26sencgru_recurrent_kernel_r_5_2 | rom_1p  | auto | 1       |
|      p_ZL26sencgru_recurrent_kernel_z_6_2_U                                                            | -    | -    |        | p_ZL26sencgru_recurrent_kernel_z_6_2 | rom_1p  | auto | 1       |
|      p_ZL26sencgru_recurrent_kernel_r_6_2_U                                                            | -    | -    |        | p_ZL26sencgru_recurrent_kernel_r_6_2 | rom_1p  | auto | 1       |
|      p_ZL26sencgru_recurrent_kernel_z_7_2_U                                                            | -    | -    |        | p_ZL26sencgru_recurrent_kernel_z_7_2 | rom_1p  | auto | 1       |
|      p_ZL26sencgru_recurrent_kernel_r_7_2_U                                                            | -    | -    |        | p_ZL26sencgru_recurrent_kernel_r_7_2 | rom_1p  | auto | 1       |
|      p_ZL26sencgru_recurrent_kernel_z_0_3_U                                                            | -    | -    |        | p_ZL26sencgru_recurrent_kernel_z_0_3 | rom_1p  | auto | 1       |
|      p_ZL26sencgru_recurrent_kernel_r_0_3_U                                                            | -    | -    |        | p_ZL26sencgru_recurrent_kernel_r_0_3 | rom_1p  | auto | 1       |
|      p_ZL26sencgru_recurrent_kernel_z_1_3_U                                                            | -    | -    |        | p_ZL26sencgru_recurrent_kernel_z_1_3 | rom_1p  | auto | 1       |
|      p_ZL26sencgru_recurrent_kernel_r_1_3_U                                                            | -    | -    |        | p_ZL26sencgru_recurrent_kernel_r_1_3 | rom_1p  | auto | 1       |
|      p_ZL26sencgru_recurrent_kernel_z_2_3_U                                                            | -    | -    |        | p_ZL26sencgru_recurrent_kernel_z_2_3 | rom_1p  | auto | 1       |
|      p_ZL26sencgru_recurrent_kernel_r_2_3_U                                                            | -    | -    |        | p_ZL26sencgru_recurrent_kernel_r_2_3 | rom_1p  | auto | 1       |
|      p_ZL26sencgru_recurrent_kernel_z_3_3_U                                                            | -    | -    |        | p_ZL26sencgru_recurrent_kernel_z_3_3 | rom_1p  | auto | 1       |
|      p_ZL26sencgru_recurrent_kernel_r_3_3_U                                                            | -    | -    |        | p_ZL26sencgru_recurrent_kernel_r_3_3 | rom_1p  | auto | 1       |
|      p_ZL26sencgru_recurrent_kernel_z_4_3_U                                                            | -    | -    |        | p_ZL26sencgru_recurrent_kernel_z_4_3 | rom_1p  | auto | 1       |
|      p_ZL26sencgru_recurrent_kernel_r_4_3_U                                                            | -    | -    |        | p_ZL26sencgru_recurrent_kernel_r_4_3 | rom_1p  | auto | 1       |
|      p_ZL26sencgru_recurrent_kernel_z_5_3_U                                                            | -    | -    |        | p_ZL26sencgru_recurrent_kernel_z_5_3 | rom_1p  | auto | 1       |
|      p_ZL26sencgru_recurrent_kernel_r_5_3_U                                                            | -    | -    |        | p_ZL26sencgru_recurrent_kernel_r_5_3 | rom_1p  | auto | 1       |
|      p_ZL26sencgru_recurrent_kernel_z_6_3_U                                                            | -    | -    |        | p_ZL26sencgru_recurrent_kernel_z_6_3 | rom_1p  | auto | 1       |
|      p_ZL26sencgru_recurrent_kernel_r_6_3_U                                                            | -    | -    |        | p_ZL26sencgru_recurrent_kernel_r_6_3 | rom_1p  | auto | 1       |
|      p_ZL26sencgru_recurrent_kernel_z_7_3_U                                                            | -    | -    |        | p_ZL26sencgru_recurrent_kernel_z_7_3 | rom_1p  | auto | 1       |
|      p_ZL26sencgru_recurrent_kernel_r_7_3_U                                                            | -    | -    |        | p_ZL26sencgru_recurrent_kernel_r_7_3 | rom_1p  | auto | 1       |
|      sencgru_bias_z_U                                                                                  | -    | -    |        | sencgru_bias_z                       | rom_1p  | auto | 1       |
|      sencgru_bias_r_U                                                                                  | -    | -    |        | sencgru_bias_r                       | rom_1p  | auto | 1       |
|    + gru_cell_step_Pipeline_VITIS_LOOP_120_5 (grp_gru_cell_step_Pipeline_VITIS_LOOP_120_5_fu_1107)     | 0    | 0    |        |                                      |         |      |         |
|      p_ZL26sencgru_recurrent_kernel_h_0_0_U                                                            | -    | -    |        | p_ZL26sencgru_recurrent_kernel_h_0_0 | rom_1p  | auto | 1       |
|      p_ZL26sencgru_recurrent_kernel_h_1_0_U                                                            | -    | -    |        | p_ZL26sencgru_recurrent_kernel_h_1_0 | rom_1p  | auto | 1       |
|      p_ZL26sencgru_recurrent_kernel_h_2_0_U                                                            | -    | -    |        | p_ZL26sencgru_recurrent_kernel_h_2_0 | rom_1p  | auto | 1       |
|      p_ZL26sencgru_recurrent_kernel_h_3_0_U                                                            | -    | -    |        | p_ZL26sencgru_recurrent_kernel_h_3_0 | rom_1p  | auto | 1       |
|      p_ZL26sencgru_recurrent_kernel_h_4_0_U                                                            | -    | -    |        | p_ZL26sencgru_recurrent_kernel_h_4_0 | rom_1p  | auto | 1       |
|      p_ZL26sencgru_recurrent_kernel_h_5_0_U                                                            | -    | -    |        | p_ZL26sencgru_recurrent_kernel_h_5_0 | rom_1p  | auto | 1       |
|      p_ZL26sencgru_recurrent_kernel_h_6_0_U                                                            | -    | -    |        | p_ZL26sencgru_recurrent_kernel_h_6_0 | rom_1p  | auto | 1       |
|      p_ZL26sencgru_recurrent_kernel_h_7_0_U                                                            | -    | -    |        | p_ZL26sencgru_recurrent_kernel_h_7_0 | rom_1p  | auto | 1       |
|      p_ZL26sencgru_recurrent_kernel_h_0_1_U                                                            | -    | -    |        | p_ZL26sencgru_recurrent_kernel_h_0_1 | rom_1p  | auto | 1       |
|      p_ZL26sencgru_recurrent_kernel_h_1_1_U                                                            | -    | -    |        | p_ZL26sencgru_recurrent_kernel_h_1_1 | rom_1p  | auto | 1       |
|      p_ZL26sencgru_recurrent_kernel_h_2_1_U                                                            | -    | -    |        | p_ZL26sencgru_recurrent_kernel_h_2_1 | rom_1p  | auto | 1       |
|      p_ZL26sencgru_recurrent_kernel_h_3_1_U                                                            | -    | -    |        | p_ZL26sencgru_recurrent_kernel_h_3_1 | rom_1p  | auto | 1       |
|      p_ZL26sencgru_recurrent_kernel_h_4_1_U                                                            | -    | -    |        | p_ZL26sencgru_recurrent_kernel_h_4_1 | rom_1p  | auto | 1       |
|      p_ZL26sencgru_recurrent_kernel_h_5_1_U                                                            | -    | -    |        | p_ZL26sencgru_recurrent_kernel_h_5_1 | rom_1p  | auto | 1       |
|      p_ZL26sencgru_recurrent_kernel_h_6_1_U                                                            | -    | -    |        | p_ZL26sencgru_recurrent_kernel_h_6_1 | rom_1p  | auto | 1       |
|      p_ZL26sencgru_recurrent_kernel_h_7_1_U                                                            | -    | -    |        | p_ZL26sencgru_recurrent_kernel_h_7_1 | rom_1p  | auto | 1       |
|      p_ZL26sencgru_recurrent_kernel_h_0_2_U                                                            | -    | -    |        | p_ZL26sencgru_recurrent_kernel_h_0_2 | rom_1p  | auto | 1       |
|      p_ZL26sencgru_recurrent_kernel_h_1_2_U                                                            | -    | -    |        | p_ZL26sencgru_recurrent_kernel_h_1_2 | rom_1p  | auto | 1       |
|      p_ZL26sencgru_recurrent_kernel_h_2_2_U                                                            | -    | -    |        | p_ZL26sencgru_recurrent_kernel_h_2_2 | rom_1p  | auto | 1       |
|      p_ZL26sencgru_recurrent_kernel_h_3_2_U                                                            | -    | -    |        | p_ZL26sencgru_recurrent_kernel_h_3_2 | rom_1p  | auto | 1       |
|      p_ZL26sencgru_recurrent_kernel_h_4_2_U                                                            | -    | -    |        | p_ZL26sencgru_recurrent_kernel_h_4_2 | rom_1p  | auto | 1       |
|      p_ZL26sencgru_recurrent_kernel_h_5_2_U                                                            | -    | -    |        | p_ZL26sencgru_recurrent_kernel_h_5_2 | rom_1p  | auto | 1       |
|      p_ZL26sencgru_recurrent_kernel_h_6_2_U                                                            | -    | -    |        | p_ZL26sencgru_recurrent_kernel_h_6_2 | rom_1p  | auto | 1       |
|      p_ZL26sencgru_recurrent_kernel_h_7_2_U                                                            | -    | -    |        | p_ZL26sencgru_recurrent_kernel_h_7_2 | rom_1p  | auto | 1       |
|      p_ZL26sencgru_recurrent_kernel_h_0_3_U                                                            | -    | -    |        | p_ZL26sencgru_recurrent_kernel_h_0_3 | rom_1p  | auto | 1       |
|      p_ZL26sencgru_recurrent_kernel_h_1_3_U                                                            | -    | -    |        | p_ZL26sencgru_recurrent_kernel_h_1_3 | rom_1p  | auto | 1       |
|      p_ZL26sencgru_recurrent_kernel_h_2_3_U                                                            | -    | -    |        | p_ZL26sencgru_recurrent_kernel_h_2_3 | rom_1p  | auto | 1       |
|      p_ZL26sencgru_recurrent_kernel_h_3_3_U                                                            | -    | -    |        | p_ZL26sencgru_recurrent_kernel_h_3_3 | rom_1p  | auto | 1       |
|      p_ZL26sencgru_recurrent_kernel_h_4_3_U                                                            | -    | -    |        | p_ZL26sencgru_recurrent_kernel_h_4_3 | rom_1p  | auto | 1       |
|      p_ZL26sencgru_recurrent_kernel_h_5_3_U                                                            | -    | -    |        | p_ZL26sencgru_recurrent_kernel_h_5_3 | rom_1p  | auto | 1       |
|      p_ZL26sencgru_recurrent_kernel_h_6_3_U                                                            | -    | -    |        | p_ZL26sencgru_recurrent_kernel_h_6_3 | rom_1p  | auto | 1       |
|      p_ZL26sencgru_recurrent_kernel_h_7_3_U                                                            | -    | -    |        | p_ZL26sencgru_recurrent_kernel_h_7_3 | rom_1p  | auto | 1       |
|      sencgru_bias_h_U                                                                                  | -    | -    |        | sencgru_bias_h                       | rom_1p  | auto | 1       |
|   + gru_cell_step_1 (grp_gru_cell_step_1_fu_2511)                                                      | 0    | 0    |        |                                      |         |      |         |
|     z_V_U                                                                                              | -    | -    |        | z_V                                  | ram_1p  | auto | 1       |
|     r_V_U                                                                                              | -    | -    |        | r_V                                  | ram_s2p | auto | 1       |
|    + gru_cell_step_1_Pipeline_VITIS_LOOP_69_1 (grp_gru_cell_step_1_Pipeline_VITIS_LOOP_69_1_fu_903)    | 0    | 0    |        |                                      |         |      |         |
|      p_ZL26sdecgru_recurrent_kernel_z_0_0_U                                                            | -    | -    |        | p_ZL26sdecgru_recurrent_kernel_z_0_0 | rom_1p  | auto | 1       |
|      p_ZL26sdecgru_recurrent_kernel_r_0_0_U                                                            | -    | -    |        | p_ZL26sdecgru_recurrent_kernel_r_0_0 | rom_1p  | auto | 1       |
|      p_ZL26sdecgru_recurrent_kernel_z_1_0_U                                                            | -    | -    |        | p_ZL26sdecgru_recurrent_kernel_z_1_0 | rom_1p  | auto | 1       |
|      p_ZL26sdecgru_recurrent_kernel_r_1_0_U                                                            | -    | -    |        | p_ZL26sdecgru_recurrent_kernel_r_1_0 | rom_1p  | auto | 1       |
|      p_ZL26sdecgru_recurrent_kernel_z_2_0_U                                                            | -    | -    |        | p_ZL26sdecgru_recurrent_kernel_z_2_0 | rom_1p  | auto | 1       |
|      p_ZL26sdecgru_recurrent_kernel_r_2_0_U                                                            | -    | -    |        | p_ZL26sdecgru_recurrent_kernel_r_2_0 | rom_1p  | auto | 1       |
|      p_ZL26sdecgru_recurrent_kernel_z_3_0_U                                                            | -    | -    |        | p_ZL26sdecgru_recurrent_kernel_z_3_0 | rom_1p  | auto | 1       |
|      p_ZL26sdecgru_recurrent_kernel_r_3_0_U                                                            | -    | -    |        | p_ZL26sdecgru_recurrent_kernel_r_3_0 | rom_1p  | auto | 1       |
|      p_ZL26sdecgru_recurrent_kernel_z_4_0_U                                                            | -    | -    |        | p_ZL26sdecgru_recurrent_kernel_z_4_0 | rom_1p  | auto | 1       |
|      p_ZL26sdecgru_recurrent_kernel_r_4_0_U                                                            | -    | -    |        | p_ZL26sdecgru_recurrent_kernel_r_4_0 | rom_1p  | auto | 1       |
|      p_ZL26sdecgru_recurrent_kernel_z_5_0_U                                                            | -    | -    |        | p_ZL26sdecgru_recurrent_kernel_z_5_0 | rom_1p  | auto | 1       |
|      p_ZL26sdecgru_recurrent_kernel_r_5_0_U                                                            | -    | -    |        | p_ZL26sdecgru_recurrent_kernel_r_5_0 | rom_1p  | auto | 1       |
|      p_ZL26sdecgru_recurrent_kernel_z_6_0_U                                                            | -    | -    |        | p_ZL26sdecgru_recurrent_kernel_z_6_0 | rom_1p  | auto | 1       |
|      p_ZL26sdecgru_recurrent_kernel_r_6_0_U                                                            | -    | -    |        | p_ZL26sdecgru_recurrent_kernel_r_6_0 | rom_1p  | auto | 1       |
|      p_ZL26sdecgru_recurrent_kernel_z_7_0_U                                                            | -    | -    |        | p_ZL26sdecgru_recurrent_kernel_z_7_0 | rom_1p  | auto | 1       |
|      p_ZL26sdecgru_recurrent_kernel_r_7_0_U                                                            | -    | -    |        | p_ZL26sdecgru_recurrent_kernel_r_7_0 | rom_1p  | auto | 1       |
|      p_ZL26sdecgru_recurrent_kernel_z_0_1_U                                                            | -    | -    |        | p_ZL26sdecgru_recurrent_kernel_z_0_1 | rom_1p  | auto | 1       |
|      p_ZL26sdecgru_recurrent_kernel_r_0_1_U                                                            | -    | -    |        | p_ZL26sdecgru_recurrent_kernel_r_0_1 | rom_1p  | auto | 1       |
|      p_ZL26sdecgru_recurrent_kernel_z_1_1_U                                                            | -    | -    |        | p_ZL26sdecgru_recurrent_kernel_z_1_1 | rom_1p  | auto | 1       |
|      p_ZL26sdecgru_recurrent_kernel_r_1_1_U                                                            | -    | -    |        | p_ZL26sdecgru_recurrent_kernel_r_1_1 | rom_1p  | auto | 1       |
|      p_ZL26sdecgru_recurrent_kernel_z_2_1_U                                                            | -    | -    |        | p_ZL26sdecgru_recurrent_kernel_z_2_1 | rom_1p  | auto | 1       |
|      p_ZL26sdecgru_recurrent_kernel_r_2_1_U                                                            | -    | -    |        | p_ZL26sdecgru_recurrent_kernel_r_2_1 | rom_1p  | auto | 1       |
|      p_ZL26sdecgru_recurrent_kernel_z_3_1_U                                                            | -    | -    |        | p_ZL26sdecgru_recurrent_kernel_z_3_1 | rom_1p  | auto | 1       |
|      p_ZL26sdecgru_recurrent_kernel_r_3_1_U                                                            | -    | -    |        | p_ZL26sdecgru_recurrent_kernel_r_3_1 | rom_1p  | auto | 1       |
|      p_ZL26sdecgru_recurrent_kernel_z_4_1_U                                                            | -    | -    |        | p_ZL26sdecgru_recurrent_kernel_z_4_1 | rom_1p  | auto | 1       |
|      p_ZL26sdecgru_recurrent_kernel_r_4_1_U                                                            | -    | -    |        | p_ZL26sdecgru_recurrent_kernel_r_4_1 | rom_1p  | auto | 1       |
|      p_ZL26sdecgru_recurrent_kernel_z_5_1_U                                                            | -    | -    |        | p_ZL26sdecgru_recurrent_kernel_z_5_1 | rom_1p  | auto | 1       |
|      p_ZL26sdecgru_recurrent_kernel_r_5_1_U                                                            | -    | -    |        | p_ZL26sdecgru_recurrent_kernel_r_5_1 | rom_1p  | auto | 1       |
|      p_ZL26sdecgru_recurrent_kernel_z_6_1_U                                                            | -    | -    |        | p_ZL26sdecgru_recurrent_kernel_z_6_1 | rom_1p  | auto | 1       |
|      p_ZL26sdecgru_recurrent_kernel_r_6_1_U                                                            | -    | -    |        | p_ZL26sdecgru_recurrent_kernel_r_6_1 | rom_1p  | auto | 1       |
|      p_ZL26sdecgru_recurrent_kernel_z_7_1_U                                                            | -    | -    |        | p_ZL26sdecgru_recurrent_kernel_z_7_1 | rom_1p  | auto | 1       |
|      p_ZL26sdecgru_recurrent_kernel_r_7_1_U                                                            | -    | -    |        | p_ZL26sdecgru_recurrent_kernel_r_7_1 | rom_1p  | auto | 1       |
|      p_ZL26sdecgru_recurrent_kernel_z_0_2_U                                                            | -    | -    |        | p_ZL26sdecgru_recurrent_kernel_z_0_2 | rom_1p  | auto | 1       |
|      p_ZL26sdecgru_recurrent_kernel_r_0_2_U                                                            | -    | -    |        | p_ZL26sdecgru_recurrent_kernel_r_0_2 | rom_1p  | auto | 1       |
|      p_ZL26sdecgru_recurrent_kernel_z_1_2_U                                                            | -    | -    |        | p_ZL26sdecgru_recurrent_kernel_z_1_2 | rom_1p  | auto | 1       |
|      p_ZL26sdecgru_recurrent_kernel_r_1_2_U                                                            | -    | -    |        | p_ZL26sdecgru_recurrent_kernel_r_1_2 | rom_1p  | auto | 1       |
|      p_ZL26sdecgru_recurrent_kernel_z_2_2_U                                                            | -    | -    |        | p_ZL26sdecgru_recurrent_kernel_z_2_2 | rom_1p  | auto | 1       |
|      p_ZL26sdecgru_recurrent_kernel_r_2_2_U                                                            | -    | -    |        | p_ZL26sdecgru_recurrent_kernel_r_2_2 | rom_1p  | auto | 1       |
|      p_ZL26sdecgru_recurrent_kernel_z_3_2_U                                                            | -    | -    |        | p_ZL26sdecgru_recurrent_kernel_z_3_2 | rom_1p  | auto | 1       |
|      p_ZL26sdecgru_recurrent_kernel_r_3_2_U                                                            | -    | -    |        | p_ZL26sdecgru_recurrent_kernel_r_3_2 | rom_1p  | auto | 1       |
|      p_ZL26sdecgru_recurrent_kernel_z_4_2_U                                                            | -    | -    |        | p_ZL26sdecgru_recurrent_kernel_z_4_2 | rom_1p  | auto | 1       |
|      p_ZL26sdecgru_recurrent_kernel_r_4_2_U                                                            | -    | -    |        | p_ZL26sdecgru_recurrent_kernel_r_4_2 | rom_1p  | auto | 1       |
|      p_ZL26sdecgru_recurrent_kernel_z_5_2_U                                                            | -    | -    |        | p_ZL26sdecgru_recurrent_kernel_z_5_2 | rom_1p  | auto | 1       |
|      p_ZL26sdecgru_recurrent_kernel_r_5_2_U                                                            | -    | -    |        | p_ZL26sdecgru_recurrent_kernel_r_5_2 | rom_1p  | auto | 1       |
|      p_ZL26sdecgru_recurrent_kernel_z_6_2_U                                                            | -    | -    |        | p_ZL26sdecgru_recurrent_kernel_z_6_2 | rom_1p  | auto | 1       |
|      p_ZL26sdecgru_recurrent_kernel_r_6_2_U                                                            | -    | -    |        | p_ZL26sdecgru_recurrent_kernel_r_6_2 | rom_1p  | auto | 1       |
|      p_ZL26sdecgru_recurrent_kernel_z_7_2_U                                                            | -    | -    |        | p_ZL26sdecgru_recurrent_kernel_z_7_2 | rom_1p  | auto | 1       |
|      p_ZL26sdecgru_recurrent_kernel_r_7_2_U                                                            | -    | -    |        | p_ZL26sdecgru_recurrent_kernel_r_7_2 | rom_1p  | auto | 1       |
|      p_ZL26sdecgru_recurrent_kernel_z_0_3_U                                                            | -    | -    |        | p_ZL26sdecgru_recurrent_kernel_z_0_3 | rom_1p  | auto | 1       |
|      p_ZL26sdecgru_recurrent_kernel_r_0_3_U                                                            | -    | -    |        | p_ZL26sdecgru_recurrent_kernel_r_0_3 | rom_1p  | auto | 1       |
|      p_ZL26sdecgru_recurrent_kernel_z_1_3_U                                                            | -    | -    |        | p_ZL26sdecgru_recurrent_kernel_z_1_3 | rom_1p  | auto | 1       |
|      p_ZL26sdecgru_recurrent_kernel_r_1_3_U                                                            | -    | -    |        | p_ZL26sdecgru_recurrent_kernel_r_1_3 | rom_1p  | auto | 1       |
|      p_ZL26sdecgru_recurrent_kernel_z_2_3_U                                                            | -    | -    |        | p_ZL26sdecgru_recurrent_kernel_z_2_3 | rom_1p  | auto | 1       |
|      p_ZL26sdecgru_recurrent_kernel_r_2_3_U                                                            | -    | -    |        | p_ZL26sdecgru_recurrent_kernel_r_2_3 | rom_1p  | auto | 1       |
|      p_ZL26sdecgru_recurrent_kernel_z_3_3_U                                                            | -    | -    |        | p_ZL26sdecgru_recurrent_kernel_z_3_3 | rom_1p  | auto | 1       |
|      p_ZL26sdecgru_recurrent_kernel_r_3_3_U                                                            | -    | -    |        | p_ZL26sdecgru_recurrent_kernel_r_3_3 | rom_1p  | auto | 1       |
|      p_ZL26sdecgru_recurrent_kernel_z_4_3_U                                                            | -    | -    |        | p_ZL26sdecgru_recurrent_kernel_z_4_3 | rom_1p  | auto | 1       |
|      p_ZL26sdecgru_recurrent_kernel_r_4_3_U                                                            | -    | -    |        | p_ZL26sdecgru_recurrent_kernel_r_4_3 | rom_1p  | auto | 1       |
|      p_ZL26sdecgru_recurrent_kernel_z_5_3_U                                                            | -    | -    |        | p_ZL26sdecgru_recurrent_kernel_z_5_3 | rom_1p  | auto | 1       |
|      p_ZL26sdecgru_recurrent_kernel_r_5_3_U                                                            | -    | -    |        | p_ZL26sdecgru_recurrent_kernel_r_5_3 | rom_1p  | auto | 1       |
|      p_ZL26sdecgru_recurrent_kernel_z_6_3_U                                                            | -    | -    |        | p_ZL26sdecgru_recurrent_kernel_z_6_3 | rom_1p  | auto | 1       |
|      p_ZL26sdecgru_recurrent_kernel_r_6_3_U                                                            | -    | -    |        | p_ZL26sdecgru_recurrent_kernel_r_6_3 | rom_1p  | auto | 1       |
|      p_ZL26sdecgru_recurrent_kernel_z_7_3_U                                                            | -    | -    |        | p_ZL26sdecgru_recurrent_kernel_z_7_3 | rom_1p  | auto | 1       |
|      p_ZL26sdecgru_recurrent_kernel_r_7_3_U                                                            | -    | -    |        | p_ZL26sdecgru_recurrent_kernel_r_7_3 | rom_1p  | auto | 1       |
|      sdecgru_bias_z_U                                                                                  | -    | -    |        | sdecgru_bias_z                       | rom_1p  | auto | 1       |
|      sdecgru_bias_r_U                                                                                  | -    | -    |        | sdecgru_bias_r                       | rom_1p  | auto | 1       |
|    + gru_cell_step_1_Pipeline_VITIS_LOOP_120_5 (grp_gru_cell_step_1_Pipeline_VITIS_LOOP_120_5_fu_1089) | 0    | 0    |        |                                      |         |      |         |
|      p_ZL26sdecgru_recurrent_kernel_h_0_0_U                                                            | -    | -    |        | p_ZL26sdecgru_recurrent_kernel_h_0_0 | rom_1p  | auto | 1       |
|      p_ZL26sdecgru_recurrent_kernel_h_1_0_U                                                            | -    | -    |        | p_ZL26sdecgru_recurrent_kernel_h_1_0 | rom_1p  | auto | 1       |
|      p_ZL26sdecgru_recurrent_kernel_h_2_0_U                                                            | -    | -    |        | p_ZL26sdecgru_recurrent_kernel_h_2_0 | rom_1p  | auto | 1       |
|      p_ZL26sdecgru_recurrent_kernel_h_3_0_U                                                            | -    | -    |        | p_ZL26sdecgru_recurrent_kernel_h_3_0 | rom_1p  | auto | 1       |
|      p_ZL26sdecgru_recurrent_kernel_h_4_0_U                                                            | -    | -    |        | p_ZL26sdecgru_recurrent_kernel_h_4_0 | rom_1p  | auto | 1       |
|      p_ZL26sdecgru_recurrent_kernel_h_5_0_U                                                            | -    | -    |        | p_ZL26sdecgru_recurrent_kernel_h_5_0 | rom_1p  | auto | 1       |
|      p_ZL26sdecgru_recurrent_kernel_h_6_0_U                                                            | -    | -    |        | p_ZL26sdecgru_recurrent_kernel_h_6_0 | rom_1p  | auto | 1       |
|      p_ZL26sdecgru_recurrent_kernel_h_7_0_U                                                            | -    | -    |        | p_ZL26sdecgru_recurrent_kernel_h_7_0 | rom_1p  | auto | 1       |
|      p_ZL26sdecgru_recurrent_kernel_h_0_1_U                                                            | -    | -    |        | p_ZL26sdecgru_recurrent_kernel_h_0_1 | rom_1p  | auto | 1       |
|      p_ZL26sdecgru_recurrent_kernel_h_1_1_U                                                            | -    | -    |        | p_ZL26sdecgru_recurrent_kernel_h_1_1 | rom_1p  | auto | 1       |
|      p_ZL26sdecgru_recurrent_kernel_h_2_1_U                                                            | -    | -    |        | p_ZL26sdecgru_recurrent_kernel_h_2_1 | rom_1p  | auto | 1       |
|      p_ZL26sdecgru_recurrent_kernel_h_3_1_U                                                            | -    | -    |        | p_ZL26sdecgru_recurrent_kernel_h_3_1 | rom_1p  | auto | 1       |
|      p_ZL26sdecgru_recurrent_kernel_h_4_1_U                                                            | -    | -    |        | p_ZL26sdecgru_recurrent_kernel_h_4_1 | rom_1p  | auto | 1       |
|      p_ZL26sdecgru_recurrent_kernel_h_5_1_U                                                            | -    | -    |        | p_ZL26sdecgru_recurrent_kernel_h_5_1 | rom_1p  | auto | 1       |
|      p_ZL26sdecgru_recurrent_kernel_h_6_1_U                                                            | -    | -    |        | p_ZL26sdecgru_recurrent_kernel_h_6_1 | rom_1p  | auto | 1       |
|      p_ZL26sdecgru_recurrent_kernel_h_7_1_U                                                            | -    | -    |        | p_ZL26sdecgru_recurrent_kernel_h_7_1 | rom_1p  | auto | 1       |
|      p_ZL26sdecgru_recurrent_kernel_h_0_2_U                                                            | -    | -    |        | p_ZL26sdecgru_recurrent_kernel_h_0_2 | rom_1p  | auto | 1       |
|      p_ZL26sdecgru_recurrent_kernel_h_1_2_U                                                            | -    | -    |        | p_ZL26sdecgru_recurrent_kernel_h_1_2 | rom_1p  | auto | 1       |
|      p_ZL26sdecgru_recurrent_kernel_h_2_2_U                                                            | -    | -    |        | p_ZL26sdecgru_recurrent_kernel_h_2_2 | rom_1p  | auto | 1       |
|      p_ZL26sdecgru_recurrent_kernel_h_3_2_U                                                            | -    | -    |        | p_ZL26sdecgru_recurrent_kernel_h_3_2 | rom_1p  | auto | 1       |
|      p_ZL26sdecgru_recurrent_kernel_h_4_2_U                                                            | -    | -    |        | p_ZL26sdecgru_recurrent_kernel_h_4_2 | rom_1p  | auto | 1       |
|      p_ZL26sdecgru_recurrent_kernel_h_5_2_U                                                            | -    | -    |        | p_ZL26sdecgru_recurrent_kernel_h_5_2 | rom_1p  | auto | 1       |
|      p_ZL26sdecgru_recurrent_kernel_h_6_2_U                                                            | -    | -    |        | p_ZL26sdecgru_recurrent_kernel_h_6_2 | rom_1p  | auto | 1       |
|      p_ZL26sdecgru_recurrent_kernel_h_7_2_U                                                            | -    | -    |        | p_ZL26sdecgru_recurrent_kernel_h_7_2 | rom_1p  | auto | 1       |
|      p_ZL26sdecgru_recurrent_kernel_h_0_3_U                                                            | -    | -    |        | p_ZL26sdecgru_recurrent_kernel_h_0_3 | rom_1p  | auto | 1       |
|      p_ZL26sdecgru_recurrent_kernel_h_1_3_U                                                            | -    | -    |        | p_ZL26sdecgru_recurrent_kernel_h_1_3 | rom_1p  | auto | 1       |
|      p_ZL26sdecgru_recurrent_kernel_h_2_3_U                                                            | -    | -    |        | p_ZL26sdecgru_recurrent_kernel_h_2_3 | rom_1p  | auto | 1       |
|      p_ZL26sdecgru_recurrent_kernel_h_3_3_U                                                            | -    | -    |        | p_ZL26sdecgru_recurrent_kernel_h_3_3 | rom_1p  | auto | 1       |
|      p_ZL26sdecgru_recurrent_kernel_h_4_3_U                                                            | -    | -    |        | p_ZL26sdecgru_recurrent_kernel_h_4_3 | rom_1p  | auto | 1       |
|      p_ZL26sdecgru_recurrent_kernel_h_5_3_U                                                            | -    | -    |        | p_ZL26sdecgru_recurrent_kernel_h_5_3 | rom_1p  | auto | 1       |
|      p_ZL26sdecgru_recurrent_kernel_h_6_3_U                                                            | -    | -    |        | p_ZL26sdecgru_recurrent_kernel_h_6_3 | rom_1p  | auto | 1       |
|      p_ZL26sdecgru_recurrent_kernel_h_7_3_U                                                            | -    | -    |        | p_ZL26sdecgru_recurrent_kernel_h_7_3 | rom_1p  | auto | 1       |
|      sdecgru_bias_h_U                                                                                  | -    | -    |        | sdecgru_bias_h                       | rom_1p  | auto | 1       |
|   + lane_worker8_3_Pipeline_VITIS_LOOP_238_7                                                           | 0    | 0    |        |                                      |         |      |         |
|     p_ZL17sdec_dense_kernel_0_29_U                                                                     | -    | -    |        | p_ZL17sdec_dense_kernel_0_29         | rom_1p  | auto | 1       |
|     p_ZL17sdec_dense_kernel_1_26_U                                                                     | -    | -    |        | p_ZL17sdec_dense_kernel_1_26         | rom_1p  | auto | 1       |
|     p_ZL17sdec_dense_kernel_2_29_U                                                                     | -    | -    |        | p_ZL17sdec_dense_kernel_2_29         | rom_1p  | auto | 1       |
|     p_ZL17sdec_dense_kernel_3_28_U                                                                     | -    | -    |        | p_ZL17sdec_dense_kernel_3_28         | rom_1p  | auto | 1       |
|     p_ZL17sdec_dense_kernel_4_26_U                                                                     | -    | -    |        | p_ZL17sdec_dense_kernel_4_26         | rom_1p  | auto | 1       |
|     p_ZL17sdec_dense_kernel_5_29_U                                                                     | -    | -    |        | p_ZL17sdec_dense_kernel_5_29         | rom_1p  | auto | 1       |
|     p_ZL17sdec_dense_kernel_6_29_U                                                                     | -    | -    |        | p_ZL17sdec_dense_kernel_6_29         | rom_1p  | auto | 1       |
|     p_ZL17sdec_dense_kernel_7_29_U                                                                     | -    | -    |        | p_ZL17sdec_dense_kernel_7_29         | rom_1p  | auto | 1       |
|     p_ZL17sdec_dense_kernel_0_22_U                                                                     | -    | -    |        | p_ZL17sdec_dense_kernel_0_22         | rom_1p  | auto | 1       |
|     p_ZL17sdec_dense_kernel_1_22_U                                                                     | -    | -    |        | p_ZL17sdec_dense_kernel_1_22         | rom_1p  | auto | 1       |
|     p_ZL17sdec_dense_kernel_2_22_U                                                                     | -    | -    |        | p_ZL17sdec_dense_kernel_2_22         | rom_1p  | auto | 1       |
|     p_ZL17sdec_dense_kernel_3_22_U                                                                     | -    | -    |        | p_ZL17sdec_dense_kernel_3_22         | rom_1p  | auto | 1       |
|     p_ZL17sdec_dense_kernel_4_19_U                                                                     | -    | -    |        | p_ZL17sdec_dense_kernel_4_19         | rom_1p  | auto | 1       |
|     p_ZL17sdec_dense_kernel_5_22_U                                                                     | -    | -    |        | p_ZL17sdec_dense_kernel_5_22         | rom_1p  | auto | 1       |
|     p_ZL17sdec_dense_kernel_6_22_U                                                                     | -    | -    |        | p_ZL17sdec_dense_kernel_6_22         | rom_1p  | auto | 1       |
|     p_ZL17sdec_dense_kernel_7_22_U                                                                     | -    | -    |        | p_ZL17sdec_dense_kernel_7_22         | rom_1p  | auto | 1       |
|     p_ZL17sdec_dense_kernel_0_15_U                                                                     | -    | -    |        | p_ZL17sdec_dense_kernel_0_15         | rom_1p  | auto | 1       |
|     p_ZL17sdec_dense_kernel_1_15_U                                                                     | -    | -    |        | p_ZL17sdec_dense_kernel_1_15         | rom_1p  | auto | 1       |
|     p_ZL17sdec_dense_kernel_2_15_U                                                                     | -    | -    |        | p_ZL17sdec_dense_kernel_2_15         | rom_1p  | auto | 1       |
|     p_ZL17sdec_dense_kernel_3_15_U                                                                     | -    | -    |        | p_ZL17sdec_dense_kernel_3_15         | rom_1p  | auto | 1       |
|     p_ZL17sdec_dense_kernel_4_15_U                                                                     | -    | -    |        | p_ZL17sdec_dense_kernel_4_15         | rom_1p  | auto | 1       |
|     p_ZL17sdec_dense_kernel_5_15_U                                                                     | -    | -    |        | p_ZL17sdec_dense_kernel_5_15         | rom_1p  | auto | 1       |
|     p_ZL17sdec_dense_kernel_6_15_U                                                                     | -    | -    |        | p_ZL17sdec_dense_kernel_6_15         | rom_1p  | auto | 1       |
|     p_ZL17sdec_dense_kernel_7_15_U                                                                     | -    | -    |        | p_ZL17sdec_dense_kernel_7_15         | rom_1p  | auto | 1       |
|     p_ZL17sdec_dense_kernel_0_8_U                                                                      | -    | -    |        | p_ZL17sdec_dense_kernel_0_8          | rom_1p  | auto | 1       |
|     p_ZL17sdec_dense_kernel_1_8_U                                                                      | -    | -    |        | p_ZL17sdec_dense_kernel_1_8          | rom_1p  | auto | 1       |
|     p_ZL17sdec_dense_kernel_2_8_U                                                                      | -    | -    |        | p_ZL17sdec_dense_kernel_2_8          | rom_1p  | auto | 1       |
|     p_ZL17sdec_dense_kernel_3_8_U                                                                      | -    | -    |        | p_ZL17sdec_dense_kernel_3_8          | rom_1p  | auto | 1       |
|     p_ZL17sdec_dense_kernel_4_8_U                                                                      | -    | -    |        | p_ZL17sdec_dense_kernel_4_8          | rom_1p  | auto | 1       |
|     p_ZL17sdec_dense_kernel_5_8_U                                                                      | -    | -    |        | p_ZL17sdec_dense_kernel_5_8          | rom_1p  | auto | 1       |
|     p_ZL17sdec_dense_kernel_6_8_U                                                                      | -    | -    |        | p_ZL17sdec_dense_kernel_6_8          | rom_1p  | auto | 1       |
|     p_ZL17sdec_dense_kernel_7_8_U                                                                      | -    | -    |        | p_ZL17sdec_dense_kernel_7_8          | rom_1p  | auto | 1       |
|     sdec_dense_bias235_U                                                                               | -    | -    |        | sdec_dense_bias235                   | rom_1p  | auto | 1       |
|  + lane_worker8_4                                                                                      | 2    | 0    |        |                                      |         |      |         |
|    h_enc_V_U                                                                                           | -    | -    |        | h_enc_V                              | ram_t2p | auto | 1       |
|    h_enc_V_13_U                                                                                        | -    | -    |        | h_enc_V_13                           | ram_t2p | auto | 1       |
|    h_enc_V_14_U                                                                                        | -    | -    |        | h_enc_V_14                           | ram_t2p | auto | 1       |
|    h_enc_V_15_U                                                                                        | -    | -    |        | h_enc_V_15                           | ram_t2p | auto | 1       |
|    h_dec_V_U                                                                                           | -    | -    |        | h_dec_V                              | ram_t2p | auto | 1       |
|    h_dec_V_13_U                                                                                        | -    | -    |        | h_dec_V_13                           | ram_t2p | auto | 1       |
|    h_dec_V_14_U                                                                                        | -    | -    |        | h_dec_V_14                           | ram_t2p | auto | 1       |
|    h_dec_V_15_U                                                                                        | -    | -    |        | h_dec_V_15                           | ram_t2p | auto | 1       |
|    h_next_V_U                                                                                          | -    | -    |        | h_next_V                             | ram_s2p | auto | 1       |
|    h_next_V_5_U                                                                                        | -    | -    |        | h_next_V_5                           | ram_s2p | auto | 1       |
|    tpsf_in_V_U                                                                                         | 1    | -    |        | tpsf_in_V                            | ram_1p  | auto | 1       |
|    sfd_out_V_U                                                                                         | 1    | -    |        | sfd_out_V                            | ram_1p  | auto | 1       |
|   + gru_cell_step (grp_gru_cell_step_fu_2302)                                                          | 0    | 0    |        |                                      |         |      |         |
|     z_V_U                                                                                              | -    | -    |        | z_V                                  | ram_1p  | auto | 1       |
|     r_V_U                                                                                              | -    | -    |        | r_V                                  | ram_s2p | auto | 1       |
|    + gru_cell_step_Pipeline_VITIS_LOOP_69_1 (grp_gru_cell_step_Pipeline_VITIS_LOOP_69_1_fu_917)        | 0    | 0    |        |                                      |         |      |         |
|      p_ZL26sencgru_recurrent_kernel_z_0_0_U                                                            | -    | -    |        | p_ZL26sencgru_recurrent_kernel_z_0_0 | rom_1p  | auto | 1       |
|      p_ZL26sencgru_recurrent_kernel_r_0_0_U                                                            | -    | -    |        | p_ZL26sencgru_recurrent_kernel_r_0_0 | rom_1p  | auto | 1       |
|      p_ZL26sencgru_recurrent_kernel_z_1_0_U                                                            | -    | -    |        | p_ZL26sencgru_recurrent_kernel_z_1_0 | rom_1p  | auto | 1       |
|      p_ZL26sencgru_recurrent_kernel_r_1_0_U                                                            | -    | -    |        | p_ZL26sencgru_recurrent_kernel_r_1_0 | rom_1p  | auto | 1       |
|      p_ZL26sencgru_recurrent_kernel_z_2_0_U                                                            | -    | -    |        | p_ZL26sencgru_recurrent_kernel_z_2_0 | rom_1p  | auto | 1       |
|      p_ZL26sencgru_recurrent_kernel_r_2_0_U                                                            | -    | -    |        | p_ZL26sencgru_recurrent_kernel_r_2_0 | rom_1p  | auto | 1       |
|      p_ZL26sencgru_recurrent_kernel_z_3_0_U                                                            | -    | -    |        | p_ZL26sencgru_recurrent_kernel_z_3_0 | rom_1p  | auto | 1       |
|      p_ZL26sencgru_recurrent_kernel_r_3_0_U                                                            | -    | -    |        | p_ZL26sencgru_recurrent_kernel_r_3_0 | rom_1p  | auto | 1       |
|      p_ZL26sencgru_recurrent_kernel_z_4_0_U                                                            | -    | -    |        | p_ZL26sencgru_recurrent_kernel_z_4_0 | rom_1p  | auto | 1       |
|      p_ZL26sencgru_recurrent_kernel_r_4_0_U                                                            | -    | -    |        | p_ZL26sencgru_recurrent_kernel_r_4_0 | rom_1p  | auto | 1       |
|      p_ZL26sencgru_recurrent_kernel_z_5_0_U                                                            | -    | -    |        | p_ZL26sencgru_recurrent_kernel_z_5_0 | rom_1p  | auto | 1       |
|      p_ZL26sencgru_recurrent_kernel_r_5_0_U                                                            | -    | -    |        | p_ZL26sencgru_recurrent_kernel_r_5_0 | rom_1p  | auto | 1       |
|      p_ZL26sencgru_recurrent_kernel_z_6_0_U                                                            | -    | -    |        | p_ZL26sencgru_recurrent_kernel_z_6_0 | rom_1p  | auto | 1       |
|      p_ZL26sencgru_recurrent_kernel_r_6_0_U                                                            | -    | -    |        | p_ZL26sencgru_recurrent_kernel_r_6_0 | rom_1p  | auto | 1       |
|      p_ZL26sencgru_recurrent_kernel_z_7_0_U                                                            | -    | -    |        | p_ZL26sencgru_recurrent_kernel_z_7_0 | rom_1p  | auto | 1       |
|      p_ZL26sencgru_recurrent_kernel_r_7_0_U                                                            | -    | -    |        | p_ZL26sencgru_recurrent_kernel_r_7_0 | rom_1p  | auto | 1       |
|      p_ZL26sencgru_recurrent_kernel_z_0_1_U                                                            | -    | -    |        | p_ZL26sencgru_recurrent_kernel_z_0_1 | rom_1p  | auto | 1       |
|      p_ZL26sencgru_recurrent_kernel_r_0_1_U                                                            | -    | -    |        | p_ZL26sencgru_recurrent_kernel_r_0_1 | rom_1p  | auto | 1       |
|      p_ZL26sencgru_recurrent_kernel_z_1_1_U                                                            | -    | -    |        | p_ZL26sencgru_recurrent_kernel_z_1_1 | rom_1p  | auto | 1       |
|      p_ZL26sencgru_recurrent_kernel_r_1_1_U                                                            | -    | -    |        | p_ZL26sencgru_recurrent_kernel_r_1_1 | rom_1p  | auto | 1       |
|      p_ZL26sencgru_recurrent_kernel_z_2_1_U                                                            | -    | -    |        | p_ZL26sencgru_recurrent_kernel_z_2_1 | rom_1p  | auto | 1       |
|      p_ZL26sencgru_recurrent_kernel_r_2_1_U                                                            | -    | -    |        | p_ZL26sencgru_recurrent_kernel_r_2_1 | rom_1p  | auto | 1       |
|      p_ZL26sencgru_recurrent_kernel_z_3_1_U                                                            | -    | -    |        | p_ZL26sencgru_recurrent_kernel_z_3_1 | rom_1p  | auto | 1       |
|      p_ZL26sencgru_recurrent_kernel_r_3_1_U                                                            | -    | -    |        | p_ZL26sencgru_recurrent_kernel_r_3_1 | rom_1p  | auto | 1       |
|      p_ZL26sencgru_recurrent_kernel_z_4_1_U                                                            | -    | -    |        | p_ZL26sencgru_recurrent_kernel_z_4_1 | rom_1p  | auto | 1       |
|      p_ZL26sencgru_recurrent_kernel_r_4_1_U                                                            | -    | -    |        | p_ZL26sencgru_recurrent_kernel_r_4_1 | rom_1p  | auto | 1       |
|      p_ZL26sencgru_recurrent_kernel_z_5_1_U                                                            | -    | -    |        | p_ZL26sencgru_recurrent_kernel_z_5_1 | rom_1p  | auto | 1       |
|      p_ZL26sencgru_recurrent_kernel_r_5_1_U                                                            | -    | -    |        | p_ZL26sencgru_recurrent_kernel_r_5_1 | rom_1p  | auto | 1       |
|      p_ZL26sencgru_recurrent_kernel_z_6_1_U                                                            | -    | -    |        | p_ZL26sencgru_recurrent_kernel_z_6_1 | rom_1p  | auto | 1       |
|      p_ZL26sencgru_recurrent_kernel_r_6_1_U                                                            | -    | -    |        | p_ZL26sencgru_recurrent_kernel_r_6_1 | rom_1p  | auto | 1       |
|      p_ZL26sencgru_recurrent_kernel_z_7_1_U                                                            | -    | -    |        | p_ZL26sencgru_recurrent_kernel_z_7_1 | rom_1p  | auto | 1       |
|      p_ZL26sencgru_recurrent_kernel_r_7_1_U                                                            | -    | -    |        | p_ZL26sencgru_recurrent_kernel_r_7_1 | rom_1p  | auto | 1       |
|      p_ZL26sencgru_recurrent_kernel_z_0_2_U                                                            | -    | -    |        | p_ZL26sencgru_recurrent_kernel_z_0_2 | rom_1p  | auto | 1       |
|      p_ZL26sencgru_recurrent_kernel_r_0_2_U                                                            | -    | -    |        | p_ZL26sencgru_recurrent_kernel_r_0_2 | rom_1p  | auto | 1       |
|      p_ZL26sencgru_recurrent_kernel_z_1_2_U                                                            | -    | -    |        | p_ZL26sencgru_recurrent_kernel_z_1_2 | rom_1p  | auto | 1       |
|      p_ZL26sencgru_recurrent_kernel_r_1_2_U                                                            | -    | -    |        | p_ZL26sencgru_recurrent_kernel_r_1_2 | rom_1p  | auto | 1       |
|      p_ZL26sencgru_recurrent_kernel_z_2_2_U                                                            | -    | -    |        | p_ZL26sencgru_recurrent_kernel_z_2_2 | rom_1p  | auto | 1       |
|      p_ZL26sencgru_recurrent_kernel_r_2_2_U                                                            | -    | -    |        | p_ZL26sencgru_recurrent_kernel_r_2_2 | rom_1p  | auto | 1       |
|      p_ZL26sencgru_recurrent_kernel_z_3_2_U                                                            | -    | -    |        | p_ZL26sencgru_recurrent_kernel_z_3_2 | rom_1p  | auto | 1       |
|      p_ZL26sencgru_recurrent_kernel_r_3_2_U                                                            | -    | -    |        | p_ZL26sencgru_recurrent_kernel_r_3_2 | rom_1p  | auto | 1       |
|      p_ZL26sencgru_recurrent_kernel_z_4_2_U                                                            | -    | -    |        | p_ZL26sencgru_recurrent_kernel_z_4_2 | rom_1p  | auto | 1       |
|      p_ZL26sencgru_recurrent_kernel_r_4_2_U                                                            | -    | -    |        | p_ZL26sencgru_recurrent_kernel_r_4_2 | rom_1p  | auto | 1       |
|      p_ZL26sencgru_recurrent_kernel_z_5_2_U                                                            | -    | -    |        | p_ZL26sencgru_recurrent_kernel_z_5_2 | rom_1p  | auto | 1       |
|      p_ZL26sencgru_recurrent_kernel_r_5_2_U                                                            | -    | -    |        | p_ZL26sencgru_recurrent_kernel_r_5_2 | rom_1p  | auto | 1       |
|      p_ZL26sencgru_recurrent_kernel_z_6_2_U                                                            | -    | -    |        | p_ZL26sencgru_recurrent_kernel_z_6_2 | rom_1p  | auto | 1       |
|      p_ZL26sencgru_recurrent_kernel_r_6_2_U                                                            | -    | -    |        | p_ZL26sencgru_recurrent_kernel_r_6_2 | rom_1p  | auto | 1       |
|      p_ZL26sencgru_recurrent_kernel_z_7_2_U                                                            | -    | -    |        | p_ZL26sencgru_recurrent_kernel_z_7_2 | rom_1p  | auto | 1       |
|      p_ZL26sencgru_recurrent_kernel_r_7_2_U                                                            | -    | -    |        | p_ZL26sencgru_recurrent_kernel_r_7_2 | rom_1p  | auto | 1       |
|      p_ZL26sencgru_recurrent_kernel_z_0_3_U                                                            | -    | -    |        | p_ZL26sencgru_recurrent_kernel_z_0_3 | rom_1p  | auto | 1       |
|      p_ZL26sencgru_recurrent_kernel_r_0_3_U                                                            | -    | -    |        | p_ZL26sencgru_recurrent_kernel_r_0_3 | rom_1p  | auto | 1       |
|      p_ZL26sencgru_recurrent_kernel_z_1_3_U                                                            | -    | -    |        | p_ZL26sencgru_recurrent_kernel_z_1_3 | rom_1p  | auto | 1       |
|      p_ZL26sencgru_recurrent_kernel_r_1_3_U                                                            | -    | -    |        | p_ZL26sencgru_recurrent_kernel_r_1_3 | rom_1p  | auto | 1       |
|      p_ZL26sencgru_recurrent_kernel_z_2_3_U                                                            | -    | -    |        | p_ZL26sencgru_recurrent_kernel_z_2_3 | rom_1p  | auto | 1       |
|      p_ZL26sencgru_recurrent_kernel_r_2_3_U                                                            | -    | -    |        | p_ZL26sencgru_recurrent_kernel_r_2_3 | rom_1p  | auto | 1       |
|      p_ZL26sencgru_recurrent_kernel_z_3_3_U                                                            | -    | -    |        | p_ZL26sencgru_recurrent_kernel_z_3_3 | rom_1p  | auto | 1       |
|      p_ZL26sencgru_recurrent_kernel_r_3_3_U                                                            | -    | -    |        | p_ZL26sencgru_recurrent_kernel_r_3_3 | rom_1p  | auto | 1       |
|      p_ZL26sencgru_recurrent_kernel_z_4_3_U                                                            | -    | -    |        | p_ZL26sencgru_recurrent_kernel_z_4_3 | rom_1p  | auto | 1       |
|      p_ZL26sencgru_recurrent_kernel_r_4_3_U                                                            | -    | -    |        | p_ZL26sencgru_recurrent_kernel_r_4_3 | rom_1p  | auto | 1       |
|      p_ZL26sencgru_recurrent_kernel_z_5_3_U                                                            | -    | -    |        | p_ZL26sencgru_recurrent_kernel_z_5_3 | rom_1p  | auto | 1       |
|      p_ZL26sencgru_recurrent_kernel_r_5_3_U                                                            | -    | -    |        | p_ZL26sencgru_recurrent_kernel_r_5_3 | rom_1p  | auto | 1       |
|      p_ZL26sencgru_recurrent_kernel_z_6_3_U                                                            | -    | -    |        | p_ZL26sencgru_recurrent_kernel_z_6_3 | rom_1p  | auto | 1       |
|      p_ZL26sencgru_recurrent_kernel_r_6_3_U                                                            | -    | -    |        | p_ZL26sencgru_recurrent_kernel_r_6_3 | rom_1p  | auto | 1       |
|      p_ZL26sencgru_recurrent_kernel_z_7_3_U                                                            | -    | -    |        | p_ZL26sencgru_recurrent_kernel_z_7_3 | rom_1p  | auto | 1       |
|      p_ZL26sencgru_recurrent_kernel_r_7_3_U                                                            | -    | -    |        | p_ZL26sencgru_recurrent_kernel_r_7_3 | rom_1p  | auto | 1       |
|      sencgru_bias_z_U                                                                                  | -    | -    |        | sencgru_bias_z                       | rom_1p  | auto | 1       |
|      sencgru_bias_r_U                                                                                  | -    | -    |        | sencgru_bias_r                       | rom_1p  | auto | 1       |
|    + gru_cell_step_Pipeline_VITIS_LOOP_120_5 (grp_gru_cell_step_Pipeline_VITIS_LOOP_120_5_fu_1107)     | 0    | 0    |        |                                      |         |      |         |
|      p_ZL26sencgru_recurrent_kernel_h_0_0_U                                                            | -    | -    |        | p_ZL26sencgru_recurrent_kernel_h_0_0 | rom_1p  | auto | 1       |
|      p_ZL26sencgru_recurrent_kernel_h_1_0_U                                                            | -    | -    |        | p_ZL26sencgru_recurrent_kernel_h_1_0 | rom_1p  | auto | 1       |
|      p_ZL26sencgru_recurrent_kernel_h_2_0_U                                                            | -    | -    |        | p_ZL26sencgru_recurrent_kernel_h_2_0 | rom_1p  | auto | 1       |
|      p_ZL26sencgru_recurrent_kernel_h_3_0_U                                                            | -    | -    |        | p_ZL26sencgru_recurrent_kernel_h_3_0 | rom_1p  | auto | 1       |
|      p_ZL26sencgru_recurrent_kernel_h_4_0_U                                                            | -    | -    |        | p_ZL26sencgru_recurrent_kernel_h_4_0 | rom_1p  | auto | 1       |
|      p_ZL26sencgru_recurrent_kernel_h_5_0_U                                                            | -    | -    |        | p_ZL26sencgru_recurrent_kernel_h_5_0 | rom_1p  | auto | 1       |
|      p_ZL26sencgru_recurrent_kernel_h_6_0_U                                                            | -    | -    |        | p_ZL26sencgru_recurrent_kernel_h_6_0 | rom_1p  | auto | 1       |
|      p_ZL26sencgru_recurrent_kernel_h_7_0_U                                                            | -    | -    |        | p_ZL26sencgru_recurrent_kernel_h_7_0 | rom_1p  | auto | 1       |
|      p_ZL26sencgru_recurrent_kernel_h_0_1_U                                                            | -    | -    |        | p_ZL26sencgru_recurrent_kernel_h_0_1 | rom_1p  | auto | 1       |
|      p_ZL26sencgru_recurrent_kernel_h_1_1_U                                                            | -    | -    |        | p_ZL26sencgru_recurrent_kernel_h_1_1 | rom_1p  | auto | 1       |
|      p_ZL26sencgru_recurrent_kernel_h_2_1_U                                                            | -    | -    |        | p_ZL26sencgru_recurrent_kernel_h_2_1 | rom_1p  | auto | 1       |
|      p_ZL26sencgru_recurrent_kernel_h_3_1_U                                                            | -    | -    |        | p_ZL26sencgru_recurrent_kernel_h_3_1 | rom_1p  | auto | 1       |
|      p_ZL26sencgru_recurrent_kernel_h_4_1_U                                                            | -    | -    |        | p_ZL26sencgru_recurrent_kernel_h_4_1 | rom_1p  | auto | 1       |
|      p_ZL26sencgru_recurrent_kernel_h_5_1_U                                                            | -    | -    |        | p_ZL26sencgru_recurrent_kernel_h_5_1 | rom_1p  | auto | 1       |
|      p_ZL26sencgru_recurrent_kernel_h_6_1_U                                                            | -    | -    |        | p_ZL26sencgru_recurrent_kernel_h_6_1 | rom_1p  | auto | 1       |
|      p_ZL26sencgru_recurrent_kernel_h_7_1_U                                                            | -    | -    |        | p_ZL26sencgru_recurrent_kernel_h_7_1 | rom_1p  | auto | 1       |
|      p_ZL26sencgru_recurrent_kernel_h_0_2_U                                                            | -    | -    |        | p_ZL26sencgru_recurrent_kernel_h_0_2 | rom_1p  | auto | 1       |
|      p_ZL26sencgru_recurrent_kernel_h_1_2_U                                                            | -    | -    |        | p_ZL26sencgru_recurrent_kernel_h_1_2 | rom_1p  | auto | 1       |
|      p_ZL26sencgru_recurrent_kernel_h_2_2_U                                                            | -    | -    |        | p_ZL26sencgru_recurrent_kernel_h_2_2 | rom_1p  | auto | 1       |
|      p_ZL26sencgru_recurrent_kernel_h_3_2_U                                                            | -    | -    |        | p_ZL26sencgru_recurrent_kernel_h_3_2 | rom_1p  | auto | 1       |
|      p_ZL26sencgru_recurrent_kernel_h_4_2_U                                                            | -    | -    |        | p_ZL26sencgru_recurrent_kernel_h_4_2 | rom_1p  | auto | 1       |
|      p_ZL26sencgru_recurrent_kernel_h_5_2_U                                                            | -    | -    |        | p_ZL26sencgru_recurrent_kernel_h_5_2 | rom_1p  | auto | 1       |
|      p_ZL26sencgru_recurrent_kernel_h_6_2_U                                                            | -    | -    |        | p_ZL26sencgru_recurrent_kernel_h_6_2 | rom_1p  | auto | 1       |
|      p_ZL26sencgru_recurrent_kernel_h_7_2_U                                                            | -    | -    |        | p_ZL26sencgru_recurrent_kernel_h_7_2 | rom_1p  | auto | 1       |
|      p_ZL26sencgru_recurrent_kernel_h_0_3_U                                                            | -    | -    |        | p_ZL26sencgru_recurrent_kernel_h_0_3 | rom_1p  | auto | 1       |
|      p_ZL26sencgru_recurrent_kernel_h_1_3_U                                                            | -    | -    |        | p_ZL26sencgru_recurrent_kernel_h_1_3 | rom_1p  | auto | 1       |
|      p_ZL26sencgru_recurrent_kernel_h_2_3_U                                                            | -    | -    |        | p_ZL26sencgru_recurrent_kernel_h_2_3 | rom_1p  | auto | 1       |
|      p_ZL26sencgru_recurrent_kernel_h_3_3_U                                                            | -    | -    |        | p_ZL26sencgru_recurrent_kernel_h_3_3 | rom_1p  | auto | 1       |
|      p_ZL26sencgru_recurrent_kernel_h_4_3_U                                                            | -    | -    |        | p_ZL26sencgru_recurrent_kernel_h_4_3 | rom_1p  | auto | 1       |
|      p_ZL26sencgru_recurrent_kernel_h_5_3_U                                                            | -    | -    |        | p_ZL26sencgru_recurrent_kernel_h_5_3 | rom_1p  | auto | 1       |
|      p_ZL26sencgru_recurrent_kernel_h_6_3_U                                                            | -    | -    |        | p_ZL26sencgru_recurrent_kernel_h_6_3 | rom_1p  | auto | 1       |
|      p_ZL26sencgru_recurrent_kernel_h_7_3_U                                                            | -    | -    |        | p_ZL26sencgru_recurrent_kernel_h_7_3 | rom_1p  | auto | 1       |
|      sencgru_bias_h_U                                                                                  | -    | -    |        | sencgru_bias_h                       | rom_1p  | auto | 1       |
|   + gru_cell_step_1 (grp_gru_cell_step_1_fu_2511)                                                      | 0    | 0    |        |                                      |         |      |         |
|     z_V_U                                                                                              | -    | -    |        | z_V                                  | ram_1p  | auto | 1       |
|     r_V_U                                                                                              | -    | -    |        | r_V                                  | ram_s2p | auto | 1       |
|    + gru_cell_step_1_Pipeline_VITIS_LOOP_69_1 (grp_gru_cell_step_1_Pipeline_VITIS_LOOP_69_1_fu_903)    | 0    | 0    |        |                                      |         |      |         |
|      p_ZL26sdecgru_recurrent_kernel_z_0_0_U                                                            | -    | -    |        | p_ZL26sdecgru_recurrent_kernel_z_0_0 | rom_1p  | auto | 1       |
|      p_ZL26sdecgru_recurrent_kernel_r_0_0_U                                                            | -    | -    |        | p_ZL26sdecgru_recurrent_kernel_r_0_0 | rom_1p  | auto | 1       |
|      p_ZL26sdecgru_recurrent_kernel_z_1_0_U                                                            | -    | -    |        | p_ZL26sdecgru_recurrent_kernel_z_1_0 | rom_1p  | auto | 1       |
|      p_ZL26sdecgru_recurrent_kernel_r_1_0_U                                                            | -    | -    |        | p_ZL26sdecgru_recurrent_kernel_r_1_0 | rom_1p  | auto | 1       |
|      p_ZL26sdecgru_recurrent_kernel_z_2_0_U                                                            | -    | -    |        | p_ZL26sdecgru_recurrent_kernel_z_2_0 | rom_1p  | auto | 1       |
|      p_ZL26sdecgru_recurrent_kernel_r_2_0_U                                                            | -    | -    |        | p_ZL26sdecgru_recurrent_kernel_r_2_0 | rom_1p  | auto | 1       |
|      p_ZL26sdecgru_recurrent_kernel_z_3_0_U                                                            | -    | -    |        | p_ZL26sdecgru_recurrent_kernel_z_3_0 | rom_1p  | auto | 1       |
|      p_ZL26sdecgru_recurrent_kernel_r_3_0_U                                                            | -    | -    |        | p_ZL26sdecgru_recurrent_kernel_r_3_0 | rom_1p  | auto | 1       |
|      p_ZL26sdecgru_recurrent_kernel_z_4_0_U                                                            | -    | -    |        | p_ZL26sdecgru_recurrent_kernel_z_4_0 | rom_1p  | auto | 1       |
|      p_ZL26sdecgru_recurrent_kernel_r_4_0_U                                                            | -    | -    |        | p_ZL26sdecgru_recurrent_kernel_r_4_0 | rom_1p  | auto | 1       |
|      p_ZL26sdecgru_recurrent_kernel_z_5_0_U                                                            | -    | -    |        | p_ZL26sdecgru_recurrent_kernel_z_5_0 | rom_1p  | auto | 1       |
|      p_ZL26sdecgru_recurrent_kernel_r_5_0_U                                                            | -    | -    |        | p_ZL26sdecgru_recurrent_kernel_r_5_0 | rom_1p  | auto | 1       |
|      p_ZL26sdecgru_recurrent_kernel_z_6_0_U                                                            | -    | -    |        | p_ZL26sdecgru_recurrent_kernel_z_6_0 | rom_1p  | auto | 1       |
|      p_ZL26sdecgru_recurrent_kernel_r_6_0_U                                                            | -    | -    |        | p_ZL26sdecgru_recurrent_kernel_r_6_0 | rom_1p  | auto | 1       |
|      p_ZL26sdecgru_recurrent_kernel_z_7_0_U                                                            | -    | -    |        | p_ZL26sdecgru_recurrent_kernel_z_7_0 | rom_1p  | auto | 1       |
|      p_ZL26sdecgru_recurrent_kernel_r_7_0_U                                                            | -    | -    |        | p_ZL26sdecgru_recurrent_kernel_r_7_0 | rom_1p  | auto | 1       |
|      p_ZL26sdecgru_recurrent_kernel_z_0_1_U                                                            | -    | -    |        | p_ZL26sdecgru_recurrent_kernel_z_0_1 | rom_1p  | auto | 1       |
|      p_ZL26sdecgru_recurrent_kernel_r_0_1_U                                                            | -    | -    |        | p_ZL26sdecgru_recurrent_kernel_r_0_1 | rom_1p  | auto | 1       |
|      p_ZL26sdecgru_recurrent_kernel_z_1_1_U                                                            | -    | -    |        | p_ZL26sdecgru_recurrent_kernel_z_1_1 | rom_1p  | auto | 1       |
|      p_ZL26sdecgru_recurrent_kernel_r_1_1_U                                                            | -    | -    |        | p_ZL26sdecgru_recurrent_kernel_r_1_1 | rom_1p  | auto | 1       |
|      p_ZL26sdecgru_recurrent_kernel_z_2_1_U                                                            | -    | -    |        | p_ZL26sdecgru_recurrent_kernel_z_2_1 | rom_1p  | auto | 1       |
|      p_ZL26sdecgru_recurrent_kernel_r_2_1_U                                                            | -    | -    |        | p_ZL26sdecgru_recurrent_kernel_r_2_1 | rom_1p  | auto | 1       |
|      p_ZL26sdecgru_recurrent_kernel_z_3_1_U                                                            | -    | -    |        | p_ZL26sdecgru_recurrent_kernel_z_3_1 | rom_1p  | auto | 1       |
|      p_ZL26sdecgru_recurrent_kernel_r_3_1_U                                                            | -    | -    |        | p_ZL26sdecgru_recurrent_kernel_r_3_1 | rom_1p  | auto | 1       |
|      p_ZL26sdecgru_recurrent_kernel_z_4_1_U                                                            | -    | -    |        | p_ZL26sdecgru_recurrent_kernel_z_4_1 | rom_1p  | auto | 1       |
|      p_ZL26sdecgru_recurrent_kernel_r_4_1_U                                                            | -    | -    |        | p_ZL26sdecgru_recurrent_kernel_r_4_1 | rom_1p  | auto | 1       |
|      p_ZL26sdecgru_recurrent_kernel_z_5_1_U                                                            | -    | -    |        | p_ZL26sdecgru_recurrent_kernel_z_5_1 | rom_1p  | auto | 1       |
|      p_ZL26sdecgru_recurrent_kernel_r_5_1_U                                                            | -    | -    |        | p_ZL26sdecgru_recurrent_kernel_r_5_1 | rom_1p  | auto | 1       |
|      p_ZL26sdecgru_recurrent_kernel_z_6_1_U                                                            | -    | -    |        | p_ZL26sdecgru_recurrent_kernel_z_6_1 | rom_1p  | auto | 1       |
|      p_ZL26sdecgru_recurrent_kernel_r_6_1_U                                                            | -    | -    |        | p_ZL26sdecgru_recurrent_kernel_r_6_1 | rom_1p  | auto | 1       |
|      p_ZL26sdecgru_recurrent_kernel_z_7_1_U                                                            | -    | -    |        | p_ZL26sdecgru_recurrent_kernel_z_7_1 | rom_1p  | auto | 1       |
|      p_ZL26sdecgru_recurrent_kernel_r_7_1_U                                                            | -    | -    |        | p_ZL26sdecgru_recurrent_kernel_r_7_1 | rom_1p  | auto | 1       |
|      p_ZL26sdecgru_recurrent_kernel_z_0_2_U                                                            | -    | -    |        | p_ZL26sdecgru_recurrent_kernel_z_0_2 | rom_1p  | auto | 1       |
|      p_ZL26sdecgru_recurrent_kernel_r_0_2_U                                                            | -    | -    |        | p_ZL26sdecgru_recurrent_kernel_r_0_2 | rom_1p  | auto | 1       |
|      p_ZL26sdecgru_recurrent_kernel_z_1_2_U                                                            | -    | -    |        | p_ZL26sdecgru_recurrent_kernel_z_1_2 | rom_1p  | auto | 1       |
|      p_ZL26sdecgru_recurrent_kernel_r_1_2_U                                                            | -    | -    |        | p_ZL26sdecgru_recurrent_kernel_r_1_2 | rom_1p  | auto | 1       |
|      p_ZL26sdecgru_recurrent_kernel_z_2_2_U                                                            | -    | -    |        | p_ZL26sdecgru_recurrent_kernel_z_2_2 | rom_1p  | auto | 1       |
|      p_ZL26sdecgru_recurrent_kernel_r_2_2_U                                                            | -    | -    |        | p_ZL26sdecgru_recurrent_kernel_r_2_2 | rom_1p  | auto | 1       |
|      p_ZL26sdecgru_recurrent_kernel_z_3_2_U                                                            | -    | -    |        | p_ZL26sdecgru_recurrent_kernel_z_3_2 | rom_1p  | auto | 1       |
|      p_ZL26sdecgru_recurrent_kernel_r_3_2_U                                                            | -    | -    |        | p_ZL26sdecgru_recurrent_kernel_r_3_2 | rom_1p  | auto | 1       |
|      p_ZL26sdecgru_recurrent_kernel_z_4_2_U                                                            | -    | -    |        | p_ZL26sdecgru_recurrent_kernel_z_4_2 | rom_1p  | auto | 1       |
|      p_ZL26sdecgru_recurrent_kernel_r_4_2_U                                                            | -    | -    |        | p_ZL26sdecgru_recurrent_kernel_r_4_2 | rom_1p  | auto | 1       |
|      p_ZL26sdecgru_recurrent_kernel_z_5_2_U                                                            | -    | -    |        | p_ZL26sdecgru_recurrent_kernel_z_5_2 | rom_1p  | auto | 1       |
|      p_ZL26sdecgru_recurrent_kernel_r_5_2_U                                                            | -    | -    |        | p_ZL26sdecgru_recurrent_kernel_r_5_2 | rom_1p  | auto | 1       |
|      p_ZL26sdecgru_recurrent_kernel_z_6_2_U                                                            | -    | -    |        | p_ZL26sdecgru_recurrent_kernel_z_6_2 | rom_1p  | auto | 1       |
|      p_ZL26sdecgru_recurrent_kernel_r_6_2_U                                                            | -    | -    |        | p_ZL26sdecgru_recurrent_kernel_r_6_2 | rom_1p  | auto | 1       |
|      p_ZL26sdecgru_recurrent_kernel_z_7_2_U                                                            | -    | -    |        | p_ZL26sdecgru_recurrent_kernel_z_7_2 | rom_1p  | auto | 1       |
|      p_ZL26sdecgru_recurrent_kernel_r_7_2_U                                                            | -    | -    |        | p_ZL26sdecgru_recurrent_kernel_r_7_2 | rom_1p  | auto | 1       |
|      p_ZL26sdecgru_recurrent_kernel_z_0_3_U                                                            | -    | -    |        | p_ZL26sdecgru_recurrent_kernel_z_0_3 | rom_1p  | auto | 1       |
|      p_ZL26sdecgru_recurrent_kernel_r_0_3_U                                                            | -    | -    |        | p_ZL26sdecgru_recurrent_kernel_r_0_3 | rom_1p  | auto | 1       |
|      p_ZL26sdecgru_recurrent_kernel_z_1_3_U                                                            | -    | -    |        | p_ZL26sdecgru_recurrent_kernel_z_1_3 | rom_1p  | auto | 1       |
|      p_ZL26sdecgru_recurrent_kernel_r_1_3_U                                                            | -    | -    |        | p_ZL26sdecgru_recurrent_kernel_r_1_3 | rom_1p  | auto | 1       |
|      p_ZL26sdecgru_recurrent_kernel_z_2_3_U                                                            | -    | -    |        | p_ZL26sdecgru_recurrent_kernel_z_2_3 | rom_1p  | auto | 1       |
|      p_ZL26sdecgru_recurrent_kernel_r_2_3_U                                                            | -    | -    |        | p_ZL26sdecgru_recurrent_kernel_r_2_3 | rom_1p  | auto | 1       |
|      p_ZL26sdecgru_recurrent_kernel_z_3_3_U                                                            | -    | -    |        | p_ZL26sdecgru_recurrent_kernel_z_3_3 | rom_1p  | auto | 1       |
|      p_ZL26sdecgru_recurrent_kernel_r_3_3_U                                                            | -    | -    |        | p_ZL26sdecgru_recurrent_kernel_r_3_3 | rom_1p  | auto | 1       |
|      p_ZL26sdecgru_recurrent_kernel_z_4_3_U                                                            | -    | -    |        | p_ZL26sdecgru_recurrent_kernel_z_4_3 | rom_1p  | auto | 1       |
|      p_ZL26sdecgru_recurrent_kernel_r_4_3_U                                                            | -    | -    |        | p_ZL26sdecgru_recurrent_kernel_r_4_3 | rom_1p  | auto | 1       |
|      p_ZL26sdecgru_recurrent_kernel_z_5_3_U                                                            | -    | -    |        | p_ZL26sdecgru_recurrent_kernel_z_5_3 | rom_1p  | auto | 1       |
|      p_ZL26sdecgru_recurrent_kernel_r_5_3_U                                                            | -    | -    |        | p_ZL26sdecgru_recurrent_kernel_r_5_3 | rom_1p  | auto | 1       |
|      p_ZL26sdecgru_recurrent_kernel_z_6_3_U                                                            | -    | -    |        | p_ZL26sdecgru_recurrent_kernel_z_6_3 | rom_1p  | auto | 1       |
|      p_ZL26sdecgru_recurrent_kernel_r_6_3_U                                                            | -    | -    |        | p_ZL26sdecgru_recurrent_kernel_r_6_3 | rom_1p  | auto | 1       |
|      p_ZL26sdecgru_recurrent_kernel_z_7_3_U                                                            | -    | -    |        | p_ZL26sdecgru_recurrent_kernel_z_7_3 | rom_1p  | auto | 1       |
|      p_ZL26sdecgru_recurrent_kernel_r_7_3_U                                                            | -    | -    |        | p_ZL26sdecgru_recurrent_kernel_r_7_3 | rom_1p  | auto | 1       |
|      sdecgru_bias_z_U                                                                                  | -    | -    |        | sdecgru_bias_z                       | rom_1p  | auto | 1       |
|      sdecgru_bias_r_U                                                                                  | -    | -    |        | sdecgru_bias_r                       | rom_1p  | auto | 1       |
|    + gru_cell_step_1_Pipeline_VITIS_LOOP_120_5 (grp_gru_cell_step_1_Pipeline_VITIS_LOOP_120_5_fu_1089) | 0    | 0    |        |                                      |         |      |         |
|      p_ZL26sdecgru_recurrent_kernel_h_0_0_U                                                            | -    | -    |        | p_ZL26sdecgru_recurrent_kernel_h_0_0 | rom_1p  | auto | 1       |
|      p_ZL26sdecgru_recurrent_kernel_h_1_0_U                                                            | -    | -    |        | p_ZL26sdecgru_recurrent_kernel_h_1_0 | rom_1p  | auto | 1       |
|      p_ZL26sdecgru_recurrent_kernel_h_2_0_U                                                            | -    | -    |        | p_ZL26sdecgru_recurrent_kernel_h_2_0 | rom_1p  | auto | 1       |
|      p_ZL26sdecgru_recurrent_kernel_h_3_0_U                                                            | -    | -    |        | p_ZL26sdecgru_recurrent_kernel_h_3_0 | rom_1p  | auto | 1       |
|      p_ZL26sdecgru_recurrent_kernel_h_4_0_U                                                            | -    | -    |        | p_ZL26sdecgru_recurrent_kernel_h_4_0 | rom_1p  | auto | 1       |
|      p_ZL26sdecgru_recurrent_kernel_h_5_0_U                                                            | -    | -    |        | p_ZL26sdecgru_recurrent_kernel_h_5_0 | rom_1p  | auto | 1       |
|      p_ZL26sdecgru_recurrent_kernel_h_6_0_U                                                            | -    | -    |        | p_ZL26sdecgru_recurrent_kernel_h_6_0 | rom_1p  | auto | 1       |
|      p_ZL26sdecgru_recurrent_kernel_h_7_0_U                                                            | -    | -    |        | p_ZL26sdecgru_recurrent_kernel_h_7_0 | rom_1p  | auto | 1       |
|      p_ZL26sdecgru_recurrent_kernel_h_0_1_U                                                            | -    | -    |        | p_ZL26sdecgru_recurrent_kernel_h_0_1 | rom_1p  | auto | 1       |
|      p_ZL26sdecgru_recurrent_kernel_h_1_1_U                                                            | -    | -    |        | p_ZL26sdecgru_recurrent_kernel_h_1_1 | rom_1p  | auto | 1       |
|      p_ZL26sdecgru_recurrent_kernel_h_2_1_U                                                            | -    | -    |        | p_ZL26sdecgru_recurrent_kernel_h_2_1 | rom_1p  | auto | 1       |
|      p_ZL26sdecgru_recurrent_kernel_h_3_1_U                                                            | -    | -    |        | p_ZL26sdecgru_recurrent_kernel_h_3_1 | rom_1p  | auto | 1       |
|      p_ZL26sdecgru_recurrent_kernel_h_4_1_U                                                            | -    | -    |        | p_ZL26sdecgru_recurrent_kernel_h_4_1 | rom_1p  | auto | 1       |
|      p_ZL26sdecgru_recurrent_kernel_h_5_1_U                                                            | -    | -    |        | p_ZL26sdecgru_recurrent_kernel_h_5_1 | rom_1p  | auto | 1       |
|      p_ZL26sdecgru_recurrent_kernel_h_6_1_U                                                            | -    | -    |        | p_ZL26sdecgru_recurrent_kernel_h_6_1 | rom_1p  | auto | 1       |
|      p_ZL26sdecgru_recurrent_kernel_h_7_1_U                                                            | -    | -    |        | p_ZL26sdecgru_recurrent_kernel_h_7_1 | rom_1p  | auto | 1       |
|      p_ZL26sdecgru_recurrent_kernel_h_0_2_U                                                            | -    | -    |        | p_ZL26sdecgru_recurrent_kernel_h_0_2 | rom_1p  | auto | 1       |
|      p_ZL26sdecgru_recurrent_kernel_h_1_2_U                                                            | -    | -    |        | p_ZL26sdecgru_recurrent_kernel_h_1_2 | rom_1p  | auto | 1       |
|      p_ZL26sdecgru_recurrent_kernel_h_2_2_U                                                            | -    | -    |        | p_ZL26sdecgru_recurrent_kernel_h_2_2 | rom_1p  | auto | 1       |
|      p_ZL26sdecgru_recurrent_kernel_h_3_2_U                                                            | -    | -    |        | p_ZL26sdecgru_recurrent_kernel_h_3_2 | rom_1p  | auto | 1       |
|      p_ZL26sdecgru_recurrent_kernel_h_4_2_U                                                            | -    | -    |        | p_ZL26sdecgru_recurrent_kernel_h_4_2 | rom_1p  | auto | 1       |
|      p_ZL26sdecgru_recurrent_kernel_h_5_2_U                                                            | -    | -    |        | p_ZL26sdecgru_recurrent_kernel_h_5_2 | rom_1p  | auto | 1       |
|      p_ZL26sdecgru_recurrent_kernel_h_6_2_U                                                            | -    | -    |        | p_ZL26sdecgru_recurrent_kernel_h_6_2 | rom_1p  | auto | 1       |
|      p_ZL26sdecgru_recurrent_kernel_h_7_2_U                                                            | -    | -    |        | p_ZL26sdecgru_recurrent_kernel_h_7_2 | rom_1p  | auto | 1       |
|      p_ZL26sdecgru_recurrent_kernel_h_0_3_U                                                            | -    | -    |        | p_ZL26sdecgru_recurrent_kernel_h_0_3 | rom_1p  | auto | 1       |
|      p_ZL26sdecgru_recurrent_kernel_h_1_3_U                                                            | -    | -    |        | p_ZL26sdecgru_recurrent_kernel_h_1_3 | rom_1p  | auto | 1       |
|      p_ZL26sdecgru_recurrent_kernel_h_2_3_U                                                            | -    | -    |        | p_ZL26sdecgru_recurrent_kernel_h_2_3 | rom_1p  | auto | 1       |
|      p_ZL26sdecgru_recurrent_kernel_h_3_3_U                                                            | -    | -    |        | p_ZL26sdecgru_recurrent_kernel_h_3_3 | rom_1p  | auto | 1       |
|      p_ZL26sdecgru_recurrent_kernel_h_4_3_U                                                            | -    | -    |        | p_ZL26sdecgru_recurrent_kernel_h_4_3 | rom_1p  | auto | 1       |
|      p_ZL26sdecgru_recurrent_kernel_h_5_3_U                                                            | -    | -    |        | p_ZL26sdecgru_recurrent_kernel_h_5_3 | rom_1p  | auto | 1       |
|      p_ZL26sdecgru_recurrent_kernel_h_6_3_U                                                            | -    | -    |        | p_ZL26sdecgru_recurrent_kernel_h_6_3 | rom_1p  | auto | 1       |
|      p_ZL26sdecgru_recurrent_kernel_h_7_3_U                                                            | -    | -    |        | p_ZL26sdecgru_recurrent_kernel_h_7_3 | rom_1p  | auto | 1       |
|      sdecgru_bias_h_U                                                                                  | -    | -    |        | sdecgru_bias_h                       | rom_1p  | auto | 1       |
|   + lane_worker8_4_Pipeline_VITIS_LOOP_238_7                                                           | 0    | 0    |        |                                      |         |      |         |
|     p_ZL17sdec_dense_kernel_0_28_U                                                                     | -    | -    |        | p_ZL17sdec_dense_kernel_0_28         | rom_1p  | auto | 1       |
|     p_ZL17sdec_dense_kernel_1_27_U                                                                     | -    | -    |        | p_ZL17sdec_dense_kernel_1_27         | rom_1p  | auto | 1       |
|     p_ZL17sdec_dense_kernel_2_28_U                                                                     | -    | -    |        | p_ZL17sdec_dense_kernel_2_28         | rom_1p  | auto | 1       |
|     p_ZL17sdec_dense_kernel_3_27_U                                                                     | -    | -    |        | p_ZL17sdec_dense_kernel_3_27         | rom_1p  | auto | 1       |
|     p_ZL17sdec_dense_kernel_4_27_U                                                                     | -    | -    |        | p_ZL17sdec_dense_kernel_4_27         | rom_1p  | auto | 1       |
|     p_ZL17sdec_dense_kernel_5_28_U                                                                     | -    | -    |        | p_ZL17sdec_dense_kernel_5_28         | rom_1p  | auto | 1       |
|     p_ZL17sdec_dense_kernel_6_28_U                                                                     | -    | -    |        | p_ZL17sdec_dense_kernel_6_28         | rom_1p  | auto | 1       |
|     p_ZL17sdec_dense_kernel_7_28_U                                                                     | -    | -    |        | p_ZL17sdec_dense_kernel_7_28         | rom_1p  | auto | 1       |
|     p_ZL17sdec_dense_kernel_0_21_U                                                                     | -    | -    |        | p_ZL17sdec_dense_kernel_0_21         | rom_1p  | auto | 1       |
|     p_ZL17sdec_dense_kernel_1_21_U                                                                     | -    | -    |        | p_ZL17sdec_dense_kernel_1_21         | rom_1p  | auto | 1       |
|     p_ZL17sdec_dense_kernel_2_21_U                                                                     | -    | -    |        | p_ZL17sdec_dense_kernel_2_21         | rom_1p  | auto | 1       |
|     p_ZL17sdec_dense_kernel_3_21_U                                                                     | -    | -    |        | p_ZL17sdec_dense_kernel_3_21         | rom_1p  | auto | 1       |
|     p_ZL17sdec_dense_kernel_4_20_U                                                                     | -    | -    |        | p_ZL17sdec_dense_kernel_4_20         | rom_1p  | auto | 1       |
|     p_ZL17sdec_dense_kernel_5_21_U                                                                     | -    | -    |        | p_ZL17sdec_dense_kernel_5_21         | rom_1p  | auto | 1       |
|     p_ZL17sdec_dense_kernel_6_21_U                                                                     | -    | -    |        | p_ZL17sdec_dense_kernel_6_21         | rom_1p  | auto | 1       |
|     p_ZL17sdec_dense_kernel_7_21_U                                                                     | -    | -    |        | p_ZL17sdec_dense_kernel_7_21         | rom_1p  | auto | 1       |
|     p_ZL17sdec_dense_kernel_0_14_U                                                                     | -    | -    |        | p_ZL17sdec_dense_kernel_0_14         | rom_1p  | auto | 1       |
|     p_ZL17sdec_dense_kernel_1_14_U                                                                     | -    | -    |        | p_ZL17sdec_dense_kernel_1_14         | rom_1p  | auto | 1       |
|     p_ZL17sdec_dense_kernel_2_14_U                                                                     | -    | -    |        | p_ZL17sdec_dense_kernel_2_14         | rom_1p  | auto | 1       |
|     p_ZL17sdec_dense_kernel_3_14_U                                                                     | -    | -    |        | p_ZL17sdec_dense_kernel_3_14         | rom_1p  | auto | 1       |
|     p_ZL17sdec_dense_kernel_4_14_U                                                                     | -    | -    |        | p_ZL17sdec_dense_kernel_4_14         | rom_1p  | auto | 1       |
|     p_ZL17sdec_dense_kernel_5_14_U                                                                     | -    | -    |        | p_ZL17sdec_dense_kernel_5_14         | rom_1p  | auto | 1       |
|     p_ZL17sdec_dense_kernel_6_14_U                                                                     | -    | -    |        | p_ZL17sdec_dense_kernel_6_14         | rom_1p  | auto | 1       |
|     p_ZL17sdec_dense_kernel_7_14_U                                                                     | -    | -    |        | p_ZL17sdec_dense_kernel_7_14         | rom_1p  | auto | 1       |
|     p_ZL17sdec_dense_kernel_0_7_U                                                                      | -    | -    |        | p_ZL17sdec_dense_kernel_0_7          | rom_1p  | auto | 1       |
|     p_ZL17sdec_dense_kernel_1_7_U                                                                      | -    | -    |        | p_ZL17sdec_dense_kernel_1_7          | rom_1p  | auto | 1       |
|     p_ZL17sdec_dense_kernel_2_7_U                                                                      | -    | -    |        | p_ZL17sdec_dense_kernel_2_7          | rom_1p  | auto | 1       |
|     p_ZL17sdec_dense_kernel_3_7_U                                                                      | -    | -    |        | p_ZL17sdec_dense_kernel_3_7          | rom_1p  | auto | 1       |
|     p_ZL17sdec_dense_kernel_4_7_U                                                                      | -    | -    |        | p_ZL17sdec_dense_kernel_4_7          | rom_1p  | auto | 1       |
|     p_ZL17sdec_dense_kernel_5_7_U                                                                      | -    | -    |        | p_ZL17sdec_dense_kernel_5_7          | rom_1p  | auto | 1       |
|     p_ZL17sdec_dense_kernel_6_7_U                                                                      | -    | -    |        | p_ZL17sdec_dense_kernel_6_7          | rom_1p  | auto | 1       |
|     p_ZL17sdec_dense_kernel_7_7_U                                                                      | -    | -    |        | p_ZL17sdec_dense_kernel_7_7          | rom_1p  | auto | 1       |
|     sdec_dense_bias236_U                                                                               | -    | -    |        | sdec_dense_bias236                   | rom_1p  | auto | 1       |
|  + lane_worker8_5                                                                                      | 2    | 0    |        |                                      |         |      |         |
|    h_enc_V_U                                                                                           | -    | -    |        | h_enc_V                              | ram_t2p | auto | 1       |
|    h_enc_V_10_U                                                                                        | -    | -    |        | h_enc_V_10                           | ram_t2p | auto | 1       |
|    h_enc_V_11_U                                                                                        | -    | -    |        | h_enc_V_11                           | ram_t2p | auto | 1       |
|    h_enc_V_12_U                                                                                        | -    | -    |        | h_enc_V_12                           | ram_t2p | auto | 1       |
|    h_dec_V_U                                                                                           | -    | -    |        | h_dec_V                              | ram_t2p | auto | 1       |
|    h_dec_V_10_U                                                                                        | -    | -    |        | h_dec_V_10                           | ram_t2p | auto | 1       |
|    h_dec_V_11_U                                                                                        | -    | -    |        | h_dec_V_11                           | ram_t2p | auto | 1       |
|    h_dec_V_12_U                                                                                        | -    | -    |        | h_dec_V_12                           | ram_t2p | auto | 1       |
|    h_next_V_U                                                                                          | -    | -    |        | h_next_V                             | ram_s2p | auto | 1       |
|    h_next_V_4_U                                                                                        | -    | -    |        | h_next_V_4                           | ram_s2p | auto | 1       |
|    tpsf_in_V_U                                                                                         | 1    | -    |        | tpsf_in_V                            | ram_1p  | auto | 1       |
|    sfd_out_V_U                                                                                         | 1    | -    |        | sfd_out_V                            | ram_1p  | auto | 1       |
|   + gru_cell_step (grp_gru_cell_step_fu_2302)                                                          | 0    | 0    |        |                                      |         |      |         |
|     z_V_U                                                                                              | -    | -    |        | z_V                                  | ram_1p  | auto | 1       |
|     r_V_U                                                                                              | -    | -    |        | r_V                                  | ram_s2p | auto | 1       |
|    + gru_cell_step_Pipeline_VITIS_LOOP_69_1 (grp_gru_cell_step_Pipeline_VITIS_LOOP_69_1_fu_917)        | 0    | 0    |        |                                      |         |      |         |
|      p_ZL26sencgru_recurrent_kernel_z_0_0_U                                                            | -    | -    |        | p_ZL26sencgru_recurrent_kernel_z_0_0 | rom_1p  | auto | 1       |
|      p_ZL26sencgru_recurrent_kernel_r_0_0_U                                                            | -    | -    |        | p_ZL26sencgru_recurrent_kernel_r_0_0 | rom_1p  | auto | 1       |
|      p_ZL26sencgru_recurrent_kernel_z_1_0_U                                                            | -    | -    |        | p_ZL26sencgru_recurrent_kernel_z_1_0 | rom_1p  | auto | 1       |
|      p_ZL26sencgru_recurrent_kernel_r_1_0_U                                                            | -    | -    |        | p_ZL26sencgru_recurrent_kernel_r_1_0 | rom_1p  | auto | 1       |
|      p_ZL26sencgru_recurrent_kernel_z_2_0_U                                                            | -    | -    |        | p_ZL26sencgru_recurrent_kernel_z_2_0 | rom_1p  | auto | 1       |
|      p_ZL26sencgru_recurrent_kernel_r_2_0_U                                                            | -    | -    |        | p_ZL26sencgru_recurrent_kernel_r_2_0 | rom_1p  | auto | 1       |
|      p_ZL26sencgru_recurrent_kernel_z_3_0_U                                                            | -    | -    |        | p_ZL26sencgru_recurrent_kernel_z_3_0 | rom_1p  | auto | 1       |
|      p_ZL26sencgru_recurrent_kernel_r_3_0_U                                                            | -    | -    |        | p_ZL26sencgru_recurrent_kernel_r_3_0 | rom_1p  | auto | 1       |
|      p_ZL26sencgru_recurrent_kernel_z_4_0_U                                                            | -    | -    |        | p_ZL26sencgru_recurrent_kernel_z_4_0 | rom_1p  | auto | 1       |
|      p_ZL26sencgru_recurrent_kernel_r_4_0_U                                                            | -    | -    |        | p_ZL26sencgru_recurrent_kernel_r_4_0 | rom_1p  | auto | 1       |
|      p_ZL26sencgru_recurrent_kernel_z_5_0_U                                                            | -    | -    |        | p_ZL26sencgru_recurrent_kernel_z_5_0 | rom_1p  | auto | 1       |
|      p_ZL26sencgru_recurrent_kernel_r_5_0_U                                                            | -    | -    |        | p_ZL26sencgru_recurrent_kernel_r_5_0 | rom_1p  | auto | 1       |
|      p_ZL26sencgru_recurrent_kernel_z_6_0_U                                                            | -    | -    |        | p_ZL26sencgru_recurrent_kernel_z_6_0 | rom_1p  | auto | 1       |
|      p_ZL26sencgru_recurrent_kernel_r_6_0_U                                                            | -    | -    |        | p_ZL26sencgru_recurrent_kernel_r_6_0 | rom_1p  | auto | 1       |
|      p_ZL26sencgru_recurrent_kernel_z_7_0_U                                                            | -    | -    |        | p_ZL26sencgru_recurrent_kernel_z_7_0 | rom_1p  | auto | 1       |
|      p_ZL26sencgru_recurrent_kernel_r_7_0_U                                                            | -    | -    |        | p_ZL26sencgru_recurrent_kernel_r_7_0 | rom_1p  | auto | 1       |
|      p_ZL26sencgru_recurrent_kernel_z_0_1_U                                                            | -    | -    |        | p_ZL26sencgru_recurrent_kernel_z_0_1 | rom_1p  | auto | 1       |
|      p_ZL26sencgru_recurrent_kernel_r_0_1_U                                                            | -    | -    |        | p_ZL26sencgru_recurrent_kernel_r_0_1 | rom_1p  | auto | 1       |
|      p_ZL26sencgru_recurrent_kernel_z_1_1_U                                                            | -    | -    |        | p_ZL26sencgru_recurrent_kernel_z_1_1 | rom_1p  | auto | 1       |
|      p_ZL26sencgru_recurrent_kernel_r_1_1_U                                                            | -    | -    |        | p_ZL26sencgru_recurrent_kernel_r_1_1 | rom_1p  | auto | 1       |
|      p_ZL26sencgru_recurrent_kernel_z_2_1_U                                                            | -    | -    |        | p_ZL26sencgru_recurrent_kernel_z_2_1 | rom_1p  | auto | 1       |
|      p_ZL26sencgru_recurrent_kernel_r_2_1_U                                                            | -    | -    |        | p_ZL26sencgru_recurrent_kernel_r_2_1 | rom_1p  | auto | 1       |
|      p_ZL26sencgru_recurrent_kernel_z_3_1_U                                                            | -    | -    |        | p_ZL26sencgru_recurrent_kernel_z_3_1 | rom_1p  | auto | 1       |
|      p_ZL26sencgru_recurrent_kernel_r_3_1_U                                                            | -    | -    |        | p_ZL26sencgru_recurrent_kernel_r_3_1 | rom_1p  | auto | 1       |
|      p_ZL26sencgru_recurrent_kernel_z_4_1_U                                                            | -    | -    |        | p_ZL26sencgru_recurrent_kernel_z_4_1 | rom_1p  | auto | 1       |
|      p_ZL26sencgru_recurrent_kernel_r_4_1_U                                                            | -    | -    |        | p_ZL26sencgru_recurrent_kernel_r_4_1 | rom_1p  | auto | 1       |
|      p_ZL26sencgru_recurrent_kernel_z_5_1_U                                                            | -    | -    |        | p_ZL26sencgru_recurrent_kernel_z_5_1 | rom_1p  | auto | 1       |
|      p_ZL26sencgru_recurrent_kernel_r_5_1_U                                                            | -    | -    |        | p_ZL26sencgru_recurrent_kernel_r_5_1 | rom_1p  | auto | 1       |
|      p_ZL26sencgru_recurrent_kernel_z_6_1_U                                                            | -    | -    |        | p_ZL26sencgru_recurrent_kernel_z_6_1 | rom_1p  | auto | 1       |
|      p_ZL26sencgru_recurrent_kernel_r_6_1_U                                                            | -    | -    |        | p_ZL26sencgru_recurrent_kernel_r_6_1 | rom_1p  | auto | 1       |
|      p_ZL26sencgru_recurrent_kernel_z_7_1_U                                                            | -    | -    |        | p_ZL26sencgru_recurrent_kernel_z_7_1 | rom_1p  | auto | 1       |
|      p_ZL26sencgru_recurrent_kernel_r_7_1_U                                                            | -    | -    |        | p_ZL26sencgru_recurrent_kernel_r_7_1 | rom_1p  | auto | 1       |
|      p_ZL26sencgru_recurrent_kernel_z_0_2_U                                                            | -    | -    |        | p_ZL26sencgru_recurrent_kernel_z_0_2 | rom_1p  | auto | 1       |
|      p_ZL26sencgru_recurrent_kernel_r_0_2_U                                                            | -    | -    |        | p_ZL26sencgru_recurrent_kernel_r_0_2 | rom_1p  | auto | 1       |
|      p_ZL26sencgru_recurrent_kernel_z_1_2_U                                                            | -    | -    |        | p_ZL26sencgru_recurrent_kernel_z_1_2 | rom_1p  | auto | 1       |
|      p_ZL26sencgru_recurrent_kernel_r_1_2_U                                                            | -    | -    |        | p_ZL26sencgru_recurrent_kernel_r_1_2 | rom_1p  | auto | 1       |
|      p_ZL26sencgru_recurrent_kernel_z_2_2_U                                                            | -    | -    |        | p_ZL26sencgru_recurrent_kernel_z_2_2 | rom_1p  | auto | 1       |
|      p_ZL26sencgru_recurrent_kernel_r_2_2_U                                                            | -    | -    |        | p_ZL26sencgru_recurrent_kernel_r_2_2 | rom_1p  | auto | 1       |
|      p_ZL26sencgru_recurrent_kernel_z_3_2_U                                                            | -    | -    |        | p_ZL26sencgru_recurrent_kernel_z_3_2 | rom_1p  | auto | 1       |
|      p_ZL26sencgru_recurrent_kernel_r_3_2_U                                                            | -    | -    |        | p_ZL26sencgru_recurrent_kernel_r_3_2 | rom_1p  | auto | 1       |
|      p_ZL26sencgru_recurrent_kernel_z_4_2_U                                                            | -    | -    |        | p_ZL26sencgru_recurrent_kernel_z_4_2 | rom_1p  | auto | 1       |
|      p_ZL26sencgru_recurrent_kernel_r_4_2_U                                                            | -    | -    |        | p_ZL26sencgru_recurrent_kernel_r_4_2 | rom_1p  | auto | 1       |
|      p_ZL26sencgru_recurrent_kernel_z_5_2_U                                                            | -    | -    |        | p_ZL26sencgru_recurrent_kernel_z_5_2 | rom_1p  | auto | 1       |
|      p_ZL26sencgru_recurrent_kernel_r_5_2_U                                                            | -    | -    |        | p_ZL26sencgru_recurrent_kernel_r_5_2 | rom_1p  | auto | 1       |
|      p_ZL26sencgru_recurrent_kernel_z_6_2_U                                                            | -    | -    |        | p_ZL26sencgru_recurrent_kernel_z_6_2 | rom_1p  | auto | 1       |
|      p_ZL26sencgru_recurrent_kernel_r_6_2_U                                                            | -    | -    |        | p_ZL26sencgru_recurrent_kernel_r_6_2 | rom_1p  | auto | 1       |
|      p_ZL26sencgru_recurrent_kernel_z_7_2_U                                                            | -    | -    |        | p_ZL26sencgru_recurrent_kernel_z_7_2 | rom_1p  | auto | 1       |
|      p_ZL26sencgru_recurrent_kernel_r_7_2_U                                                            | -    | -    |        | p_ZL26sencgru_recurrent_kernel_r_7_2 | rom_1p  | auto | 1       |
|      p_ZL26sencgru_recurrent_kernel_z_0_3_U                                                            | -    | -    |        | p_ZL26sencgru_recurrent_kernel_z_0_3 | rom_1p  | auto | 1       |
|      p_ZL26sencgru_recurrent_kernel_r_0_3_U                                                            | -    | -    |        | p_ZL26sencgru_recurrent_kernel_r_0_3 | rom_1p  | auto | 1       |
|      p_ZL26sencgru_recurrent_kernel_z_1_3_U                                                            | -    | -    |        | p_ZL26sencgru_recurrent_kernel_z_1_3 | rom_1p  | auto | 1       |
|      p_ZL26sencgru_recurrent_kernel_r_1_3_U                                                            | -    | -    |        | p_ZL26sencgru_recurrent_kernel_r_1_3 | rom_1p  | auto | 1       |
|      p_ZL26sencgru_recurrent_kernel_z_2_3_U                                                            | -    | -    |        | p_ZL26sencgru_recurrent_kernel_z_2_3 | rom_1p  | auto | 1       |
|      p_ZL26sencgru_recurrent_kernel_r_2_3_U                                                            | -    | -    |        | p_ZL26sencgru_recurrent_kernel_r_2_3 | rom_1p  | auto | 1       |
|      p_ZL26sencgru_recurrent_kernel_z_3_3_U                                                            | -    | -    |        | p_ZL26sencgru_recurrent_kernel_z_3_3 | rom_1p  | auto | 1       |
|      p_ZL26sencgru_recurrent_kernel_r_3_3_U                                                            | -    | -    |        | p_ZL26sencgru_recurrent_kernel_r_3_3 | rom_1p  | auto | 1       |
|      p_ZL26sencgru_recurrent_kernel_z_4_3_U                                                            | -    | -    |        | p_ZL26sencgru_recurrent_kernel_z_4_3 | rom_1p  | auto | 1       |
|      p_ZL26sencgru_recurrent_kernel_r_4_3_U                                                            | -    | -    |        | p_ZL26sencgru_recurrent_kernel_r_4_3 | rom_1p  | auto | 1       |
|      p_ZL26sencgru_recurrent_kernel_z_5_3_U                                                            | -    | -    |        | p_ZL26sencgru_recurrent_kernel_z_5_3 | rom_1p  | auto | 1       |
|      p_ZL26sencgru_recurrent_kernel_r_5_3_U                                                            | -    | -    |        | p_ZL26sencgru_recurrent_kernel_r_5_3 | rom_1p  | auto | 1       |
|      p_ZL26sencgru_recurrent_kernel_z_6_3_U                                                            | -    | -    |        | p_ZL26sencgru_recurrent_kernel_z_6_3 | rom_1p  | auto | 1       |
|      p_ZL26sencgru_recurrent_kernel_r_6_3_U                                                            | -    | -    |        | p_ZL26sencgru_recurrent_kernel_r_6_3 | rom_1p  | auto | 1       |
|      p_ZL26sencgru_recurrent_kernel_z_7_3_U                                                            | -    | -    |        | p_ZL26sencgru_recurrent_kernel_z_7_3 | rom_1p  | auto | 1       |
|      p_ZL26sencgru_recurrent_kernel_r_7_3_U                                                            | -    | -    |        | p_ZL26sencgru_recurrent_kernel_r_7_3 | rom_1p  | auto | 1       |
|      sencgru_bias_z_U                                                                                  | -    | -    |        | sencgru_bias_z                       | rom_1p  | auto | 1       |
|      sencgru_bias_r_U                                                                                  | -    | -    |        | sencgru_bias_r                       | rom_1p  | auto | 1       |
|    + gru_cell_step_Pipeline_VITIS_LOOP_120_5 (grp_gru_cell_step_Pipeline_VITIS_LOOP_120_5_fu_1107)     | 0    | 0    |        |                                      |         |      |         |
|      p_ZL26sencgru_recurrent_kernel_h_0_0_U                                                            | -    | -    |        | p_ZL26sencgru_recurrent_kernel_h_0_0 | rom_1p  | auto | 1       |
|      p_ZL26sencgru_recurrent_kernel_h_1_0_U                                                            | -    | -    |        | p_ZL26sencgru_recurrent_kernel_h_1_0 | rom_1p  | auto | 1       |
|      p_ZL26sencgru_recurrent_kernel_h_2_0_U                                                            | -    | -    |        | p_ZL26sencgru_recurrent_kernel_h_2_0 | rom_1p  | auto | 1       |
|      p_ZL26sencgru_recurrent_kernel_h_3_0_U                                                            | -    | -    |        | p_ZL26sencgru_recurrent_kernel_h_3_0 | rom_1p  | auto | 1       |
|      p_ZL26sencgru_recurrent_kernel_h_4_0_U                                                            | -    | -    |        | p_ZL26sencgru_recurrent_kernel_h_4_0 | rom_1p  | auto | 1       |
|      p_ZL26sencgru_recurrent_kernel_h_5_0_U                                                            | -    | -    |        | p_ZL26sencgru_recurrent_kernel_h_5_0 | rom_1p  | auto | 1       |
|      p_ZL26sencgru_recurrent_kernel_h_6_0_U                                                            | -    | -    |        | p_ZL26sencgru_recurrent_kernel_h_6_0 | rom_1p  | auto | 1       |
|      p_ZL26sencgru_recurrent_kernel_h_7_0_U                                                            | -    | -    |        | p_ZL26sencgru_recurrent_kernel_h_7_0 | rom_1p  | auto | 1       |
|      p_ZL26sencgru_recurrent_kernel_h_0_1_U                                                            | -    | -    |        | p_ZL26sencgru_recurrent_kernel_h_0_1 | rom_1p  | auto | 1       |
|      p_ZL26sencgru_recurrent_kernel_h_1_1_U                                                            | -    | -    |        | p_ZL26sencgru_recurrent_kernel_h_1_1 | rom_1p  | auto | 1       |
|      p_ZL26sencgru_recurrent_kernel_h_2_1_U                                                            | -    | -    |        | p_ZL26sencgru_recurrent_kernel_h_2_1 | rom_1p  | auto | 1       |
|      p_ZL26sencgru_recurrent_kernel_h_3_1_U                                                            | -    | -    |        | p_ZL26sencgru_recurrent_kernel_h_3_1 | rom_1p  | auto | 1       |
|      p_ZL26sencgru_recurrent_kernel_h_4_1_U                                                            | -    | -    |        | p_ZL26sencgru_recurrent_kernel_h_4_1 | rom_1p  | auto | 1       |
|      p_ZL26sencgru_recurrent_kernel_h_5_1_U                                                            | -    | -    |        | p_ZL26sencgru_recurrent_kernel_h_5_1 | rom_1p  | auto | 1       |
|      p_ZL26sencgru_recurrent_kernel_h_6_1_U                                                            | -    | -    |        | p_ZL26sencgru_recurrent_kernel_h_6_1 | rom_1p  | auto | 1       |
|      p_ZL26sencgru_recurrent_kernel_h_7_1_U                                                            | -    | -    |        | p_ZL26sencgru_recurrent_kernel_h_7_1 | rom_1p  | auto | 1       |
|      p_ZL26sencgru_recurrent_kernel_h_0_2_U                                                            | -    | -    |        | p_ZL26sencgru_recurrent_kernel_h_0_2 | rom_1p  | auto | 1       |
|      p_ZL26sencgru_recurrent_kernel_h_1_2_U                                                            | -    | -    |        | p_ZL26sencgru_recurrent_kernel_h_1_2 | rom_1p  | auto | 1       |
|      p_ZL26sencgru_recurrent_kernel_h_2_2_U                                                            | -    | -    |        | p_ZL26sencgru_recurrent_kernel_h_2_2 | rom_1p  | auto | 1       |
|      p_ZL26sencgru_recurrent_kernel_h_3_2_U                                                            | -    | -    |        | p_ZL26sencgru_recurrent_kernel_h_3_2 | rom_1p  | auto | 1       |
|      p_ZL26sencgru_recurrent_kernel_h_4_2_U                                                            | -    | -    |        | p_ZL26sencgru_recurrent_kernel_h_4_2 | rom_1p  | auto | 1       |
|      p_ZL26sencgru_recurrent_kernel_h_5_2_U                                                            | -    | -    |        | p_ZL26sencgru_recurrent_kernel_h_5_2 | rom_1p  | auto | 1       |
|      p_ZL26sencgru_recurrent_kernel_h_6_2_U                                                            | -    | -    |        | p_ZL26sencgru_recurrent_kernel_h_6_2 | rom_1p  | auto | 1       |
|      p_ZL26sencgru_recurrent_kernel_h_7_2_U                                                            | -    | -    |        | p_ZL26sencgru_recurrent_kernel_h_7_2 | rom_1p  | auto | 1       |
|      p_ZL26sencgru_recurrent_kernel_h_0_3_U                                                            | -    | -    |        | p_ZL26sencgru_recurrent_kernel_h_0_3 | rom_1p  | auto | 1       |
|      p_ZL26sencgru_recurrent_kernel_h_1_3_U                                                            | -    | -    |        | p_ZL26sencgru_recurrent_kernel_h_1_3 | rom_1p  | auto | 1       |
|      p_ZL26sencgru_recurrent_kernel_h_2_3_U                                                            | -    | -    |        | p_ZL26sencgru_recurrent_kernel_h_2_3 | rom_1p  | auto | 1       |
|      p_ZL26sencgru_recurrent_kernel_h_3_3_U                                                            | -    | -    |        | p_ZL26sencgru_recurrent_kernel_h_3_3 | rom_1p  | auto | 1       |
|      p_ZL26sencgru_recurrent_kernel_h_4_3_U                                                            | -    | -    |        | p_ZL26sencgru_recurrent_kernel_h_4_3 | rom_1p  | auto | 1       |
|      p_ZL26sencgru_recurrent_kernel_h_5_3_U                                                            | -    | -    |        | p_ZL26sencgru_recurrent_kernel_h_5_3 | rom_1p  | auto | 1       |
|      p_ZL26sencgru_recurrent_kernel_h_6_3_U                                                            | -    | -    |        | p_ZL26sencgru_recurrent_kernel_h_6_3 | rom_1p  | auto | 1       |
|      p_ZL26sencgru_recurrent_kernel_h_7_3_U                                                            | -    | -    |        | p_ZL26sencgru_recurrent_kernel_h_7_3 | rom_1p  | auto | 1       |
|      sencgru_bias_h_U                                                                                  | -    | -    |        | sencgru_bias_h                       | rom_1p  | auto | 1       |
|   + gru_cell_step_1 (grp_gru_cell_step_1_fu_2511)                                                      | 0    | 0    |        |                                      |         |      |         |
|     z_V_U                                                                                              | -    | -    |        | z_V                                  | ram_1p  | auto | 1       |
|     r_V_U                                                                                              | -    | -    |        | r_V                                  | ram_s2p | auto | 1       |
|    + gru_cell_step_1_Pipeline_VITIS_LOOP_69_1 (grp_gru_cell_step_1_Pipeline_VITIS_LOOP_69_1_fu_903)    | 0    | 0    |        |                                      |         |      |         |
|      p_ZL26sdecgru_recurrent_kernel_z_0_0_U                                                            | -    | -    |        | p_ZL26sdecgru_recurrent_kernel_z_0_0 | rom_1p  | auto | 1       |
|      p_ZL26sdecgru_recurrent_kernel_r_0_0_U                                                            | -    | -    |        | p_ZL26sdecgru_recurrent_kernel_r_0_0 | rom_1p  | auto | 1       |
|      p_ZL26sdecgru_recurrent_kernel_z_1_0_U                                                            | -    | -    |        | p_ZL26sdecgru_recurrent_kernel_z_1_0 | rom_1p  | auto | 1       |
|      p_ZL26sdecgru_recurrent_kernel_r_1_0_U                                                            | -    | -    |        | p_ZL26sdecgru_recurrent_kernel_r_1_0 | rom_1p  | auto | 1       |
|      p_ZL26sdecgru_recurrent_kernel_z_2_0_U                                                            | -    | -    |        | p_ZL26sdecgru_recurrent_kernel_z_2_0 | rom_1p  | auto | 1       |
|      p_ZL26sdecgru_recurrent_kernel_r_2_0_U                                                            | -    | -    |        | p_ZL26sdecgru_recurrent_kernel_r_2_0 | rom_1p  | auto | 1       |
|      p_ZL26sdecgru_recurrent_kernel_z_3_0_U                                                            | -    | -    |        | p_ZL26sdecgru_recurrent_kernel_z_3_0 | rom_1p  | auto | 1       |
|      p_ZL26sdecgru_recurrent_kernel_r_3_0_U                                                            | -    | -    |        | p_ZL26sdecgru_recurrent_kernel_r_3_0 | rom_1p  | auto | 1       |
|      p_ZL26sdecgru_recurrent_kernel_z_4_0_U                                                            | -    | -    |        | p_ZL26sdecgru_recurrent_kernel_z_4_0 | rom_1p  | auto | 1       |
|      p_ZL26sdecgru_recurrent_kernel_r_4_0_U                                                            | -    | -    |        | p_ZL26sdecgru_recurrent_kernel_r_4_0 | rom_1p  | auto | 1       |
|      p_ZL26sdecgru_recurrent_kernel_z_5_0_U                                                            | -    | -    |        | p_ZL26sdecgru_recurrent_kernel_z_5_0 | rom_1p  | auto | 1       |
|      p_ZL26sdecgru_recurrent_kernel_r_5_0_U                                                            | -    | -    |        | p_ZL26sdecgru_recurrent_kernel_r_5_0 | rom_1p  | auto | 1       |
|      p_ZL26sdecgru_recurrent_kernel_z_6_0_U                                                            | -    | -    |        | p_ZL26sdecgru_recurrent_kernel_z_6_0 | rom_1p  | auto | 1       |
|      p_ZL26sdecgru_recurrent_kernel_r_6_0_U                                                            | -    | -    |        | p_ZL26sdecgru_recurrent_kernel_r_6_0 | rom_1p  | auto | 1       |
|      p_ZL26sdecgru_recurrent_kernel_z_7_0_U                                                            | -    | -    |        | p_ZL26sdecgru_recurrent_kernel_z_7_0 | rom_1p  | auto | 1       |
|      p_ZL26sdecgru_recurrent_kernel_r_7_0_U                                                            | -    | -    |        | p_ZL26sdecgru_recurrent_kernel_r_7_0 | rom_1p  | auto | 1       |
|      p_ZL26sdecgru_recurrent_kernel_z_0_1_U                                                            | -    | -    |        | p_ZL26sdecgru_recurrent_kernel_z_0_1 | rom_1p  | auto | 1       |
|      p_ZL26sdecgru_recurrent_kernel_r_0_1_U                                                            | -    | -    |        | p_ZL26sdecgru_recurrent_kernel_r_0_1 | rom_1p  | auto | 1       |
|      p_ZL26sdecgru_recurrent_kernel_z_1_1_U                                                            | -    | -    |        | p_ZL26sdecgru_recurrent_kernel_z_1_1 | rom_1p  | auto | 1       |
|      p_ZL26sdecgru_recurrent_kernel_r_1_1_U                                                            | -    | -    |        | p_ZL26sdecgru_recurrent_kernel_r_1_1 | rom_1p  | auto | 1       |
|      p_ZL26sdecgru_recurrent_kernel_z_2_1_U                                                            | -    | -    |        | p_ZL26sdecgru_recurrent_kernel_z_2_1 | rom_1p  | auto | 1       |
|      p_ZL26sdecgru_recurrent_kernel_r_2_1_U                                                            | -    | -    |        | p_ZL26sdecgru_recurrent_kernel_r_2_1 | rom_1p  | auto | 1       |
|      p_ZL26sdecgru_recurrent_kernel_z_3_1_U                                                            | -    | -    |        | p_ZL26sdecgru_recurrent_kernel_z_3_1 | rom_1p  | auto | 1       |
|      p_ZL26sdecgru_recurrent_kernel_r_3_1_U                                                            | -    | -    |        | p_ZL26sdecgru_recurrent_kernel_r_3_1 | rom_1p  | auto | 1       |
|      p_ZL26sdecgru_recurrent_kernel_z_4_1_U                                                            | -    | -    |        | p_ZL26sdecgru_recurrent_kernel_z_4_1 | rom_1p  | auto | 1       |
|      p_ZL26sdecgru_recurrent_kernel_r_4_1_U                                                            | -    | -    |        | p_ZL26sdecgru_recurrent_kernel_r_4_1 | rom_1p  | auto | 1       |
|      p_ZL26sdecgru_recurrent_kernel_z_5_1_U                                                            | -    | -    |        | p_ZL26sdecgru_recurrent_kernel_z_5_1 | rom_1p  | auto | 1       |
|      p_ZL26sdecgru_recurrent_kernel_r_5_1_U                                                            | -    | -    |        | p_ZL26sdecgru_recurrent_kernel_r_5_1 | rom_1p  | auto | 1       |
|      p_ZL26sdecgru_recurrent_kernel_z_6_1_U                                                            | -    | -    |        | p_ZL26sdecgru_recurrent_kernel_z_6_1 | rom_1p  | auto | 1       |
|      p_ZL26sdecgru_recurrent_kernel_r_6_1_U                                                            | -    | -    |        | p_ZL26sdecgru_recurrent_kernel_r_6_1 | rom_1p  | auto | 1       |
|      p_ZL26sdecgru_recurrent_kernel_z_7_1_U                                                            | -    | -    |        | p_ZL26sdecgru_recurrent_kernel_z_7_1 | rom_1p  | auto | 1       |
|      p_ZL26sdecgru_recurrent_kernel_r_7_1_U                                                            | -    | -    |        | p_ZL26sdecgru_recurrent_kernel_r_7_1 | rom_1p  | auto | 1       |
|      p_ZL26sdecgru_recurrent_kernel_z_0_2_U                                                            | -    | -    |        | p_ZL26sdecgru_recurrent_kernel_z_0_2 | rom_1p  | auto | 1       |
|      p_ZL26sdecgru_recurrent_kernel_r_0_2_U                                                            | -    | -    |        | p_ZL26sdecgru_recurrent_kernel_r_0_2 | rom_1p  | auto | 1       |
|      p_ZL26sdecgru_recurrent_kernel_z_1_2_U                                                            | -    | -    |        | p_ZL26sdecgru_recurrent_kernel_z_1_2 | rom_1p  | auto | 1       |
|      p_ZL26sdecgru_recurrent_kernel_r_1_2_U                                                            | -    | -    |        | p_ZL26sdecgru_recurrent_kernel_r_1_2 | rom_1p  | auto | 1       |
|      p_ZL26sdecgru_recurrent_kernel_z_2_2_U                                                            | -    | -    |        | p_ZL26sdecgru_recurrent_kernel_z_2_2 | rom_1p  | auto | 1       |
|      p_ZL26sdecgru_recurrent_kernel_r_2_2_U                                                            | -    | -    |        | p_ZL26sdecgru_recurrent_kernel_r_2_2 | rom_1p  | auto | 1       |
|      p_ZL26sdecgru_recurrent_kernel_z_3_2_U                                                            | -    | -    |        | p_ZL26sdecgru_recurrent_kernel_z_3_2 | rom_1p  | auto | 1       |
|      p_ZL26sdecgru_recurrent_kernel_r_3_2_U                                                            | -    | -    |        | p_ZL26sdecgru_recurrent_kernel_r_3_2 | rom_1p  | auto | 1       |
|      p_ZL26sdecgru_recurrent_kernel_z_4_2_U                                                            | -    | -    |        | p_ZL26sdecgru_recurrent_kernel_z_4_2 | rom_1p  | auto | 1       |
|      p_ZL26sdecgru_recurrent_kernel_r_4_2_U                                                            | -    | -    |        | p_ZL26sdecgru_recurrent_kernel_r_4_2 | rom_1p  | auto | 1       |
|      p_ZL26sdecgru_recurrent_kernel_z_5_2_U                                                            | -    | -    |        | p_ZL26sdecgru_recurrent_kernel_z_5_2 | rom_1p  | auto | 1       |
|      p_ZL26sdecgru_recurrent_kernel_r_5_2_U                                                            | -    | -    |        | p_ZL26sdecgru_recurrent_kernel_r_5_2 | rom_1p  | auto | 1       |
|      p_ZL26sdecgru_recurrent_kernel_z_6_2_U                                                            | -    | -    |        | p_ZL26sdecgru_recurrent_kernel_z_6_2 | rom_1p  | auto | 1       |
|      p_ZL26sdecgru_recurrent_kernel_r_6_2_U                                                            | -    | -    |        | p_ZL26sdecgru_recurrent_kernel_r_6_2 | rom_1p  | auto | 1       |
|      p_ZL26sdecgru_recurrent_kernel_z_7_2_U                                                            | -    | -    |        | p_ZL26sdecgru_recurrent_kernel_z_7_2 | rom_1p  | auto | 1       |
|      p_ZL26sdecgru_recurrent_kernel_r_7_2_U                                                            | -    | -    |        | p_ZL26sdecgru_recurrent_kernel_r_7_2 | rom_1p  | auto | 1       |
|      p_ZL26sdecgru_recurrent_kernel_z_0_3_U                                                            | -    | -    |        | p_ZL26sdecgru_recurrent_kernel_z_0_3 | rom_1p  | auto | 1       |
|      p_ZL26sdecgru_recurrent_kernel_r_0_3_U                                                            | -    | -    |        | p_ZL26sdecgru_recurrent_kernel_r_0_3 | rom_1p  | auto | 1       |
|      p_ZL26sdecgru_recurrent_kernel_z_1_3_U                                                            | -    | -    |        | p_ZL26sdecgru_recurrent_kernel_z_1_3 | rom_1p  | auto | 1       |
|      p_ZL26sdecgru_recurrent_kernel_r_1_3_U                                                            | -    | -    |        | p_ZL26sdecgru_recurrent_kernel_r_1_3 | rom_1p  | auto | 1       |
|      p_ZL26sdecgru_recurrent_kernel_z_2_3_U                                                            | -    | -    |        | p_ZL26sdecgru_recurrent_kernel_z_2_3 | rom_1p  | auto | 1       |
|      p_ZL26sdecgru_recurrent_kernel_r_2_3_U                                                            | -    | -    |        | p_ZL26sdecgru_recurrent_kernel_r_2_3 | rom_1p  | auto | 1       |
|      p_ZL26sdecgru_recurrent_kernel_z_3_3_U                                                            | -    | -    |        | p_ZL26sdecgru_recurrent_kernel_z_3_3 | rom_1p  | auto | 1       |
|      p_ZL26sdecgru_recurrent_kernel_r_3_3_U                                                            | -    | -    |        | p_ZL26sdecgru_recurrent_kernel_r_3_3 | rom_1p  | auto | 1       |
|      p_ZL26sdecgru_recurrent_kernel_z_4_3_U                                                            | -    | -    |        | p_ZL26sdecgru_recurrent_kernel_z_4_3 | rom_1p  | auto | 1       |
|      p_ZL26sdecgru_recurrent_kernel_r_4_3_U                                                            | -    | -    |        | p_ZL26sdecgru_recurrent_kernel_r_4_3 | rom_1p  | auto | 1       |
|      p_ZL26sdecgru_recurrent_kernel_z_5_3_U                                                            | -    | -    |        | p_ZL26sdecgru_recurrent_kernel_z_5_3 | rom_1p  | auto | 1       |
|      p_ZL26sdecgru_recurrent_kernel_r_5_3_U                                                            | -    | -    |        | p_ZL26sdecgru_recurrent_kernel_r_5_3 | rom_1p  | auto | 1       |
|      p_ZL26sdecgru_recurrent_kernel_z_6_3_U                                                            | -    | -    |        | p_ZL26sdecgru_recurrent_kernel_z_6_3 | rom_1p  | auto | 1       |
|      p_ZL26sdecgru_recurrent_kernel_r_6_3_U                                                            | -    | -    |        | p_ZL26sdecgru_recurrent_kernel_r_6_3 | rom_1p  | auto | 1       |
|      p_ZL26sdecgru_recurrent_kernel_z_7_3_U                                                            | -    | -    |        | p_ZL26sdecgru_recurrent_kernel_z_7_3 | rom_1p  | auto | 1       |
|      p_ZL26sdecgru_recurrent_kernel_r_7_3_U                                                            | -    | -    |        | p_ZL26sdecgru_recurrent_kernel_r_7_3 | rom_1p  | auto | 1       |
|      sdecgru_bias_z_U                                                                                  | -    | -    |        | sdecgru_bias_z                       | rom_1p  | auto | 1       |
|      sdecgru_bias_r_U                                                                                  | -    | -    |        | sdecgru_bias_r                       | rom_1p  | auto | 1       |
|    + gru_cell_step_1_Pipeline_VITIS_LOOP_120_5 (grp_gru_cell_step_1_Pipeline_VITIS_LOOP_120_5_fu_1089) | 0    | 0    |        |                                      |         |      |         |
|      p_ZL26sdecgru_recurrent_kernel_h_0_0_U                                                            | -    | -    |        | p_ZL26sdecgru_recurrent_kernel_h_0_0 | rom_1p  | auto | 1       |
|      p_ZL26sdecgru_recurrent_kernel_h_1_0_U                                                            | -    | -    |        | p_ZL26sdecgru_recurrent_kernel_h_1_0 | rom_1p  | auto | 1       |
|      p_ZL26sdecgru_recurrent_kernel_h_2_0_U                                                            | -    | -    |        | p_ZL26sdecgru_recurrent_kernel_h_2_0 | rom_1p  | auto | 1       |
|      p_ZL26sdecgru_recurrent_kernel_h_3_0_U                                                            | -    | -    |        | p_ZL26sdecgru_recurrent_kernel_h_3_0 | rom_1p  | auto | 1       |
|      p_ZL26sdecgru_recurrent_kernel_h_4_0_U                                                            | -    | -    |        | p_ZL26sdecgru_recurrent_kernel_h_4_0 | rom_1p  | auto | 1       |
|      p_ZL26sdecgru_recurrent_kernel_h_5_0_U                                                            | -    | -    |        | p_ZL26sdecgru_recurrent_kernel_h_5_0 | rom_1p  | auto | 1       |
|      p_ZL26sdecgru_recurrent_kernel_h_6_0_U                                                            | -    | -    |        | p_ZL26sdecgru_recurrent_kernel_h_6_0 | rom_1p  | auto | 1       |
|      p_ZL26sdecgru_recurrent_kernel_h_7_0_U                                                            | -    | -    |        | p_ZL26sdecgru_recurrent_kernel_h_7_0 | rom_1p  | auto | 1       |
|      p_ZL26sdecgru_recurrent_kernel_h_0_1_U                                                            | -    | -    |        | p_ZL26sdecgru_recurrent_kernel_h_0_1 | rom_1p  | auto | 1       |
|      p_ZL26sdecgru_recurrent_kernel_h_1_1_U                                                            | -    | -    |        | p_ZL26sdecgru_recurrent_kernel_h_1_1 | rom_1p  | auto | 1       |
|      p_ZL26sdecgru_recurrent_kernel_h_2_1_U                                                            | -    | -    |        | p_ZL26sdecgru_recurrent_kernel_h_2_1 | rom_1p  | auto | 1       |
|      p_ZL26sdecgru_recurrent_kernel_h_3_1_U                                                            | -    | -    |        | p_ZL26sdecgru_recurrent_kernel_h_3_1 | rom_1p  | auto | 1       |
|      p_ZL26sdecgru_recurrent_kernel_h_4_1_U                                                            | -    | -    |        | p_ZL26sdecgru_recurrent_kernel_h_4_1 | rom_1p  | auto | 1       |
|      p_ZL26sdecgru_recurrent_kernel_h_5_1_U                                                            | -    | -    |        | p_ZL26sdecgru_recurrent_kernel_h_5_1 | rom_1p  | auto | 1       |
|      p_ZL26sdecgru_recurrent_kernel_h_6_1_U                                                            | -    | -    |        | p_ZL26sdecgru_recurrent_kernel_h_6_1 | rom_1p  | auto | 1       |
|      p_ZL26sdecgru_recurrent_kernel_h_7_1_U                                                            | -    | -    |        | p_ZL26sdecgru_recurrent_kernel_h_7_1 | rom_1p  | auto | 1       |
|      p_ZL26sdecgru_recurrent_kernel_h_0_2_U                                                            | -    | -    |        | p_ZL26sdecgru_recurrent_kernel_h_0_2 | rom_1p  | auto | 1       |
|      p_ZL26sdecgru_recurrent_kernel_h_1_2_U                                                            | -    | -    |        | p_ZL26sdecgru_recurrent_kernel_h_1_2 | rom_1p  | auto | 1       |
|      p_ZL26sdecgru_recurrent_kernel_h_2_2_U                                                            | -    | -    |        | p_ZL26sdecgru_recurrent_kernel_h_2_2 | rom_1p  | auto | 1       |
|      p_ZL26sdecgru_recurrent_kernel_h_3_2_U                                                            | -    | -    |        | p_ZL26sdecgru_recurrent_kernel_h_3_2 | rom_1p  | auto | 1       |
|      p_ZL26sdecgru_recurrent_kernel_h_4_2_U                                                            | -    | -    |        | p_ZL26sdecgru_recurrent_kernel_h_4_2 | rom_1p  | auto | 1       |
|      p_ZL26sdecgru_recurrent_kernel_h_5_2_U                                                            | -    | -    |        | p_ZL26sdecgru_recurrent_kernel_h_5_2 | rom_1p  | auto | 1       |
|      p_ZL26sdecgru_recurrent_kernel_h_6_2_U                                                            | -    | -    |        | p_ZL26sdecgru_recurrent_kernel_h_6_2 | rom_1p  | auto | 1       |
|      p_ZL26sdecgru_recurrent_kernel_h_7_2_U                                                            | -    | -    |        | p_ZL26sdecgru_recurrent_kernel_h_7_2 | rom_1p  | auto | 1       |
|      p_ZL26sdecgru_recurrent_kernel_h_0_3_U                                                            | -    | -    |        | p_ZL26sdecgru_recurrent_kernel_h_0_3 | rom_1p  | auto | 1       |
|      p_ZL26sdecgru_recurrent_kernel_h_1_3_U                                                            | -    | -    |        | p_ZL26sdecgru_recurrent_kernel_h_1_3 | rom_1p  | auto | 1       |
|      p_ZL26sdecgru_recurrent_kernel_h_2_3_U                                                            | -    | -    |        | p_ZL26sdecgru_recurrent_kernel_h_2_3 | rom_1p  | auto | 1       |
|      p_ZL26sdecgru_recurrent_kernel_h_3_3_U                                                            | -    | -    |        | p_ZL26sdecgru_recurrent_kernel_h_3_3 | rom_1p  | auto | 1       |
|      p_ZL26sdecgru_recurrent_kernel_h_4_3_U                                                            | -    | -    |        | p_ZL26sdecgru_recurrent_kernel_h_4_3 | rom_1p  | auto | 1       |
|      p_ZL26sdecgru_recurrent_kernel_h_5_3_U                                                            | -    | -    |        | p_ZL26sdecgru_recurrent_kernel_h_5_3 | rom_1p  | auto | 1       |
|      p_ZL26sdecgru_recurrent_kernel_h_6_3_U                                                            | -    | -    |        | p_ZL26sdecgru_recurrent_kernel_h_6_3 | rom_1p  | auto | 1       |
|      p_ZL26sdecgru_recurrent_kernel_h_7_3_U                                                            | -    | -    |        | p_ZL26sdecgru_recurrent_kernel_h_7_3 | rom_1p  | auto | 1       |
|      sdecgru_bias_h_U                                                                                  | -    | -    |        | sdecgru_bias_h                       | rom_1p  | auto | 1       |
|   + lane_worker8_5_Pipeline_VITIS_LOOP_238_7                                                           | 0    | 0    |        |                                      |         |      |         |
|     p_ZL17sdec_dense_kernel_0_27_U                                                                     | -    | -    |        | p_ZL17sdec_dense_kernel_0_27         | rom_1p  | auto | 1       |
|     p_ZL17sdec_dense_kernel_1_28_U                                                                     | -    | -    |        | p_ZL17sdec_dense_kernel_1_28         | rom_1p  | auto | 1       |
|     p_ZL17sdec_dense_kernel_2_27_U                                                                     | -    | -    |        | p_ZL17sdec_dense_kernel_2_27         | rom_1p  | auto | 1       |
|     p_ZL17sdec_dense_kernel_3_26_U                                                                     | -    | -    |        | p_ZL17sdec_dense_kernel_3_26         | rom_1p  | auto | 1       |
|     p_ZL17sdec_dense_kernel_4_28_U                                                                     | -    | -    |        | p_ZL17sdec_dense_kernel_4_28         | rom_1p  | auto | 1       |
|     p_ZL17sdec_dense_kernel_5_27_U                                                                     | -    | -    |        | p_ZL17sdec_dense_kernel_5_27         | rom_1p  | auto | 1       |
|     p_ZL17sdec_dense_kernel_6_27_U                                                                     | -    | -    |        | p_ZL17sdec_dense_kernel_6_27         | rom_1p  | auto | 1       |
|     p_ZL17sdec_dense_kernel_7_27_U                                                                     | -    | -    |        | p_ZL17sdec_dense_kernel_7_27         | rom_1p  | auto | 1       |
|     p_ZL17sdec_dense_kernel_0_20_U                                                                     | -    | -    |        | p_ZL17sdec_dense_kernel_0_20         | rom_1p  | auto | 1       |
|     p_ZL17sdec_dense_kernel_1_20_U                                                                     | -    | -    |        | p_ZL17sdec_dense_kernel_1_20         | rom_1p  | auto | 1       |
|     p_ZL17sdec_dense_kernel_2_20_U                                                                     | -    | -    |        | p_ZL17sdec_dense_kernel_2_20         | rom_1p  | auto | 1       |
|     p_ZL17sdec_dense_kernel_3_20_U                                                                     | -    | -    |        | p_ZL17sdec_dense_kernel_3_20         | rom_1p  | auto | 1       |
|     p_ZL17sdec_dense_kernel_4_21_U                                                                     | -    | -    |        | p_ZL17sdec_dense_kernel_4_21         | rom_1p  | auto | 1       |
|     p_ZL17sdec_dense_kernel_5_20_U                                                                     | -    | -    |        | p_ZL17sdec_dense_kernel_5_20         | rom_1p  | auto | 1       |
|     p_ZL17sdec_dense_kernel_6_20_U                                                                     | -    | -    |        | p_ZL17sdec_dense_kernel_6_20         | rom_1p  | auto | 1       |
|     p_ZL17sdec_dense_kernel_7_20_U                                                                     | -    | -    |        | p_ZL17sdec_dense_kernel_7_20         | rom_1p  | auto | 1       |
|     p_ZL17sdec_dense_kernel_0_13_U                                                                     | -    | -    |        | p_ZL17sdec_dense_kernel_0_13         | rom_1p  | auto | 1       |
|     p_ZL17sdec_dense_kernel_1_13_U                                                                     | -    | -    |        | p_ZL17sdec_dense_kernel_1_13         | rom_1p  | auto | 1       |
|     p_ZL17sdec_dense_kernel_2_13_U                                                                     | -    | -    |        | p_ZL17sdec_dense_kernel_2_13         | rom_1p  | auto | 1       |
|     p_ZL17sdec_dense_kernel_3_13_U                                                                     | -    | -    |        | p_ZL17sdec_dense_kernel_3_13         | rom_1p  | auto | 1       |
|     p_ZL17sdec_dense_kernel_4_13_U                                                                     | -    | -    |        | p_ZL17sdec_dense_kernel_4_13         | rom_1p  | auto | 1       |
|     p_ZL17sdec_dense_kernel_5_13_U                                                                     | -    | -    |        | p_ZL17sdec_dense_kernel_5_13         | rom_1p  | auto | 1       |
|     p_ZL17sdec_dense_kernel_6_13_U                                                                     | -    | -    |        | p_ZL17sdec_dense_kernel_6_13         | rom_1p  | auto | 1       |
|     p_ZL17sdec_dense_kernel_7_13_U                                                                     | -    | -    |        | p_ZL17sdec_dense_kernel_7_13         | rom_1p  | auto | 1       |
|     p_ZL17sdec_dense_kernel_0_6_U                                                                      | -    | -    |        | p_ZL17sdec_dense_kernel_0_6          | rom_1p  | auto | 1       |
|     p_ZL17sdec_dense_kernel_1_6_U                                                                      | -    | -    |        | p_ZL17sdec_dense_kernel_1_6          | rom_1p  | auto | 1       |
|     p_ZL17sdec_dense_kernel_2_6_U                                                                      | -    | -    |        | p_ZL17sdec_dense_kernel_2_6          | rom_1p  | auto | 1       |
|     p_ZL17sdec_dense_kernel_3_6_U                                                                      | -    | -    |        | p_ZL17sdec_dense_kernel_3_6          | rom_1p  | auto | 1       |
|     p_ZL17sdec_dense_kernel_4_6_U                                                                      | -    | -    |        | p_ZL17sdec_dense_kernel_4_6          | rom_1p  | auto | 1       |
|     p_ZL17sdec_dense_kernel_5_6_U                                                                      | -    | -    |        | p_ZL17sdec_dense_kernel_5_6          | rom_1p  | auto | 1       |
|     p_ZL17sdec_dense_kernel_6_6_U                                                                      | -    | -    |        | p_ZL17sdec_dense_kernel_6_6          | rom_1p  | auto | 1       |
|     p_ZL17sdec_dense_kernel_7_6_U                                                                      | -    | -    |        | p_ZL17sdec_dense_kernel_7_6          | rom_1p  | auto | 1       |
|     sdec_dense_bias237_U                                                                               | -    | -    |        | sdec_dense_bias237                   | rom_1p  | auto | 1       |
|  + lane_worker8_6                                                                                      | 2    | 0    |        |                                      |         |      |         |
|    h_enc_V_U                                                                                           | -    | -    |        | h_enc_V                              | ram_t2p | auto | 1       |
|    h_enc_V_7_U                                                                                         | -    | -    |        | h_enc_V_7                            | ram_t2p | auto | 1       |
|    h_enc_V_8_U                                                                                         | -    | -    |        | h_enc_V_8                            | ram_t2p | auto | 1       |
|    h_enc_V_9_U                                                                                         | -    | -    |        | h_enc_V_9                            | ram_t2p | auto | 1       |
|    h_dec_V_U                                                                                           | -    | -    |        | h_dec_V                              | ram_t2p | auto | 1       |
|    h_dec_V_7_U                                                                                         | -    | -    |        | h_dec_V_7                            | ram_t2p | auto | 1       |
|    h_dec_V_8_U                                                                                         | -    | -    |        | h_dec_V_8                            | ram_t2p | auto | 1       |
|    h_dec_V_9_U                                                                                         | -    | -    |        | h_dec_V_9                            | ram_t2p | auto | 1       |
|    h_next_V_U                                                                                          | -    | -    |        | h_next_V                             | ram_s2p | auto | 1       |
|    h_next_V_3_U                                                                                        | -    | -    |        | h_next_V_3                           | ram_s2p | auto | 1       |
|    tpsf_in_V_U                                                                                         | 1    | -    |        | tpsf_in_V                            | ram_1p  | auto | 1       |
|    sfd_out_V_U                                                                                         | 1    | -    |        | sfd_out_V                            | ram_1p  | auto | 1       |
|   + gru_cell_step (grp_gru_cell_step_fu_2302)                                                          | 0    | 0    |        |                                      |         |      |         |
|     z_V_U                                                                                              | -    | -    |        | z_V                                  | ram_1p  | auto | 1       |
|     r_V_U                                                                                              | -    | -    |        | r_V                                  | ram_s2p | auto | 1       |
|    + gru_cell_step_Pipeline_VITIS_LOOP_69_1 (grp_gru_cell_step_Pipeline_VITIS_LOOP_69_1_fu_917)        | 0    | 0    |        |                                      |         |      |         |
|      p_ZL26sencgru_recurrent_kernel_z_0_0_U                                                            | -    | -    |        | p_ZL26sencgru_recurrent_kernel_z_0_0 | rom_1p  | auto | 1       |
|      p_ZL26sencgru_recurrent_kernel_r_0_0_U                                                            | -    | -    |        | p_ZL26sencgru_recurrent_kernel_r_0_0 | rom_1p  | auto | 1       |
|      p_ZL26sencgru_recurrent_kernel_z_1_0_U                                                            | -    | -    |        | p_ZL26sencgru_recurrent_kernel_z_1_0 | rom_1p  | auto | 1       |
|      p_ZL26sencgru_recurrent_kernel_r_1_0_U                                                            | -    | -    |        | p_ZL26sencgru_recurrent_kernel_r_1_0 | rom_1p  | auto | 1       |
|      p_ZL26sencgru_recurrent_kernel_z_2_0_U                                                            | -    | -    |        | p_ZL26sencgru_recurrent_kernel_z_2_0 | rom_1p  | auto | 1       |
|      p_ZL26sencgru_recurrent_kernel_r_2_0_U                                                            | -    | -    |        | p_ZL26sencgru_recurrent_kernel_r_2_0 | rom_1p  | auto | 1       |
|      p_ZL26sencgru_recurrent_kernel_z_3_0_U                                                            | -    | -    |        | p_ZL26sencgru_recurrent_kernel_z_3_0 | rom_1p  | auto | 1       |
|      p_ZL26sencgru_recurrent_kernel_r_3_0_U                                                            | -    | -    |        | p_ZL26sencgru_recurrent_kernel_r_3_0 | rom_1p  | auto | 1       |
|      p_ZL26sencgru_recurrent_kernel_z_4_0_U                                                            | -    | -    |        | p_ZL26sencgru_recurrent_kernel_z_4_0 | rom_1p  | auto | 1       |
|      p_ZL26sencgru_recurrent_kernel_r_4_0_U                                                            | -    | -    |        | p_ZL26sencgru_recurrent_kernel_r_4_0 | rom_1p  | auto | 1       |
|      p_ZL26sencgru_recurrent_kernel_z_5_0_U                                                            | -    | -    |        | p_ZL26sencgru_recurrent_kernel_z_5_0 | rom_1p  | auto | 1       |
|      p_ZL26sencgru_recurrent_kernel_r_5_0_U                                                            | -    | -    |        | p_ZL26sencgru_recurrent_kernel_r_5_0 | rom_1p  | auto | 1       |
|      p_ZL26sencgru_recurrent_kernel_z_6_0_U                                                            | -    | -    |        | p_ZL26sencgru_recurrent_kernel_z_6_0 | rom_1p  | auto | 1       |
|      p_ZL26sencgru_recurrent_kernel_r_6_0_U                                                            | -    | -    |        | p_ZL26sencgru_recurrent_kernel_r_6_0 | rom_1p  | auto | 1       |
|      p_ZL26sencgru_recurrent_kernel_z_7_0_U                                                            | -    | -    |        | p_ZL26sencgru_recurrent_kernel_z_7_0 | rom_1p  | auto | 1       |
|      p_ZL26sencgru_recurrent_kernel_r_7_0_U                                                            | -    | -    |        | p_ZL26sencgru_recurrent_kernel_r_7_0 | rom_1p  | auto | 1       |
|      p_ZL26sencgru_recurrent_kernel_z_0_1_U                                                            | -    | -    |        | p_ZL26sencgru_recurrent_kernel_z_0_1 | rom_1p  | auto | 1       |
|      p_ZL26sencgru_recurrent_kernel_r_0_1_U                                                            | -    | -    |        | p_ZL26sencgru_recurrent_kernel_r_0_1 | rom_1p  | auto | 1       |
|      p_ZL26sencgru_recurrent_kernel_z_1_1_U                                                            | -    | -    |        | p_ZL26sencgru_recurrent_kernel_z_1_1 | rom_1p  | auto | 1       |
|      p_ZL26sencgru_recurrent_kernel_r_1_1_U                                                            | -    | -    |        | p_ZL26sencgru_recurrent_kernel_r_1_1 | rom_1p  | auto | 1       |
|      p_ZL26sencgru_recurrent_kernel_z_2_1_U                                                            | -    | -    |        | p_ZL26sencgru_recurrent_kernel_z_2_1 | rom_1p  | auto | 1       |
|      p_ZL26sencgru_recurrent_kernel_r_2_1_U                                                            | -    | -    |        | p_ZL26sencgru_recurrent_kernel_r_2_1 | rom_1p  | auto | 1       |
|      p_ZL26sencgru_recurrent_kernel_z_3_1_U                                                            | -    | -    |        | p_ZL26sencgru_recurrent_kernel_z_3_1 | rom_1p  | auto | 1       |
|      p_ZL26sencgru_recurrent_kernel_r_3_1_U                                                            | -    | -    |        | p_ZL26sencgru_recurrent_kernel_r_3_1 | rom_1p  | auto | 1       |
|      p_ZL26sencgru_recurrent_kernel_z_4_1_U                                                            | -    | -    |        | p_ZL26sencgru_recurrent_kernel_z_4_1 | rom_1p  | auto | 1       |
|      p_ZL26sencgru_recurrent_kernel_r_4_1_U                                                            | -    | -    |        | p_ZL26sencgru_recurrent_kernel_r_4_1 | rom_1p  | auto | 1       |
|      p_ZL26sencgru_recurrent_kernel_z_5_1_U                                                            | -    | -    |        | p_ZL26sencgru_recurrent_kernel_z_5_1 | rom_1p  | auto | 1       |
|      p_ZL26sencgru_recurrent_kernel_r_5_1_U                                                            | -    | -    |        | p_ZL26sencgru_recurrent_kernel_r_5_1 | rom_1p  | auto | 1       |
|      p_ZL26sencgru_recurrent_kernel_z_6_1_U                                                            | -    | -    |        | p_ZL26sencgru_recurrent_kernel_z_6_1 | rom_1p  | auto | 1       |
|      p_ZL26sencgru_recurrent_kernel_r_6_1_U                                                            | -    | -    |        | p_ZL26sencgru_recurrent_kernel_r_6_1 | rom_1p  | auto | 1       |
|      p_ZL26sencgru_recurrent_kernel_z_7_1_U                                                            | -    | -    |        | p_ZL26sencgru_recurrent_kernel_z_7_1 | rom_1p  | auto | 1       |
|      p_ZL26sencgru_recurrent_kernel_r_7_1_U                                                            | -    | -    |        | p_ZL26sencgru_recurrent_kernel_r_7_1 | rom_1p  | auto | 1       |
|      p_ZL26sencgru_recurrent_kernel_z_0_2_U                                                            | -    | -    |        | p_ZL26sencgru_recurrent_kernel_z_0_2 | rom_1p  | auto | 1       |
|      p_ZL26sencgru_recurrent_kernel_r_0_2_U                                                            | -    | -    |        | p_ZL26sencgru_recurrent_kernel_r_0_2 | rom_1p  | auto | 1       |
|      p_ZL26sencgru_recurrent_kernel_z_1_2_U                                                            | -    | -    |        | p_ZL26sencgru_recurrent_kernel_z_1_2 | rom_1p  | auto | 1       |
|      p_ZL26sencgru_recurrent_kernel_r_1_2_U                                                            | -    | -    |        | p_ZL26sencgru_recurrent_kernel_r_1_2 | rom_1p  | auto | 1       |
|      p_ZL26sencgru_recurrent_kernel_z_2_2_U                                                            | -    | -    |        | p_ZL26sencgru_recurrent_kernel_z_2_2 | rom_1p  | auto | 1       |
|      p_ZL26sencgru_recurrent_kernel_r_2_2_U                                                            | -    | -    |        | p_ZL26sencgru_recurrent_kernel_r_2_2 | rom_1p  | auto | 1       |
|      p_ZL26sencgru_recurrent_kernel_z_3_2_U                                                            | -    | -    |        | p_ZL26sencgru_recurrent_kernel_z_3_2 | rom_1p  | auto | 1       |
|      p_ZL26sencgru_recurrent_kernel_r_3_2_U                                                            | -    | -    |        | p_ZL26sencgru_recurrent_kernel_r_3_2 | rom_1p  | auto | 1       |
|      p_ZL26sencgru_recurrent_kernel_z_4_2_U                                                            | -    | -    |        | p_ZL26sencgru_recurrent_kernel_z_4_2 | rom_1p  | auto | 1       |
|      p_ZL26sencgru_recurrent_kernel_r_4_2_U                                                            | -    | -    |        | p_ZL26sencgru_recurrent_kernel_r_4_2 | rom_1p  | auto | 1       |
|      p_ZL26sencgru_recurrent_kernel_z_5_2_U                                                            | -    | -    |        | p_ZL26sencgru_recurrent_kernel_z_5_2 | rom_1p  | auto | 1       |
|      p_ZL26sencgru_recurrent_kernel_r_5_2_U                                                            | -    | -    |        | p_ZL26sencgru_recurrent_kernel_r_5_2 | rom_1p  | auto | 1       |
|      p_ZL26sencgru_recurrent_kernel_z_6_2_U                                                            | -    | -    |        | p_ZL26sencgru_recurrent_kernel_z_6_2 | rom_1p  | auto | 1       |
|      p_ZL26sencgru_recurrent_kernel_r_6_2_U                                                            | -    | -    |        | p_ZL26sencgru_recurrent_kernel_r_6_2 | rom_1p  | auto | 1       |
|      p_ZL26sencgru_recurrent_kernel_z_7_2_U                                                            | -    | -    |        | p_ZL26sencgru_recurrent_kernel_z_7_2 | rom_1p  | auto | 1       |
|      p_ZL26sencgru_recurrent_kernel_r_7_2_U                                                            | -    | -    |        | p_ZL26sencgru_recurrent_kernel_r_7_2 | rom_1p  | auto | 1       |
|      p_ZL26sencgru_recurrent_kernel_z_0_3_U                                                            | -    | -    |        | p_ZL26sencgru_recurrent_kernel_z_0_3 | rom_1p  | auto | 1       |
|      p_ZL26sencgru_recurrent_kernel_r_0_3_U                                                            | -    | -    |        | p_ZL26sencgru_recurrent_kernel_r_0_3 | rom_1p  | auto | 1       |
|      p_ZL26sencgru_recurrent_kernel_z_1_3_U                                                            | -    | -    |        | p_ZL26sencgru_recurrent_kernel_z_1_3 | rom_1p  | auto | 1       |
|      p_ZL26sencgru_recurrent_kernel_r_1_3_U                                                            | -    | -    |        | p_ZL26sencgru_recurrent_kernel_r_1_3 | rom_1p  | auto | 1       |
|      p_ZL26sencgru_recurrent_kernel_z_2_3_U                                                            | -    | -    |        | p_ZL26sencgru_recurrent_kernel_z_2_3 | rom_1p  | auto | 1       |
|      p_ZL26sencgru_recurrent_kernel_r_2_3_U                                                            | -    | -    |        | p_ZL26sencgru_recurrent_kernel_r_2_3 | rom_1p  | auto | 1       |
|      p_ZL26sencgru_recurrent_kernel_z_3_3_U                                                            | -    | -    |        | p_ZL26sencgru_recurrent_kernel_z_3_3 | rom_1p  | auto | 1       |
|      p_ZL26sencgru_recurrent_kernel_r_3_3_U                                                            | -    | -    |        | p_ZL26sencgru_recurrent_kernel_r_3_3 | rom_1p  | auto | 1       |
|      p_ZL26sencgru_recurrent_kernel_z_4_3_U                                                            | -    | -    |        | p_ZL26sencgru_recurrent_kernel_z_4_3 | rom_1p  | auto | 1       |
|      p_ZL26sencgru_recurrent_kernel_r_4_3_U                                                            | -    | -    |        | p_ZL26sencgru_recurrent_kernel_r_4_3 | rom_1p  | auto | 1       |
|      p_ZL26sencgru_recurrent_kernel_z_5_3_U                                                            | -    | -    |        | p_ZL26sencgru_recurrent_kernel_z_5_3 | rom_1p  | auto | 1       |
|      p_ZL26sencgru_recurrent_kernel_r_5_3_U                                                            | -    | -    |        | p_ZL26sencgru_recurrent_kernel_r_5_3 | rom_1p  | auto | 1       |
|      p_ZL26sencgru_recurrent_kernel_z_6_3_U                                                            | -    | -    |        | p_ZL26sencgru_recurrent_kernel_z_6_3 | rom_1p  | auto | 1       |
|      p_ZL26sencgru_recurrent_kernel_r_6_3_U                                                            | -    | -    |        | p_ZL26sencgru_recurrent_kernel_r_6_3 | rom_1p  | auto | 1       |
|      p_ZL26sencgru_recurrent_kernel_z_7_3_U                                                            | -    | -    |        | p_ZL26sencgru_recurrent_kernel_z_7_3 | rom_1p  | auto | 1       |
|      p_ZL26sencgru_recurrent_kernel_r_7_3_U                                                            | -    | -    |        | p_ZL26sencgru_recurrent_kernel_r_7_3 | rom_1p  | auto | 1       |
|      sencgru_bias_z_U                                                                                  | -    | -    |        | sencgru_bias_z                       | rom_1p  | auto | 1       |
|      sencgru_bias_r_U                                                                                  | -    | -    |        | sencgru_bias_r                       | rom_1p  | auto | 1       |
|    + gru_cell_step_Pipeline_VITIS_LOOP_120_5 (grp_gru_cell_step_Pipeline_VITIS_LOOP_120_5_fu_1107)     | 0    | 0    |        |                                      |         |      |         |
|      p_ZL26sencgru_recurrent_kernel_h_0_0_U                                                            | -    | -    |        | p_ZL26sencgru_recurrent_kernel_h_0_0 | rom_1p  | auto | 1       |
|      p_ZL26sencgru_recurrent_kernel_h_1_0_U                                                            | -    | -    |        | p_ZL26sencgru_recurrent_kernel_h_1_0 | rom_1p  | auto | 1       |
|      p_ZL26sencgru_recurrent_kernel_h_2_0_U                                                            | -    | -    |        | p_ZL26sencgru_recurrent_kernel_h_2_0 | rom_1p  | auto | 1       |
|      p_ZL26sencgru_recurrent_kernel_h_3_0_U                                                            | -    | -    |        | p_ZL26sencgru_recurrent_kernel_h_3_0 | rom_1p  | auto | 1       |
|      p_ZL26sencgru_recurrent_kernel_h_4_0_U                                                            | -    | -    |        | p_ZL26sencgru_recurrent_kernel_h_4_0 | rom_1p  | auto | 1       |
|      p_ZL26sencgru_recurrent_kernel_h_5_0_U                                                            | -    | -    |        | p_ZL26sencgru_recurrent_kernel_h_5_0 | rom_1p  | auto | 1       |
|      p_ZL26sencgru_recurrent_kernel_h_6_0_U                                                            | -    | -    |        | p_ZL26sencgru_recurrent_kernel_h_6_0 | rom_1p  | auto | 1       |
|      p_ZL26sencgru_recurrent_kernel_h_7_0_U                                                            | -    | -    |        | p_ZL26sencgru_recurrent_kernel_h_7_0 | rom_1p  | auto | 1       |
|      p_ZL26sencgru_recurrent_kernel_h_0_1_U                                                            | -    | -    |        | p_ZL26sencgru_recurrent_kernel_h_0_1 | rom_1p  | auto | 1       |
|      p_ZL26sencgru_recurrent_kernel_h_1_1_U                                                            | -    | -    |        | p_ZL26sencgru_recurrent_kernel_h_1_1 | rom_1p  | auto | 1       |
|      p_ZL26sencgru_recurrent_kernel_h_2_1_U                                                            | -    | -    |        | p_ZL26sencgru_recurrent_kernel_h_2_1 | rom_1p  | auto | 1       |
|      p_ZL26sencgru_recurrent_kernel_h_3_1_U                                                            | -    | -    |        | p_ZL26sencgru_recurrent_kernel_h_3_1 | rom_1p  | auto | 1       |
|      p_ZL26sencgru_recurrent_kernel_h_4_1_U                                                            | -    | -    |        | p_ZL26sencgru_recurrent_kernel_h_4_1 | rom_1p  | auto | 1       |
|      p_ZL26sencgru_recurrent_kernel_h_5_1_U                                                            | -    | -    |        | p_ZL26sencgru_recurrent_kernel_h_5_1 | rom_1p  | auto | 1       |
|      p_ZL26sencgru_recurrent_kernel_h_6_1_U                                                            | -    | -    |        | p_ZL26sencgru_recurrent_kernel_h_6_1 | rom_1p  | auto | 1       |
|      p_ZL26sencgru_recurrent_kernel_h_7_1_U                                                            | -    | -    |        | p_ZL26sencgru_recurrent_kernel_h_7_1 | rom_1p  | auto | 1       |
|      p_ZL26sencgru_recurrent_kernel_h_0_2_U                                                            | -    | -    |        | p_ZL26sencgru_recurrent_kernel_h_0_2 | rom_1p  | auto | 1       |
|      p_ZL26sencgru_recurrent_kernel_h_1_2_U                                                            | -    | -    |        | p_ZL26sencgru_recurrent_kernel_h_1_2 | rom_1p  | auto | 1       |
|      p_ZL26sencgru_recurrent_kernel_h_2_2_U                                                            | -    | -    |        | p_ZL26sencgru_recurrent_kernel_h_2_2 | rom_1p  | auto | 1       |
|      p_ZL26sencgru_recurrent_kernel_h_3_2_U                                                            | -    | -    |        | p_ZL26sencgru_recurrent_kernel_h_3_2 | rom_1p  | auto | 1       |
|      p_ZL26sencgru_recurrent_kernel_h_4_2_U                                                            | -    | -    |        | p_ZL26sencgru_recurrent_kernel_h_4_2 | rom_1p  | auto | 1       |
|      p_ZL26sencgru_recurrent_kernel_h_5_2_U                                                            | -    | -    |        | p_ZL26sencgru_recurrent_kernel_h_5_2 | rom_1p  | auto | 1       |
|      p_ZL26sencgru_recurrent_kernel_h_6_2_U                                                            | -    | -    |        | p_ZL26sencgru_recurrent_kernel_h_6_2 | rom_1p  | auto | 1       |
|      p_ZL26sencgru_recurrent_kernel_h_7_2_U                                                            | -    | -    |        | p_ZL26sencgru_recurrent_kernel_h_7_2 | rom_1p  | auto | 1       |
|      p_ZL26sencgru_recurrent_kernel_h_0_3_U                                                            | -    | -    |        | p_ZL26sencgru_recurrent_kernel_h_0_3 | rom_1p  | auto | 1       |
|      p_ZL26sencgru_recurrent_kernel_h_1_3_U                                                            | -    | -    |        | p_ZL26sencgru_recurrent_kernel_h_1_3 | rom_1p  | auto | 1       |
|      p_ZL26sencgru_recurrent_kernel_h_2_3_U                                                            | -    | -    |        | p_ZL26sencgru_recurrent_kernel_h_2_3 | rom_1p  | auto | 1       |
|      p_ZL26sencgru_recurrent_kernel_h_3_3_U                                                            | -    | -    |        | p_ZL26sencgru_recurrent_kernel_h_3_3 | rom_1p  | auto | 1       |
|      p_ZL26sencgru_recurrent_kernel_h_4_3_U                                                            | -    | -    |        | p_ZL26sencgru_recurrent_kernel_h_4_3 | rom_1p  | auto | 1       |
|      p_ZL26sencgru_recurrent_kernel_h_5_3_U                                                            | -    | -    |        | p_ZL26sencgru_recurrent_kernel_h_5_3 | rom_1p  | auto | 1       |
|      p_ZL26sencgru_recurrent_kernel_h_6_3_U                                                            | -    | -    |        | p_ZL26sencgru_recurrent_kernel_h_6_3 | rom_1p  | auto | 1       |
|      p_ZL26sencgru_recurrent_kernel_h_7_3_U                                                            | -    | -    |        | p_ZL26sencgru_recurrent_kernel_h_7_3 | rom_1p  | auto | 1       |
|      sencgru_bias_h_U                                                                                  | -    | -    |        | sencgru_bias_h                       | rom_1p  | auto | 1       |
|   + gru_cell_step_1 (grp_gru_cell_step_1_fu_2511)                                                      | 0    | 0    |        |                                      |         |      |         |
|     z_V_U                                                                                              | -    | -    |        | z_V                                  | ram_1p  | auto | 1       |
|     r_V_U                                                                                              | -    | -    |        | r_V                                  | ram_s2p | auto | 1       |
|    + gru_cell_step_1_Pipeline_VITIS_LOOP_69_1 (grp_gru_cell_step_1_Pipeline_VITIS_LOOP_69_1_fu_903)    | 0    | 0    |        |                                      |         |      |         |
|      p_ZL26sdecgru_recurrent_kernel_z_0_0_U                                                            | -    | -    |        | p_ZL26sdecgru_recurrent_kernel_z_0_0 | rom_1p  | auto | 1       |
|      p_ZL26sdecgru_recurrent_kernel_r_0_0_U                                                            | -    | -    |        | p_ZL26sdecgru_recurrent_kernel_r_0_0 | rom_1p  | auto | 1       |
|      p_ZL26sdecgru_recurrent_kernel_z_1_0_U                                                            | -    | -    |        | p_ZL26sdecgru_recurrent_kernel_z_1_0 | rom_1p  | auto | 1       |
|      p_ZL26sdecgru_recurrent_kernel_r_1_0_U                                                            | -    | -    |        | p_ZL26sdecgru_recurrent_kernel_r_1_0 | rom_1p  | auto | 1       |
|      p_ZL26sdecgru_recurrent_kernel_z_2_0_U                                                            | -    | -    |        | p_ZL26sdecgru_recurrent_kernel_z_2_0 | rom_1p  | auto | 1       |
|      p_ZL26sdecgru_recurrent_kernel_r_2_0_U                                                            | -    | -    |        | p_ZL26sdecgru_recurrent_kernel_r_2_0 | rom_1p  | auto | 1       |
|      p_ZL26sdecgru_recurrent_kernel_z_3_0_U                                                            | -    | -    |        | p_ZL26sdecgru_recurrent_kernel_z_3_0 | rom_1p  | auto | 1       |
|      p_ZL26sdecgru_recurrent_kernel_r_3_0_U                                                            | -    | -    |        | p_ZL26sdecgru_recurrent_kernel_r_3_0 | rom_1p  | auto | 1       |
|      p_ZL26sdecgru_recurrent_kernel_z_4_0_U                                                            | -    | -    |        | p_ZL26sdecgru_recurrent_kernel_z_4_0 | rom_1p  | auto | 1       |
|      p_ZL26sdecgru_recurrent_kernel_r_4_0_U                                                            | -    | -    |        | p_ZL26sdecgru_recurrent_kernel_r_4_0 | rom_1p  | auto | 1       |
|      p_ZL26sdecgru_recurrent_kernel_z_5_0_U                                                            | -    | -    |        | p_ZL26sdecgru_recurrent_kernel_z_5_0 | rom_1p  | auto | 1       |
|      p_ZL26sdecgru_recurrent_kernel_r_5_0_U                                                            | -    | -    |        | p_ZL26sdecgru_recurrent_kernel_r_5_0 | rom_1p  | auto | 1       |
|      p_ZL26sdecgru_recurrent_kernel_z_6_0_U                                                            | -    | -    |        | p_ZL26sdecgru_recurrent_kernel_z_6_0 | rom_1p  | auto | 1       |
|      p_ZL26sdecgru_recurrent_kernel_r_6_0_U                                                            | -    | -    |        | p_ZL26sdecgru_recurrent_kernel_r_6_0 | rom_1p  | auto | 1       |
|      p_ZL26sdecgru_recurrent_kernel_z_7_0_U                                                            | -    | -    |        | p_ZL26sdecgru_recurrent_kernel_z_7_0 | rom_1p  | auto | 1       |
|      p_ZL26sdecgru_recurrent_kernel_r_7_0_U                                                            | -    | -    |        | p_ZL26sdecgru_recurrent_kernel_r_7_0 | rom_1p  | auto | 1       |
|      p_ZL26sdecgru_recurrent_kernel_z_0_1_U                                                            | -    | -    |        | p_ZL26sdecgru_recurrent_kernel_z_0_1 | rom_1p  | auto | 1       |
|      p_ZL26sdecgru_recurrent_kernel_r_0_1_U                                                            | -    | -    |        | p_ZL26sdecgru_recurrent_kernel_r_0_1 | rom_1p  | auto | 1       |
|      p_ZL26sdecgru_recurrent_kernel_z_1_1_U                                                            | -    | -    |        | p_ZL26sdecgru_recurrent_kernel_z_1_1 | rom_1p  | auto | 1       |
|      p_ZL26sdecgru_recurrent_kernel_r_1_1_U                                                            | -    | -    |        | p_ZL26sdecgru_recurrent_kernel_r_1_1 | rom_1p  | auto | 1       |
|      p_ZL26sdecgru_recurrent_kernel_z_2_1_U                                                            | -    | -    |        | p_ZL26sdecgru_recurrent_kernel_z_2_1 | rom_1p  | auto | 1       |
|      p_ZL26sdecgru_recurrent_kernel_r_2_1_U                                                            | -    | -    |        | p_ZL26sdecgru_recurrent_kernel_r_2_1 | rom_1p  | auto | 1       |
|      p_ZL26sdecgru_recurrent_kernel_z_3_1_U                                                            | -    | -    |        | p_ZL26sdecgru_recurrent_kernel_z_3_1 | rom_1p  | auto | 1       |
|      p_ZL26sdecgru_recurrent_kernel_r_3_1_U                                                            | -    | -    |        | p_ZL26sdecgru_recurrent_kernel_r_3_1 | rom_1p  | auto | 1       |
|      p_ZL26sdecgru_recurrent_kernel_z_4_1_U                                                            | -    | -    |        | p_ZL26sdecgru_recurrent_kernel_z_4_1 | rom_1p  | auto | 1       |
|      p_ZL26sdecgru_recurrent_kernel_r_4_1_U                                                            | -    | -    |        | p_ZL26sdecgru_recurrent_kernel_r_4_1 | rom_1p  | auto | 1       |
|      p_ZL26sdecgru_recurrent_kernel_z_5_1_U                                                            | -    | -    |        | p_ZL26sdecgru_recurrent_kernel_z_5_1 | rom_1p  | auto | 1       |
|      p_ZL26sdecgru_recurrent_kernel_r_5_1_U                                                            | -    | -    |        | p_ZL26sdecgru_recurrent_kernel_r_5_1 | rom_1p  | auto | 1       |
|      p_ZL26sdecgru_recurrent_kernel_z_6_1_U                                                            | -    | -    |        | p_ZL26sdecgru_recurrent_kernel_z_6_1 | rom_1p  | auto | 1       |
|      p_ZL26sdecgru_recurrent_kernel_r_6_1_U                                                            | -    | -    |        | p_ZL26sdecgru_recurrent_kernel_r_6_1 | rom_1p  | auto | 1       |
|      p_ZL26sdecgru_recurrent_kernel_z_7_1_U                                                            | -    | -    |        | p_ZL26sdecgru_recurrent_kernel_z_7_1 | rom_1p  | auto | 1       |
|      p_ZL26sdecgru_recurrent_kernel_r_7_1_U                                                            | -    | -    |        | p_ZL26sdecgru_recurrent_kernel_r_7_1 | rom_1p  | auto | 1       |
|      p_ZL26sdecgru_recurrent_kernel_z_0_2_U                                                            | -    | -    |        | p_ZL26sdecgru_recurrent_kernel_z_0_2 | rom_1p  | auto | 1       |
|      p_ZL26sdecgru_recurrent_kernel_r_0_2_U                                                            | -    | -    |        | p_ZL26sdecgru_recurrent_kernel_r_0_2 | rom_1p  | auto | 1       |
|      p_ZL26sdecgru_recurrent_kernel_z_1_2_U                                                            | -    | -    |        | p_ZL26sdecgru_recurrent_kernel_z_1_2 | rom_1p  | auto | 1       |
|      p_ZL26sdecgru_recurrent_kernel_r_1_2_U                                                            | -    | -    |        | p_ZL26sdecgru_recurrent_kernel_r_1_2 | rom_1p  | auto | 1       |
|      p_ZL26sdecgru_recurrent_kernel_z_2_2_U                                                            | -    | -    |        | p_ZL26sdecgru_recurrent_kernel_z_2_2 | rom_1p  | auto | 1       |
|      p_ZL26sdecgru_recurrent_kernel_r_2_2_U                                                            | -    | -    |        | p_ZL26sdecgru_recurrent_kernel_r_2_2 | rom_1p  | auto | 1       |
|      p_ZL26sdecgru_recurrent_kernel_z_3_2_U                                                            | -    | -    |        | p_ZL26sdecgru_recurrent_kernel_z_3_2 | rom_1p  | auto | 1       |
|      p_ZL26sdecgru_recurrent_kernel_r_3_2_U                                                            | -    | -    |        | p_ZL26sdecgru_recurrent_kernel_r_3_2 | rom_1p  | auto | 1       |
|      p_ZL26sdecgru_recurrent_kernel_z_4_2_U                                                            | -    | -    |        | p_ZL26sdecgru_recurrent_kernel_z_4_2 | rom_1p  | auto | 1       |
|      p_ZL26sdecgru_recurrent_kernel_r_4_2_U                                                            | -    | -    |        | p_ZL26sdecgru_recurrent_kernel_r_4_2 | rom_1p  | auto | 1       |
|      p_ZL26sdecgru_recurrent_kernel_z_5_2_U                                                            | -    | -    |        | p_ZL26sdecgru_recurrent_kernel_z_5_2 | rom_1p  | auto | 1       |
|      p_ZL26sdecgru_recurrent_kernel_r_5_2_U                                                            | -    | -    |        | p_ZL26sdecgru_recurrent_kernel_r_5_2 | rom_1p  | auto | 1       |
|      p_ZL26sdecgru_recurrent_kernel_z_6_2_U                                                            | -    | -    |        | p_ZL26sdecgru_recurrent_kernel_z_6_2 | rom_1p  | auto | 1       |
|      p_ZL26sdecgru_recurrent_kernel_r_6_2_U                                                            | -    | -    |        | p_ZL26sdecgru_recurrent_kernel_r_6_2 | rom_1p  | auto | 1       |
|      p_ZL26sdecgru_recurrent_kernel_z_7_2_U                                                            | -    | -    |        | p_ZL26sdecgru_recurrent_kernel_z_7_2 | rom_1p  | auto | 1       |
|      p_ZL26sdecgru_recurrent_kernel_r_7_2_U                                                            | -    | -    |        | p_ZL26sdecgru_recurrent_kernel_r_7_2 | rom_1p  | auto | 1       |
|      p_ZL26sdecgru_recurrent_kernel_z_0_3_U                                                            | -    | -    |        | p_ZL26sdecgru_recurrent_kernel_z_0_3 | rom_1p  | auto | 1       |
|      p_ZL26sdecgru_recurrent_kernel_r_0_3_U                                                            | -    | -    |        | p_ZL26sdecgru_recurrent_kernel_r_0_3 | rom_1p  | auto | 1       |
|      p_ZL26sdecgru_recurrent_kernel_z_1_3_U                                                            | -    | -    |        | p_ZL26sdecgru_recurrent_kernel_z_1_3 | rom_1p  | auto | 1       |
|      p_ZL26sdecgru_recurrent_kernel_r_1_3_U                                                            | -    | -    |        | p_ZL26sdecgru_recurrent_kernel_r_1_3 | rom_1p  | auto | 1       |
|      p_ZL26sdecgru_recurrent_kernel_z_2_3_U                                                            | -    | -    |        | p_ZL26sdecgru_recurrent_kernel_z_2_3 | rom_1p  | auto | 1       |
|      p_ZL26sdecgru_recurrent_kernel_r_2_3_U                                                            | -    | -    |        | p_ZL26sdecgru_recurrent_kernel_r_2_3 | rom_1p  | auto | 1       |
|      p_ZL26sdecgru_recurrent_kernel_z_3_3_U                                                            | -    | -    |        | p_ZL26sdecgru_recurrent_kernel_z_3_3 | rom_1p  | auto | 1       |
|      p_ZL26sdecgru_recurrent_kernel_r_3_3_U                                                            | -    | -    |        | p_ZL26sdecgru_recurrent_kernel_r_3_3 | rom_1p  | auto | 1       |
|      p_ZL26sdecgru_recurrent_kernel_z_4_3_U                                                            | -    | -    |        | p_ZL26sdecgru_recurrent_kernel_z_4_3 | rom_1p  | auto | 1       |
|      p_ZL26sdecgru_recurrent_kernel_r_4_3_U                                                            | -    | -    |        | p_ZL26sdecgru_recurrent_kernel_r_4_3 | rom_1p  | auto | 1       |
|      p_ZL26sdecgru_recurrent_kernel_z_5_3_U                                                            | -    | -    |        | p_ZL26sdecgru_recurrent_kernel_z_5_3 | rom_1p  | auto | 1       |
|      p_ZL26sdecgru_recurrent_kernel_r_5_3_U                                                            | -    | -    |        | p_ZL26sdecgru_recurrent_kernel_r_5_3 | rom_1p  | auto | 1       |
|      p_ZL26sdecgru_recurrent_kernel_z_6_3_U                                                            | -    | -    |        | p_ZL26sdecgru_recurrent_kernel_z_6_3 | rom_1p  | auto | 1       |
|      p_ZL26sdecgru_recurrent_kernel_r_6_3_U                                                            | -    | -    |        | p_ZL26sdecgru_recurrent_kernel_r_6_3 | rom_1p  | auto | 1       |
|      p_ZL26sdecgru_recurrent_kernel_z_7_3_U                                                            | -    | -    |        | p_ZL26sdecgru_recurrent_kernel_z_7_3 | rom_1p  | auto | 1       |
|      p_ZL26sdecgru_recurrent_kernel_r_7_3_U                                                            | -    | -    |        | p_ZL26sdecgru_recurrent_kernel_r_7_3 | rom_1p  | auto | 1       |
|      sdecgru_bias_z_U                                                                                  | -    | -    |        | sdecgru_bias_z                       | rom_1p  | auto | 1       |
|      sdecgru_bias_r_U                                                                                  | -    | -    |        | sdecgru_bias_r                       | rom_1p  | auto | 1       |
|    + gru_cell_step_1_Pipeline_VITIS_LOOP_120_5 (grp_gru_cell_step_1_Pipeline_VITIS_LOOP_120_5_fu_1089) | 0    | 0    |        |                                      |         |      |         |
|      p_ZL26sdecgru_recurrent_kernel_h_0_0_U                                                            | -    | -    |        | p_ZL26sdecgru_recurrent_kernel_h_0_0 | rom_1p  | auto | 1       |
|      p_ZL26sdecgru_recurrent_kernel_h_1_0_U                                                            | -    | -    |        | p_ZL26sdecgru_recurrent_kernel_h_1_0 | rom_1p  | auto | 1       |
|      p_ZL26sdecgru_recurrent_kernel_h_2_0_U                                                            | -    | -    |        | p_ZL26sdecgru_recurrent_kernel_h_2_0 | rom_1p  | auto | 1       |
|      p_ZL26sdecgru_recurrent_kernel_h_3_0_U                                                            | -    | -    |        | p_ZL26sdecgru_recurrent_kernel_h_3_0 | rom_1p  | auto | 1       |
|      p_ZL26sdecgru_recurrent_kernel_h_4_0_U                                                            | -    | -    |        | p_ZL26sdecgru_recurrent_kernel_h_4_0 | rom_1p  | auto | 1       |
|      p_ZL26sdecgru_recurrent_kernel_h_5_0_U                                                            | -    | -    |        | p_ZL26sdecgru_recurrent_kernel_h_5_0 | rom_1p  | auto | 1       |
|      p_ZL26sdecgru_recurrent_kernel_h_6_0_U                                                            | -    | -    |        | p_ZL26sdecgru_recurrent_kernel_h_6_0 | rom_1p  | auto | 1       |
|      p_ZL26sdecgru_recurrent_kernel_h_7_0_U                                                            | -    | -    |        | p_ZL26sdecgru_recurrent_kernel_h_7_0 | rom_1p  | auto | 1       |
|      p_ZL26sdecgru_recurrent_kernel_h_0_1_U                                                            | -    | -    |        | p_ZL26sdecgru_recurrent_kernel_h_0_1 | rom_1p  | auto | 1       |
|      p_ZL26sdecgru_recurrent_kernel_h_1_1_U                                                            | -    | -    |        | p_ZL26sdecgru_recurrent_kernel_h_1_1 | rom_1p  | auto | 1       |
|      p_ZL26sdecgru_recurrent_kernel_h_2_1_U                                                            | -    | -    |        | p_ZL26sdecgru_recurrent_kernel_h_2_1 | rom_1p  | auto | 1       |
|      p_ZL26sdecgru_recurrent_kernel_h_3_1_U                                                            | -    | -    |        | p_ZL26sdecgru_recurrent_kernel_h_3_1 | rom_1p  | auto | 1       |
|      p_ZL26sdecgru_recurrent_kernel_h_4_1_U                                                            | -    | -    |        | p_ZL26sdecgru_recurrent_kernel_h_4_1 | rom_1p  | auto | 1       |
|      p_ZL26sdecgru_recurrent_kernel_h_5_1_U                                                            | -    | -    |        | p_ZL26sdecgru_recurrent_kernel_h_5_1 | rom_1p  | auto | 1       |
|      p_ZL26sdecgru_recurrent_kernel_h_6_1_U                                                            | -    | -    |        | p_ZL26sdecgru_recurrent_kernel_h_6_1 | rom_1p  | auto | 1       |
|      p_ZL26sdecgru_recurrent_kernel_h_7_1_U                                                            | -    | -    |        | p_ZL26sdecgru_recurrent_kernel_h_7_1 | rom_1p  | auto | 1       |
|      p_ZL26sdecgru_recurrent_kernel_h_0_2_U                                                            | -    | -    |        | p_ZL26sdecgru_recurrent_kernel_h_0_2 | rom_1p  | auto | 1       |
|      p_ZL26sdecgru_recurrent_kernel_h_1_2_U                                                            | -    | -    |        | p_ZL26sdecgru_recurrent_kernel_h_1_2 | rom_1p  | auto | 1       |
|      p_ZL26sdecgru_recurrent_kernel_h_2_2_U                                                            | -    | -    |        | p_ZL26sdecgru_recurrent_kernel_h_2_2 | rom_1p  | auto | 1       |
|      p_ZL26sdecgru_recurrent_kernel_h_3_2_U                                                            | -    | -    |        | p_ZL26sdecgru_recurrent_kernel_h_3_2 | rom_1p  | auto | 1       |
|      p_ZL26sdecgru_recurrent_kernel_h_4_2_U                                                            | -    | -    |        | p_ZL26sdecgru_recurrent_kernel_h_4_2 | rom_1p  | auto | 1       |
|      p_ZL26sdecgru_recurrent_kernel_h_5_2_U                                                            | -    | -    |        | p_ZL26sdecgru_recurrent_kernel_h_5_2 | rom_1p  | auto | 1       |
|      p_ZL26sdecgru_recurrent_kernel_h_6_2_U                                                            | -    | -    |        | p_ZL26sdecgru_recurrent_kernel_h_6_2 | rom_1p  | auto | 1       |
|      p_ZL26sdecgru_recurrent_kernel_h_7_2_U                                                            | -    | -    |        | p_ZL26sdecgru_recurrent_kernel_h_7_2 | rom_1p  | auto | 1       |
|      p_ZL26sdecgru_recurrent_kernel_h_0_3_U                                                            | -    | -    |        | p_ZL26sdecgru_recurrent_kernel_h_0_3 | rom_1p  | auto | 1       |
|      p_ZL26sdecgru_recurrent_kernel_h_1_3_U                                                            | -    | -    |        | p_ZL26sdecgru_recurrent_kernel_h_1_3 | rom_1p  | auto | 1       |
|      p_ZL26sdecgru_recurrent_kernel_h_2_3_U                                                            | -    | -    |        | p_ZL26sdecgru_recurrent_kernel_h_2_3 | rom_1p  | auto | 1       |
|      p_ZL26sdecgru_recurrent_kernel_h_3_3_U                                                            | -    | -    |        | p_ZL26sdecgru_recurrent_kernel_h_3_3 | rom_1p  | auto | 1       |
|      p_ZL26sdecgru_recurrent_kernel_h_4_3_U                                                            | -    | -    |        | p_ZL26sdecgru_recurrent_kernel_h_4_3 | rom_1p  | auto | 1       |
|      p_ZL26sdecgru_recurrent_kernel_h_5_3_U                                                            | -    | -    |        | p_ZL26sdecgru_recurrent_kernel_h_5_3 | rom_1p  | auto | 1       |
|      p_ZL26sdecgru_recurrent_kernel_h_6_3_U                                                            | -    | -    |        | p_ZL26sdecgru_recurrent_kernel_h_6_3 | rom_1p  | auto | 1       |
|      p_ZL26sdecgru_recurrent_kernel_h_7_3_U                                                            | -    | -    |        | p_ZL26sdecgru_recurrent_kernel_h_7_3 | rom_1p  | auto | 1       |
|      sdecgru_bias_h_U                                                                                  | -    | -    |        | sdecgru_bias_h                       | rom_1p  | auto | 1       |
|   + lane_worker8_6_Pipeline_VITIS_LOOP_238_7                                                           | 0    | 0    |        |                                      |         |      |         |
|     p_ZL17sdec_dense_kernel_0_26_U                                                                     | -    | -    |        | p_ZL17sdec_dense_kernel_0_26         | rom_1p  | auto | 1       |
|     p_ZL17sdec_dense_kernel_1_29_U                                                                     | -    | -    |        | p_ZL17sdec_dense_kernel_1_29         | rom_1p  | auto | 1       |
|     p_ZL17sdec_dense_kernel_2_26_U                                                                     | -    | -    |        | p_ZL17sdec_dense_kernel_2_26         | rom_1p  | auto | 1       |
|     p_ZL17sdec_dense_kernel_3_25_U                                                                     | -    | -    |        | p_ZL17sdec_dense_kernel_3_25         | rom_1p  | auto | 1       |
|     p_ZL17sdec_dense_kernel_4_29_U                                                                     | -    | -    |        | p_ZL17sdec_dense_kernel_4_29         | rom_1p  | auto | 1       |
|     p_ZL17sdec_dense_kernel_5_26_U                                                                     | -    | -    |        | p_ZL17sdec_dense_kernel_5_26         | rom_1p  | auto | 1       |
|     p_ZL17sdec_dense_kernel_6_26_U                                                                     | -    | -    |        | p_ZL17sdec_dense_kernel_6_26         | rom_1p  | auto | 1       |
|     p_ZL17sdec_dense_kernel_7_26_U                                                                     | -    | -    |        | p_ZL17sdec_dense_kernel_7_26         | rom_1p  | auto | 1       |
|     p_ZL17sdec_dense_kernel_0_19_U                                                                     | -    | -    |        | p_ZL17sdec_dense_kernel_0_19         | rom_1p  | auto | 1       |
|     p_ZL17sdec_dense_kernel_1_19_U                                                                     | -    | -    |        | p_ZL17sdec_dense_kernel_1_19         | rom_1p  | auto | 1       |
|     p_ZL17sdec_dense_kernel_2_19_U                                                                     | -    | -    |        | p_ZL17sdec_dense_kernel_2_19         | rom_1p  | auto | 1       |
|     p_ZL17sdec_dense_kernel_3_19_U                                                                     | -    | -    |        | p_ZL17sdec_dense_kernel_3_19         | rom_1p  | auto | 1       |
|     p_ZL17sdec_dense_kernel_4_22_U                                                                     | -    | -    |        | p_ZL17sdec_dense_kernel_4_22         | rom_1p  | auto | 1       |
|     p_ZL17sdec_dense_kernel_5_19_U                                                                     | -    | -    |        | p_ZL17sdec_dense_kernel_5_19         | rom_1p  | auto | 1       |
|     p_ZL17sdec_dense_kernel_6_19_U                                                                     | -    | -    |        | p_ZL17sdec_dense_kernel_6_19         | rom_1p  | auto | 1       |
|     p_ZL17sdec_dense_kernel_7_19_U                                                                     | -    | -    |        | p_ZL17sdec_dense_kernel_7_19         | rom_1p  | auto | 1       |
|     p_ZL17sdec_dense_kernel_0_12_U                                                                     | -    | -    |        | p_ZL17sdec_dense_kernel_0_12         | rom_1p  | auto | 1       |
|     p_ZL17sdec_dense_kernel_1_12_U                                                                     | -    | -    |        | p_ZL17sdec_dense_kernel_1_12         | rom_1p  | auto | 1       |
|     p_ZL17sdec_dense_kernel_2_12_U                                                                     | -    | -    |        | p_ZL17sdec_dense_kernel_2_12         | rom_1p  | auto | 1       |
|     p_ZL17sdec_dense_kernel_3_12_U                                                                     | -    | -    |        | p_ZL17sdec_dense_kernel_3_12         | rom_1p  | auto | 1       |
|     p_ZL17sdec_dense_kernel_4_12_U                                                                     | -    | -    |        | p_ZL17sdec_dense_kernel_4_12         | rom_1p  | auto | 1       |
|     p_ZL17sdec_dense_kernel_5_12_U                                                                     | -    | -    |        | p_ZL17sdec_dense_kernel_5_12         | rom_1p  | auto | 1       |
|     p_ZL17sdec_dense_kernel_6_12_U                                                                     | -    | -    |        | p_ZL17sdec_dense_kernel_6_12         | rom_1p  | auto | 1       |
|     p_ZL17sdec_dense_kernel_7_12_U                                                                     | -    | -    |        | p_ZL17sdec_dense_kernel_7_12         | rom_1p  | auto | 1       |
|     p_ZL17sdec_dense_kernel_0_5_U                                                                      | -    | -    |        | p_ZL17sdec_dense_kernel_0_5          | rom_1p  | auto | 1       |
|     p_ZL17sdec_dense_kernel_1_5_U                                                                      | -    | -    |        | p_ZL17sdec_dense_kernel_1_5          | rom_1p  | auto | 1       |
|     p_ZL17sdec_dense_kernel_2_5_U                                                                      | -    | -    |        | p_ZL17sdec_dense_kernel_2_5          | rom_1p  | auto | 1       |
|     p_ZL17sdec_dense_kernel_3_5_U                                                                      | -    | -    |        | p_ZL17sdec_dense_kernel_3_5          | rom_1p  | auto | 1       |
|     p_ZL17sdec_dense_kernel_4_5_U                                                                      | -    | -    |        | p_ZL17sdec_dense_kernel_4_5          | rom_1p  | auto | 1       |
|     p_ZL17sdec_dense_kernel_5_5_U                                                                      | -    | -    |        | p_ZL17sdec_dense_kernel_5_5          | rom_1p  | auto | 1       |
|     p_ZL17sdec_dense_kernel_6_5_U                                                                      | -    | -    |        | p_ZL17sdec_dense_kernel_6_5          | rom_1p  | auto | 1       |
|     p_ZL17sdec_dense_kernel_7_5_U                                                                      | -    | -    |        | p_ZL17sdec_dense_kernel_7_5          | rom_1p  | auto | 1       |
|     sdec_dense_bias238_U                                                                               | -    | -    |        | sdec_dense_bias238                   | rom_1p  | auto | 1       |
|  + lane_worker8_7                                                                                      | 2    | 0    |        |                                      |         |      |         |
|    h_enc_V_U                                                                                           | -    | -    |        | h_enc_V                              | ram_t2p | auto | 1       |
|    h_enc_V_4_U                                                                                         | -    | -    |        | h_enc_V_4                            | ram_t2p | auto | 1       |
|    h_enc_V_5_U                                                                                         | -    | -    |        | h_enc_V_5                            | ram_t2p | auto | 1       |
|    h_enc_V_6_U                                                                                         | -    | -    |        | h_enc_V_6                            | ram_t2p | auto | 1       |
|    h_dec_V_U                                                                                           | -    | -    |        | h_dec_V                              | ram_t2p | auto | 1       |
|    h_dec_V_4_U                                                                                         | -    | -    |        | h_dec_V_4                            | ram_t2p | auto | 1       |
|    h_dec_V_5_U                                                                                         | -    | -    |        | h_dec_V_5                            | ram_t2p | auto | 1       |
|    h_dec_V_6_U                                                                                         | -    | -    |        | h_dec_V_6                            | ram_t2p | auto | 1       |
|    h_next_V_U                                                                                          | -    | -    |        | h_next_V                             | ram_s2p | auto | 1       |
|    h_next_V_2_U                                                                                        | -    | -    |        | h_next_V_2                           | ram_s2p | auto | 1       |
|    tpsf_in_V_U                                                                                         | 1    | -    |        | tpsf_in_V                            | ram_1p  | auto | 1       |
|    sfd_out_V_U                                                                                         | 1    | -    |        | sfd_out_V                            | ram_1p  | auto | 1       |
|   + gru_cell_step (grp_gru_cell_step_fu_2302)                                                          | 0    | 0    |        |                                      |         |      |         |
|     z_V_U                                                                                              | -    | -    |        | z_V                                  | ram_1p  | auto | 1       |
|     r_V_U                                                                                              | -    | -    |        | r_V                                  | ram_s2p | auto | 1       |
|    + gru_cell_step_Pipeline_VITIS_LOOP_69_1 (grp_gru_cell_step_Pipeline_VITIS_LOOP_69_1_fu_917)        | 0    | 0    |        |                                      |         |      |         |
|      p_ZL26sencgru_recurrent_kernel_z_0_0_U                                                            | -    | -    |        | p_ZL26sencgru_recurrent_kernel_z_0_0 | rom_1p  | auto | 1       |
|      p_ZL26sencgru_recurrent_kernel_r_0_0_U                                                            | -    | -    |        | p_ZL26sencgru_recurrent_kernel_r_0_0 | rom_1p  | auto | 1       |
|      p_ZL26sencgru_recurrent_kernel_z_1_0_U                                                            | -    | -    |        | p_ZL26sencgru_recurrent_kernel_z_1_0 | rom_1p  | auto | 1       |
|      p_ZL26sencgru_recurrent_kernel_r_1_0_U                                                            | -    | -    |        | p_ZL26sencgru_recurrent_kernel_r_1_0 | rom_1p  | auto | 1       |
|      p_ZL26sencgru_recurrent_kernel_z_2_0_U                                                            | -    | -    |        | p_ZL26sencgru_recurrent_kernel_z_2_0 | rom_1p  | auto | 1       |
|      p_ZL26sencgru_recurrent_kernel_r_2_0_U                                                            | -    | -    |        | p_ZL26sencgru_recurrent_kernel_r_2_0 | rom_1p  | auto | 1       |
|      p_ZL26sencgru_recurrent_kernel_z_3_0_U                                                            | -    | -    |        | p_ZL26sencgru_recurrent_kernel_z_3_0 | rom_1p  | auto | 1       |
|      p_ZL26sencgru_recurrent_kernel_r_3_0_U                                                            | -    | -    |        | p_ZL26sencgru_recurrent_kernel_r_3_0 | rom_1p  | auto | 1       |
|      p_ZL26sencgru_recurrent_kernel_z_4_0_U                                                            | -    | -    |        | p_ZL26sencgru_recurrent_kernel_z_4_0 | rom_1p  | auto | 1       |
|      p_ZL26sencgru_recurrent_kernel_r_4_0_U                                                            | -    | -    |        | p_ZL26sencgru_recurrent_kernel_r_4_0 | rom_1p  | auto | 1       |
|      p_ZL26sencgru_recurrent_kernel_z_5_0_U                                                            | -    | -    |        | p_ZL26sencgru_recurrent_kernel_z_5_0 | rom_1p  | auto | 1       |
|      p_ZL26sencgru_recurrent_kernel_r_5_0_U                                                            | -    | -    |        | p_ZL26sencgru_recurrent_kernel_r_5_0 | rom_1p  | auto | 1       |
|      p_ZL26sencgru_recurrent_kernel_z_6_0_U                                                            | -    | -    |        | p_ZL26sencgru_recurrent_kernel_z_6_0 | rom_1p  | auto | 1       |
|      p_ZL26sencgru_recurrent_kernel_r_6_0_U                                                            | -    | -    |        | p_ZL26sencgru_recurrent_kernel_r_6_0 | rom_1p  | auto | 1       |
|      p_ZL26sencgru_recurrent_kernel_z_7_0_U                                                            | -    | -    |        | p_ZL26sencgru_recurrent_kernel_z_7_0 | rom_1p  | auto | 1       |
|      p_ZL26sencgru_recurrent_kernel_r_7_0_U                                                            | -    | -    |        | p_ZL26sencgru_recurrent_kernel_r_7_0 | rom_1p  | auto | 1       |
|      p_ZL26sencgru_recurrent_kernel_z_0_1_U                                                            | -    | -    |        | p_ZL26sencgru_recurrent_kernel_z_0_1 | rom_1p  | auto | 1       |
|      p_ZL26sencgru_recurrent_kernel_r_0_1_U                                                            | -    | -    |        | p_ZL26sencgru_recurrent_kernel_r_0_1 | rom_1p  | auto | 1       |
|      p_ZL26sencgru_recurrent_kernel_z_1_1_U                                                            | -    | -    |        | p_ZL26sencgru_recurrent_kernel_z_1_1 | rom_1p  | auto | 1       |
|      p_ZL26sencgru_recurrent_kernel_r_1_1_U                                                            | -    | -    |        | p_ZL26sencgru_recurrent_kernel_r_1_1 | rom_1p  | auto | 1       |
|      p_ZL26sencgru_recurrent_kernel_z_2_1_U                                                            | -    | -    |        | p_ZL26sencgru_recurrent_kernel_z_2_1 | rom_1p  | auto | 1       |
|      p_ZL26sencgru_recurrent_kernel_r_2_1_U                                                            | -    | -    |        | p_ZL26sencgru_recurrent_kernel_r_2_1 | rom_1p  | auto | 1       |
|      p_ZL26sencgru_recurrent_kernel_z_3_1_U                                                            | -    | -    |        | p_ZL26sencgru_recurrent_kernel_z_3_1 | rom_1p  | auto | 1       |
|      p_ZL26sencgru_recurrent_kernel_r_3_1_U                                                            | -    | -    |        | p_ZL26sencgru_recurrent_kernel_r_3_1 | rom_1p  | auto | 1       |
|      p_ZL26sencgru_recurrent_kernel_z_4_1_U                                                            | -    | -    |        | p_ZL26sencgru_recurrent_kernel_z_4_1 | rom_1p  | auto | 1       |
|      p_ZL26sencgru_recurrent_kernel_r_4_1_U                                                            | -    | -    |        | p_ZL26sencgru_recurrent_kernel_r_4_1 | rom_1p  | auto | 1       |
|      p_ZL26sencgru_recurrent_kernel_z_5_1_U                                                            | -    | -    |        | p_ZL26sencgru_recurrent_kernel_z_5_1 | rom_1p  | auto | 1       |
|      p_ZL26sencgru_recurrent_kernel_r_5_1_U                                                            | -    | -    |        | p_ZL26sencgru_recurrent_kernel_r_5_1 | rom_1p  | auto | 1       |
|      p_ZL26sencgru_recurrent_kernel_z_6_1_U                                                            | -    | -    |        | p_ZL26sencgru_recurrent_kernel_z_6_1 | rom_1p  | auto | 1       |
|      p_ZL26sencgru_recurrent_kernel_r_6_1_U                                                            | -    | -    |        | p_ZL26sencgru_recurrent_kernel_r_6_1 | rom_1p  | auto | 1       |
|      p_ZL26sencgru_recurrent_kernel_z_7_1_U                                                            | -    | -    |        | p_ZL26sencgru_recurrent_kernel_z_7_1 | rom_1p  | auto | 1       |
|      p_ZL26sencgru_recurrent_kernel_r_7_1_U                                                            | -    | -    |        | p_ZL26sencgru_recurrent_kernel_r_7_1 | rom_1p  | auto | 1       |
|      p_ZL26sencgru_recurrent_kernel_z_0_2_U                                                            | -    | -    |        | p_ZL26sencgru_recurrent_kernel_z_0_2 | rom_1p  | auto | 1       |
|      p_ZL26sencgru_recurrent_kernel_r_0_2_U                                                            | -    | -    |        | p_ZL26sencgru_recurrent_kernel_r_0_2 | rom_1p  | auto | 1       |
|      p_ZL26sencgru_recurrent_kernel_z_1_2_U                                                            | -    | -    |        | p_ZL26sencgru_recurrent_kernel_z_1_2 | rom_1p  | auto | 1       |
|      p_ZL26sencgru_recurrent_kernel_r_1_2_U                                                            | -    | -    |        | p_ZL26sencgru_recurrent_kernel_r_1_2 | rom_1p  | auto | 1       |
|      p_ZL26sencgru_recurrent_kernel_z_2_2_U                                                            | -    | -    |        | p_ZL26sencgru_recurrent_kernel_z_2_2 | rom_1p  | auto | 1       |
|      p_ZL26sencgru_recurrent_kernel_r_2_2_U                                                            | -    | -    |        | p_ZL26sencgru_recurrent_kernel_r_2_2 | rom_1p  | auto | 1       |
|      p_ZL26sencgru_recurrent_kernel_z_3_2_U                                                            | -    | -    |        | p_ZL26sencgru_recurrent_kernel_z_3_2 | rom_1p  | auto | 1       |
|      p_ZL26sencgru_recurrent_kernel_r_3_2_U                                                            | -    | -    |        | p_ZL26sencgru_recurrent_kernel_r_3_2 | rom_1p  | auto | 1       |
|      p_ZL26sencgru_recurrent_kernel_z_4_2_U                                                            | -    | -    |        | p_ZL26sencgru_recurrent_kernel_z_4_2 | rom_1p  | auto | 1       |
|      p_ZL26sencgru_recurrent_kernel_r_4_2_U                                                            | -    | -    |        | p_ZL26sencgru_recurrent_kernel_r_4_2 | rom_1p  | auto | 1       |
|      p_ZL26sencgru_recurrent_kernel_z_5_2_U                                                            | -    | -    |        | p_ZL26sencgru_recurrent_kernel_z_5_2 | rom_1p  | auto | 1       |
|      p_ZL26sencgru_recurrent_kernel_r_5_2_U                                                            | -    | -    |        | p_ZL26sencgru_recurrent_kernel_r_5_2 | rom_1p  | auto | 1       |
|      p_ZL26sencgru_recurrent_kernel_z_6_2_U                                                            | -    | -    |        | p_ZL26sencgru_recurrent_kernel_z_6_2 | rom_1p  | auto | 1       |
|      p_ZL26sencgru_recurrent_kernel_r_6_2_U                                                            | -    | -    |        | p_ZL26sencgru_recurrent_kernel_r_6_2 | rom_1p  | auto | 1       |
|      p_ZL26sencgru_recurrent_kernel_z_7_2_U                                                            | -    | -    |        | p_ZL26sencgru_recurrent_kernel_z_7_2 | rom_1p  | auto | 1       |
|      p_ZL26sencgru_recurrent_kernel_r_7_2_U                                                            | -    | -    |        | p_ZL26sencgru_recurrent_kernel_r_7_2 | rom_1p  | auto | 1       |
|      p_ZL26sencgru_recurrent_kernel_z_0_3_U                                                            | -    | -    |        | p_ZL26sencgru_recurrent_kernel_z_0_3 | rom_1p  | auto | 1       |
|      p_ZL26sencgru_recurrent_kernel_r_0_3_U                                                            | -    | -    |        | p_ZL26sencgru_recurrent_kernel_r_0_3 | rom_1p  | auto | 1       |
|      p_ZL26sencgru_recurrent_kernel_z_1_3_U                                                            | -    | -    |        | p_ZL26sencgru_recurrent_kernel_z_1_3 | rom_1p  | auto | 1       |
|      p_ZL26sencgru_recurrent_kernel_r_1_3_U                                                            | -    | -    |        | p_ZL26sencgru_recurrent_kernel_r_1_3 | rom_1p  | auto | 1       |
|      p_ZL26sencgru_recurrent_kernel_z_2_3_U                                                            | -    | -    |        | p_ZL26sencgru_recurrent_kernel_z_2_3 | rom_1p  | auto | 1       |
|      p_ZL26sencgru_recurrent_kernel_r_2_3_U                                                            | -    | -    |        | p_ZL26sencgru_recurrent_kernel_r_2_3 | rom_1p  | auto | 1       |
|      p_ZL26sencgru_recurrent_kernel_z_3_3_U                                                            | -    | -    |        | p_ZL26sencgru_recurrent_kernel_z_3_3 | rom_1p  | auto | 1       |
|      p_ZL26sencgru_recurrent_kernel_r_3_3_U                                                            | -    | -    |        | p_ZL26sencgru_recurrent_kernel_r_3_3 | rom_1p  | auto | 1       |
|      p_ZL26sencgru_recurrent_kernel_z_4_3_U                                                            | -    | -    |        | p_ZL26sencgru_recurrent_kernel_z_4_3 | rom_1p  | auto | 1       |
|      p_ZL26sencgru_recurrent_kernel_r_4_3_U                                                            | -    | -    |        | p_ZL26sencgru_recurrent_kernel_r_4_3 | rom_1p  | auto | 1       |
|      p_ZL26sencgru_recurrent_kernel_z_5_3_U                                                            | -    | -    |        | p_ZL26sencgru_recurrent_kernel_z_5_3 | rom_1p  | auto | 1       |
|      p_ZL26sencgru_recurrent_kernel_r_5_3_U                                                            | -    | -    |        | p_ZL26sencgru_recurrent_kernel_r_5_3 | rom_1p  | auto | 1       |
|      p_ZL26sencgru_recurrent_kernel_z_6_3_U                                                            | -    | -    |        | p_ZL26sencgru_recurrent_kernel_z_6_3 | rom_1p  | auto | 1       |
|      p_ZL26sencgru_recurrent_kernel_r_6_3_U                                                            | -    | -    |        | p_ZL26sencgru_recurrent_kernel_r_6_3 | rom_1p  | auto | 1       |
|      p_ZL26sencgru_recurrent_kernel_z_7_3_U                                                            | -    | -    |        | p_ZL26sencgru_recurrent_kernel_z_7_3 | rom_1p  | auto | 1       |
|      p_ZL26sencgru_recurrent_kernel_r_7_3_U                                                            | -    | -    |        | p_ZL26sencgru_recurrent_kernel_r_7_3 | rom_1p  | auto | 1       |
|      sencgru_bias_z_U                                                                                  | -    | -    |        | sencgru_bias_z                       | rom_1p  | auto | 1       |
|      sencgru_bias_r_U                                                                                  | -    | -    |        | sencgru_bias_r                       | rom_1p  | auto | 1       |
|    + gru_cell_step_Pipeline_VITIS_LOOP_120_5 (grp_gru_cell_step_Pipeline_VITIS_LOOP_120_5_fu_1107)     | 0    | 0    |        |                                      |         |      |         |
|      p_ZL26sencgru_recurrent_kernel_h_0_0_U                                                            | -    | -    |        | p_ZL26sencgru_recurrent_kernel_h_0_0 | rom_1p  | auto | 1       |
|      p_ZL26sencgru_recurrent_kernel_h_1_0_U                                                            | -    | -    |        | p_ZL26sencgru_recurrent_kernel_h_1_0 | rom_1p  | auto | 1       |
|      p_ZL26sencgru_recurrent_kernel_h_2_0_U                                                            | -    | -    |        | p_ZL26sencgru_recurrent_kernel_h_2_0 | rom_1p  | auto | 1       |
|      p_ZL26sencgru_recurrent_kernel_h_3_0_U                                                            | -    | -    |        | p_ZL26sencgru_recurrent_kernel_h_3_0 | rom_1p  | auto | 1       |
|      p_ZL26sencgru_recurrent_kernel_h_4_0_U                                                            | -    | -    |        | p_ZL26sencgru_recurrent_kernel_h_4_0 | rom_1p  | auto | 1       |
|      p_ZL26sencgru_recurrent_kernel_h_5_0_U                                                            | -    | -    |        | p_ZL26sencgru_recurrent_kernel_h_5_0 | rom_1p  | auto | 1       |
|      p_ZL26sencgru_recurrent_kernel_h_6_0_U                                                            | -    | -    |        | p_ZL26sencgru_recurrent_kernel_h_6_0 | rom_1p  | auto | 1       |
|      p_ZL26sencgru_recurrent_kernel_h_7_0_U                                                            | -    | -    |        | p_ZL26sencgru_recurrent_kernel_h_7_0 | rom_1p  | auto | 1       |
|      p_ZL26sencgru_recurrent_kernel_h_0_1_U                                                            | -    | -    |        | p_ZL26sencgru_recurrent_kernel_h_0_1 | rom_1p  | auto | 1       |
|      p_ZL26sencgru_recurrent_kernel_h_1_1_U                                                            | -    | -    |        | p_ZL26sencgru_recurrent_kernel_h_1_1 | rom_1p  | auto | 1       |
|      p_ZL26sencgru_recurrent_kernel_h_2_1_U                                                            | -    | -    |        | p_ZL26sencgru_recurrent_kernel_h_2_1 | rom_1p  | auto | 1       |
|      p_ZL26sencgru_recurrent_kernel_h_3_1_U                                                            | -    | -    |        | p_ZL26sencgru_recurrent_kernel_h_3_1 | rom_1p  | auto | 1       |
|      p_ZL26sencgru_recurrent_kernel_h_4_1_U                                                            | -    | -    |        | p_ZL26sencgru_recurrent_kernel_h_4_1 | rom_1p  | auto | 1       |
|      p_ZL26sencgru_recurrent_kernel_h_5_1_U                                                            | -    | -    |        | p_ZL26sencgru_recurrent_kernel_h_5_1 | rom_1p  | auto | 1       |
|      p_ZL26sencgru_recurrent_kernel_h_6_1_U                                                            | -    | -    |        | p_ZL26sencgru_recurrent_kernel_h_6_1 | rom_1p  | auto | 1       |
|      p_ZL26sencgru_recurrent_kernel_h_7_1_U                                                            | -    | -    |        | p_ZL26sencgru_recurrent_kernel_h_7_1 | rom_1p  | auto | 1       |
|      p_ZL26sencgru_recurrent_kernel_h_0_2_U                                                            | -    | -    |        | p_ZL26sencgru_recurrent_kernel_h_0_2 | rom_1p  | auto | 1       |
|      p_ZL26sencgru_recurrent_kernel_h_1_2_U                                                            | -    | -    |        | p_ZL26sencgru_recurrent_kernel_h_1_2 | rom_1p  | auto | 1       |
|      p_ZL26sencgru_recurrent_kernel_h_2_2_U                                                            | -    | -    |        | p_ZL26sencgru_recurrent_kernel_h_2_2 | rom_1p  | auto | 1       |
|      p_ZL26sencgru_recurrent_kernel_h_3_2_U                                                            | -    | -    |        | p_ZL26sencgru_recurrent_kernel_h_3_2 | rom_1p  | auto | 1       |
|      p_ZL26sencgru_recurrent_kernel_h_4_2_U                                                            | -    | -    |        | p_ZL26sencgru_recurrent_kernel_h_4_2 | rom_1p  | auto | 1       |
|      p_ZL26sencgru_recurrent_kernel_h_5_2_U                                                            | -    | -    |        | p_ZL26sencgru_recurrent_kernel_h_5_2 | rom_1p  | auto | 1       |
|      p_ZL26sencgru_recurrent_kernel_h_6_2_U                                                            | -    | -    |        | p_ZL26sencgru_recurrent_kernel_h_6_2 | rom_1p  | auto | 1       |
|      p_ZL26sencgru_recurrent_kernel_h_7_2_U                                                            | -    | -    |        | p_ZL26sencgru_recurrent_kernel_h_7_2 | rom_1p  | auto | 1       |
|      p_ZL26sencgru_recurrent_kernel_h_0_3_U                                                            | -    | -    |        | p_ZL26sencgru_recurrent_kernel_h_0_3 | rom_1p  | auto | 1       |
|      p_ZL26sencgru_recurrent_kernel_h_1_3_U                                                            | -    | -    |        | p_ZL26sencgru_recurrent_kernel_h_1_3 | rom_1p  | auto | 1       |
|      p_ZL26sencgru_recurrent_kernel_h_2_3_U                                                            | -    | -    |        | p_ZL26sencgru_recurrent_kernel_h_2_3 | rom_1p  | auto | 1       |
|      p_ZL26sencgru_recurrent_kernel_h_3_3_U                                                            | -    | -    |        | p_ZL26sencgru_recurrent_kernel_h_3_3 | rom_1p  | auto | 1       |
|      p_ZL26sencgru_recurrent_kernel_h_4_3_U                                                            | -    | -    |        | p_ZL26sencgru_recurrent_kernel_h_4_3 | rom_1p  | auto | 1       |
|      p_ZL26sencgru_recurrent_kernel_h_5_3_U                                                            | -    | -    |        | p_ZL26sencgru_recurrent_kernel_h_5_3 | rom_1p  | auto | 1       |
|      p_ZL26sencgru_recurrent_kernel_h_6_3_U                                                            | -    | -    |        | p_ZL26sencgru_recurrent_kernel_h_6_3 | rom_1p  | auto | 1       |
|      p_ZL26sencgru_recurrent_kernel_h_7_3_U                                                            | -    | -    |        | p_ZL26sencgru_recurrent_kernel_h_7_3 | rom_1p  | auto | 1       |
|      sencgru_bias_h_U                                                                                  | -    | -    |        | sencgru_bias_h                       | rom_1p  | auto | 1       |
|   + gru_cell_step_1 (grp_gru_cell_step_1_fu_2511)                                                      | 0    | 0    |        |                                      |         |      |         |
|     z_V_U                                                                                              | -    | -    |        | z_V                                  | ram_1p  | auto | 1       |
|     r_V_U                                                                                              | -    | -    |        | r_V                                  | ram_s2p | auto | 1       |
|    + gru_cell_step_1_Pipeline_VITIS_LOOP_69_1 (grp_gru_cell_step_1_Pipeline_VITIS_LOOP_69_1_fu_903)    | 0    | 0    |        |                                      |         |      |         |
|      p_ZL26sdecgru_recurrent_kernel_z_0_0_U                                                            | -    | -    |        | p_ZL26sdecgru_recurrent_kernel_z_0_0 | rom_1p  | auto | 1       |
|      p_ZL26sdecgru_recurrent_kernel_r_0_0_U                                                            | -    | -    |        | p_ZL26sdecgru_recurrent_kernel_r_0_0 | rom_1p  | auto | 1       |
|      p_ZL26sdecgru_recurrent_kernel_z_1_0_U                                                            | -    | -    |        | p_ZL26sdecgru_recurrent_kernel_z_1_0 | rom_1p  | auto | 1       |
|      p_ZL26sdecgru_recurrent_kernel_r_1_0_U                                                            | -    | -    |        | p_ZL26sdecgru_recurrent_kernel_r_1_0 | rom_1p  | auto | 1       |
|      p_ZL26sdecgru_recurrent_kernel_z_2_0_U                                                            | -    | -    |        | p_ZL26sdecgru_recurrent_kernel_z_2_0 | rom_1p  | auto | 1       |
|      p_ZL26sdecgru_recurrent_kernel_r_2_0_U                                                            | -    | -    |        | p_ZL26sdecgru_recurrent_kernel_r_2_0 | rom_1p  | auto | 1       |
|      p_ZL26sdecgru_recurrent_kernel_z_3_0_U                                                            | -    | -    |        | p_ZL26sdecgru_recurrent_kernel_z_3_0 | rom_1p  | auto | 1       |
|      p_ZL26sdecgru_recurrent_kernel_r_3_0_U                                                            | -    | -    |        | p_ZL26sdecgru_recurrent_kernel_r_3_0 | rom_1p  | auto | 1       |
|      p_ZL26sdecgru_recurrent_kernel_z_4_0_U                                                            | -    | -    |        | p_ZL26sdecgru_recurrent_kernel_z_4_0 | rom_1p  | auto | 1       |
|      p_ZL26sdecgru_recurrent_kernel_r_4_0_U                                                            | -    | -    |        | p_ZL26sdecgru_recurrent_kernel_r_4_0 | rom_1p  | auto | 1       |
|      p_ZL26sdecgru_recurrent_kernel_z_5_0_U                                                            | -    | -    |        | p_ZL26sdecgru_recurrent_kernel_z_5_0 | rom_1p  | auto | 1       |
|      p_ZL26sdecgru_recurrent_kernel_r_5_0_U                                                            | -    | -    |        | p_ZL26sdecgru_recurrent_kernel_r_5_0 | rom_1p  | auto | 1       |
|      p_ZL26sdecgru_recurrent_kernel_z_6_0_U                                                            | -    | -    |        | p_ZL26sdecgru_recurrent_kernel_z_6_0 | rom_1p  | auto | 1       |
|      p_ZL26sdecgru_recurrent_kernel_r_6_0_U                                                            | -    | -    |        | p_ZL26sdecgru_recurrent_kernel_r_6_0 | rom_1p  | auto | 1       |
|      p_ZL26sdecgru_recurrent_kernel_z_7_0_U                                                            | -    | -    |        | p_ZL26sdecgru_recurrent_kernel_z_7_0 | rom_1p  | auto | 1       |
|      p_ZL26sdecgru_recurrent_kernel_r_7_0_U                                                            | -    | -    |        | p_ZL26sdecgru_recurrent_kernel_r_7_0 | rom_1p  | auto | 1       |
|      p_ZL26sdecgru_recurrent_kernel_z_0_1_U                                                            | -    | -    |        | p_ZL26sdecgru_recurrent_kernel_z_0_1 | rom_1p  | auto | 1       |
|      p_ZL26sdecgru_recurrent_kernel_r_0_1_U                                                            | -    | -    |        | p_ZL26sdecgru_recurrent_kernel_r_0_1 | rom_1p  | auto | 1       |
|      p_ZL26sdecgru_recurrent_kernel_z_1_1_U                                                            | -    | -    |        | p_ZL26sdecgru_recurrent_kernel_z_1_1 | rom_1p  | auto | 1       |
|      p_ZL26sdecgru_recurrent_kernel_r_1_1_U                                                            | -    | -    |        | p_ZL26sdecgru_recurrent_kernel_r_1_1 | rom_1p  | auto | 1       |
|      p_ZL26sdecgru_recurrent_kernel_z_2_1_U                                                            | -    | -    |        | p_ZL26sdecgru_recurrent_kernel_z_2_1 | rom_1p  | auto | 1       |
|      p_ZL26sdecgru_recurrent_kernel_r_2_1_U                                                            | -    | -    |        | p_ZL26sdecgru_recurrent_kernel_r_2_1 | rom_1p  | auto | 1       |
|      p_ZL26sdecgru_recurrent_kernel_z_3_1_U                                                            | -    | -    |        | p_ZL26sdecgru_recurrent_kernel_z_3_1 | rom_1p  | auto | 1       |
|      p_ZL26sdecgru_recurrent_kernel_r_3_1_U                                                            | -    | -    |        | p_ZL26sdecgru_recurrent_kernel_r_3_1 | rom_1p  | auto | 1       |
|      p_ZL26sdecgru_recurrent_kernel_z_4_1_U                                                            | -    | -    |        | p_ZL26sdecgru_recurrent_kernel_z_4_1 | rom_1p  | auto | 1       |
|      p_ZL26sdecgru_recurrent_kernel_r_4_1_U                                                            | -    | -    |        | p_ZL26sdecgru_recurrent_kernel_r_4_1 | rom_1p  | auto | 1       |
|      p_ZL26sdecgru_recurrent_kernel_z_5_1_U                                                            | -    | -    |        | p_ZL26sdecgru_recurrent_kernel_z_5_1 | rom_1p  | auto | 1       |
|      p_ZL26sdecgru_recurrent_kernel_r_5_1_U                                                            | -    | -    |        | p_ZL26sdecgru_recurrent_kernel_r_5_1 | rom_1p  | auto | 1       |
|      p_ZL26sdecgru_recurrent_kernel_z_6_1_U                                                            | -    | -    |        | p_ZL26sdecgru_recurrent_kernel_z_6_1 | rom_1p  | auto | 1       |
|      p_ZL26sdecgru_recurrent_kernel_r_6_1_U                                                            | -    | -    |        | p_ZL26sdecgru_recurrent_kernel_r_6_1 | rom_1p  | auto | 1       |
|      p_ZL26sdecgru_recurrent_kernel_z_7_1_U                                                            | -    | -    |        | p_ZL26sdecgru_recurrent_kernel_z_7_1 | rom_1p  | auto | 1       |
|      p_ZL26sdecgru_recurrent_kernel_r_7_1_U                                                            | -    | -    |        | p_ZL26sdecgru_recurrent_kernel_r_7_1 | rom_1p  | auto | 1       |
|      p_ZL26sdecgru_recurrent_kernel_z_0_2_U                                                            | -    | -    |        | p_ZL26sdecgru_recurrent_kernel_z_0_2 | rom_1p  | auto | 1       |
|      p_ZL26sdecgru_recurrent_kernel_r_0_2_U                                                            | -    | -    |        | p_ZL26sdecgru_recurrent_kernel_r_0_2 | rom_1p  | auto | 1       |
|      p_ZL26sdecgru_recurrent_kernel_z_1_2_U                                                            | -    | -    |        | p_ZL26sdecgru_recurrent_kernel_z_1_2 | rom_1p  | auto | 1       |
|      p_ZL26sdecgru_recurrent_kernel_r_1_2_U                                                            | -    | -    |        | p_ZL26sdecgru_recurrent_kernel_r_1_2 | rom_1p  | auto | 1       |
|      p_ZL26sdecgru_recurrent_kernel_z_2_2_U                                                            | -    | -    |        | p_ZL26sdecgru_recurrent_kernel_z_2_2 | rom_1p  | auto | 1       |
|      p_ZL26sdecgru_recurrent_kernel_r_2_2_U                                                            | -    | -    |        | p_ZL26sdecgru_recurrent_kernel_r_2_2 | rom_1p  | auto | 1       |
|      p_ZL26sdecgru_recurrent_kernel_z_3_2_U                                                            | -    | -    |        | p_ZL26sdecgru_recurrent_kernel_z_3_2 | rom_1p  | auto | 1       |
|      p_ZL26sdecgru_recurrent_kernel_r_3_2_U                                                            | -    | -    |        | p_ZL26sdecgru_recurrent_kernel_r_3_2 | rom_1p  | auto | 1       |
|      p_ZL26sdecgru_recurrent_kernel_z_4_2_U                                                            | -    | -    |        | p_ZL26sdecgru_recurrent_kernel_z_4_2 | rom_1p  | auto | 1       |
|      p_ZL26sdecgru_recurrent_kernel_r_4_2_U                                                            | -    | -    |        | p_ZL26sdecgru_recurrent_kernel_r_4_2 | rom_1p  | auto | 1       |
|      p_ZL26sdecgru_recurrent_kernel_z_5_2_U                                                            | -    | -    |        | p_ZL26sdecgru_recurrent_kernel_z_5_2 | rom_1p  | auto | 1       |
|      p_ZL26sdecgru_recurrent_kernel_r_5_2_U                                                            | -    | -    |        | p_ZL26sdecgru_recurrent_kernel_r_5_2 | rom_1p  | auto | 1       |
|      p_ZL26sdecgru_recurrent_kernel_z_6_2_U                                                            | -    | -    |        | p_ZL26sdecgru_recurrent_kernel_z_6_2 | rom_1p  | auto | 1       |
|      p_ZL26sdecgru_recurrent_kernel_r_6_2_U                                                            | -    | -    |        | p_ZL26sdecgru_recurrent_kernel_r_6_2 | rom_1p  | auto | 1       |
|      p_ZL26sdecgru_recurrent_kernel_z_7_2_U                                                            | -    | -    |        | p_ZL26sdecgru_recurrent_kernel_z_7_2 | rom_1p  | auto | 1       |
|      p_ZL26sdecgru_recurrent_kernel_r_7_2_U                                                            | -    | -    |        | p_ZL26sdecgru_recurrent_kernel_r_7_2 | rom_1p  | auto | 1       |
|      p_ZL26sdecgru_recurrent_kernel_z_0_3_U                                                            | -    | -    |        | p_ZL26sdecgru_recurrent_kernel_z_0_3 | rom_1p  | auto | 1       |
|      p_ZL26sdecgru_recurrent_kernel_r_0_3_U                                                            | -    | -    |        | p_ZL26sdecgru_recurrent_kernel_r_0_3 | rom_1p  | auto | 1       |
|      p_ZL26sdecgru_recurrent_kernel_z_1_3_U                                                            | -    | -    |        | p_ZL26sdecgru_recurrent_kernel_z_1_3 | rom_1p  | auto | 1       |
|      p_ZL26sdecgru_recurrent_kernel_r_1_3_U                                                            | -    | -    |        | p_ZL26sdecgru_recurrent_kernel_r_1_3 | rom_1p  | auto | 1       |
|      p_ZL26sdecgru_recurrent_kernel_z_2_3_U                                                            | -    | -    |        | p_ZL26sdecgru_recurrent_kernel_z_2_3 | rom_1p  | auto | 1       |
|      p_ZL26sdecgru_recurrent_kernel_r_2_3_U                                                            | -    | -    |        | p_ZL26sdecgru_recurrent_kernel_r_2_3 | rom_1p  | auto | 1       |
|      p_ZL26sdecgru_recurrent_kernel_z_3_3_U                                                            | -    | -    |        | p_ZL26sdecgru_recurrent_kernel_z_3_3 | rom_1p  | auto | 1       |
|      p_ZL26sdecgru_recurrent_kernel_r_3_3_U                                                            | -    | -    |        | p_ZL26sdecgru_recurrent_kernel_r_3_3 | rom_1p  | auto | 1       |
|      p_ZL26sdecgru_recurrent_kernel_z_4_3_U                                                            | -    | -    |        | p_ZL26sdecgru_recurrent_kernel_z_4_3 | rom_1p  | auto | 1       |
|      p_ZL26sdecgru_recurrent_kernel_r_4_3_U                                                            | -    | -    |        | p_ZL26sdecgru_recurrent_kernel_r_4_3 | rom_1p  | auto | 1       |
|      p_ZL26sdecgru_recurrent_kernel_z_5_3_U                                                            | -    | -    |        | p_ZL26sdecgru_recurrent_kernel_z_5_3 | rom_1p  | auto | 1       |
|      p_ZL26sdecgru_recurrent_kernel_r_5_3_U                                                            | -    | -    |        | p_ZL26sdecgru_recurrent_kernel_r_5_3 | rom_1p  | auto | 1       |
|      p_ZL26sdecgru_recurrent_kernel_z_6_3_U                                                            | -    | -    |        | p_ZL26sdecgru_recurrent_kernel_z_6_3 | rom_1p  | auto | 1       |
|      p_ZL26sdecgru_recurrent_kernel_r_6_3_U                                                            | -    | -    |        | p_ZL26sdecgru_recurrent_kernel_r_6_3 | rom_1p  | auto | 1       |
|      p_ZL26sdecgru_recurrent_kernel_z_7_3_U                                                            | -    | -    |        | p_ZL26sdecgru_recurrent_kernel_z_7_3 | rom_1p  | auto | 1       |
|      p_ZL26sdecgru_recurrent_kernel_r_7_3_U                                                            | -    | -    |        | p_ZL26sdecgru_recurrent_kernel_r_7_3 | rom_1p  | auto | 1       |
|      sdecgru_bias_z_U                                                                                  | -    | -    |        | sdecgru_bias_z                       | rom_1p  | auto | 1       |
|      sdecgru_bias_r_U                                                                                  | -    | -    |        | sdecgru_bias_r                       | rom_1p  | auto | 1       |
|    + gru_cell_step_1_Pipeline_VITIS_LOOP_120_5 (grp_gru_cell_step_1_Pipeline_VITIS_LOOP_120_5_fu_1089) | 0    | 0    |        |                                      |         |      |         |
|      p_ZL26sdecgru_recurrent_kernel_h_0_0_U                                                            | -    | -    |        | p_ZL26sdecgru_recurrent_kernel_h_0_0 | rom_1p  | auto | 1       |
|      p_ZL26sdecgru_recurrent_kernel_h_1_0_U                                                            | -    | -    |        | p_ZL26sdecgru_recurrent_kernel_h_1_0 | rom_1p  | auto | 1       |
|      p_ZL26sdecgru_recurrent_kernel_h_2_0_U                                                            | -    | -    |        | p_ZL26sdecgru_recurrent_kernel_h_2_0 | rom_1p  | auto | 1       |
|      p_ZL26sdecgru_recurrent_kernel_h_3_0_U                                                            | -    | -    |        | p_ZL26sdecgru_recurrent_kernel_h_3_0 | rom_1p  | auto | 1       |
|      p_ZL26sdecgru_recurrent_kernel_h_4_0_U                                                            | -    | -    |        | p_ZL26sdecgru_recurrent_kernel_h_4_0 | rom_1p  | auto | 1       |
|      p_ZL26sdecgru_recurrent_kernel_h_5_0_U                                                            | -    | -    |        | p_ZL26sdecgru_recurrent_kernel_h_5_0 | rom_1p  | auto | 1       |
|      p_ZL26sdecgru_recurrent_kernel_h_6_0_U                                                            | -    | -    |        | p_ZL26sdecgru_recurrent_kernel_h_6_0 | rom_1p  | auto | 1       |
|      p_ZL26sdecgru_recurrent_kernel_h_7_0_U                                                            | -    | -    |        | p_ZL26sdecgru_recurrent_kernel_h_7_0 | rom_1p  | auto | 1       |
|      p_ZL26sdecgru_recurrent_kernel_h_0_1_U                                                            | -    | -    |        | p_ZL26sdecgru_recurrent_kernel_h_0_1 | rom_1p  | auto | 1       |
|      p_ZL26sdecgru_recurrent_kernel_h_1_1_U                                                            | -    | -    |        | p_ZL26sdecgru_recurrent_kernel_h_1_1 | rom_1p  | auto | 1       |
|      p_ZL26sdecgru_recurrent_kernel_h_2_1_U                                                            | -    | -    |        | p_ZL26sdecgru_recurrent_kernel_h_2_1 | rom_1p  | auto | 1       |
|      p_ZL26sdecgru_recurrent_kernel_h_3_1_U                                                            | -    | -    |        | p_ZL26sdecgru_recurrent_kernel_h_3_1 | rom_1p  | auto | 1       |
|      p_ZL26sdecgru_recurrent_kernel_h_4_1_U                                                            | -    | -    |        | p_ZL26sdecgru_recurrent_kernel_h_4_1 | rom_1p  | auto | 1       |
|      p_ZL26sdecgru_recurrent_kernel_h_5_1_U                                                            | -    | -    |        | p_ZL26sdecgru_recurrent_kernel_h_5_1 | rom_1p  | auto | 1       |
|      p_ZL26sdecgru_recurrent_kernel_h_6_1_U                                                            | -    | -    |        | p_ZL26sdecgru_recurrent_kernel_h_6_1 | rom_1p  | auto | 1       |
|      p_ZL26sdecgru_recurrent_kernel_h_7_1_U                                                            | -    | -    |        | p_ZL26sdecgru_recurrent_kernel_h_7_1 | rom_1p  | auto | 1       |
|      p_ZL26sdecgru_recurrent_kernel_h_0_2_U                                                            | -    | -    |        | p_ZL26sdecgru_recurrent_kernel_h_0_2 | rom_1p  | auto | 1       |
|      p_ZL26sdecgru_recurrent_kernel_h_1_2_U                                                            | -    | -    |        | p_ZL26sdecgru_recurrent_kernel_h_1_2 | rom_1p  | auto | 1       |
|      p_ZL26sdecgru_recurrent_kernel_h_2_2_U                                                            | -    | -    |        | p_ZL26sdecgru_recurrent_kernel_h_2_2 | rom_1p  | auto | 1       |
|      p_ZL26sdecgru_recurrent_kernel_h_3_2_U                                                            | -    | -    |        | p_ZL26sdecgru_recurrent_kernel_h_3_2 | rom_1p  | auto | 1       |
|      p_ZL26sdecgru_recurrent_kernel_h_4_2_U                                                            | -    | -    |        | p_ZL26sdecgru_recurrent_kernel_h_4_2 | rom_1p  | auto | 1       |
|      p_ZL26sdecgru_recurrent_kernel_h_5_2_U                                                            | -    | -    |        | p_ZL26sdecgru_recurrent_kernel_h_5_2 | rom_1p  | auto | 1       |
|      p_ZL26sdecgru_recurrent_kernel_h_6_2_U                                                            | -    | -    |        | p_ZL26sdecgru_recurrent_kernel_h_6_2 | rom_1p  | auto | 1       |
|      p_ZL26sdecgru_recurrent_kernel_h_7_2_U                                                            | -    | -    |        | p_ZL26sdecgru_recurrent_kernel_h_7_2 | rom_1p  | auto | 1       |
|      p_ZL26sdecgru_recurrent_kernel_h_0_3_U                                                            | -    | -    |        | p_ZL26sdecgru_recurrent_kernel_h_0_3 | rom_1p  | auto | 1       |
|      p_ZL26sdecgru_recurrent_kernel_h_1_3_U                                                            | -    | -    |        | p_ZL26sdecgru_recurrent_kernel_h_1_3 | rom_1p  | auto | 1       |
|      p_ZL26sdecgru_recurrent_kernel_h_2_3_U                                                            | -    | -    |        | p_ZL26sdecgru_recurrent_kernel_h_2_3 | rom_1p  | auto | 1       |
|      p_ZL26sdecgru_recurrent_kernel_h_3_3_U                                                            | -    | -    |        | p_ZL26sdecgru_recurrent_kernel_h_3_3 | rom_1p  | auto | 1       |
|      p_ZL26sdecgru_recurrent_kernel_h_4_3_U                                                            | -    | -    |        | p_ZL26sdecgru_recurrent_kernel_h_4_3 | rom_1p  | auto | 1       |
|      p_ZL26sdecgru_recurrent_kernel_h_5_3_U                                                            | -    | -    |        | p_ZL26sdecgru_recurrent_kernel_h_5_3 | rom_1p  | auto | 1       |
|      p_ZL26sdecgru_recurrent_kernel_h_6_3_U                                                            | -    | -    |        | p_ZL26sdecgru_recurrent_kernel_h_6_3 | rom_1p  | auto | 1       |
|      p_ZL26sdecgru_recurrent_kernel_h_7_3_U                                                            | -    | -    |        | p_ZL26sdecgru_recurrent_kernel_h_7_3 | rom_1p  | auto | 1       |
|      sdecgru_bias_h_U                                                                                  | -    | -    |        | sdecgru_bias_h                       | rom_1p  | auto | 1       |
|   + lane_worker8_7_Pipeline_VITIS_LOOP_238_7                                                           | 0    | 0    |        |                                      |         |      |         |
|     p_ZL17sdec_dense_kernel_0_25_U                                                                     | -    | -    |        | p_ZL17sdec_dense_kernel_0_25         | rom_1p  | auto | 1       |
|     p_ZL17sdec_dense_kernel_1_30_U                                                                     | -    | -    |        | p_ZL17sdec_dense_kernel_1_30         | rom_1p  | auto | 1       |
|     p_ZL17sdec_dense_kernel_2_25_U                                                                     | -    | -    |        | p_ZL17sdec_dense_kernel_2_25         | rom_1p  | auto | 1       |
|     p_ZL17sdec_dense_kernel_3_24_U                                                                     | -    | -    |        | p_ZL17sdec_dense_kernel_3_24         | rom_1p  | auto | 1       |
|     p_ZL17sdec_dense_kernel_4_30_U                                                                     | -    | -    |        | p_ZL17sdec_dense_kernel_4_30         | rom_1p  | auto | 1       |
|     p_ZL17sdec_dense_kernel_5_25_U                                                                     | -    | -    |        | p_ZL17sdec_dense_kernel_5_25         | rom_1p  | auto | 1       |
|     p_ZL17sdec_dense_kernel_6_25_U                                                                     | -    | -    |        | p_ZL17sdec_dense_kernel_6_25         | rom_1p  | auto | 1       |
|     p_ZL17sdec_dense_kernel_7_25_U                                                                     | -    | -    |        | p_ZL17sdec_dense_kernel_7_25         | rom_1p  | auto | 1       |
|     p_ZL17sdec_dense_kernel_0_18_U                                                                     | -    | -    |        | p_ZL17sdec_dense_kernel_0_18         | rom_1p  | auto | 1       |
|     p_ZL17sdec_dense_kernel_1_18_U                                                                     | -    | -    |        | p_ZL17sdec_dense_kernel_1_18         | rom_1p  | auto | 1       |
|     p_ZL17sdec_dense_kernel_2_18_U                                                                     | -    | -    |        | p_ZL17sdec_dense_kernel_2_18         | rom_1p  | auto | 1       |
|     p_ZL17sdec_dense_kernel_3_18_U                                                                     | -    | -    |        | p_ZL17sdec_dense_kernel_3_18         | rom_1p  | auto | 1       |
|     p_ZL17sdec_dense_kernel_4_23_U                                                                     | -    | -    |        | p_ZL17sdec_dense_kernel_4_23         | rom_1p  | auto | 1       |
|     p_ZL17sdec_dense_kernel_5_18_U                                                                     | -    | -    |        | p_ZL17sdec_dense_kernel_5_18         | rom_1p  | auto | 1       |
|     p_ZL17sdec_dense_kernel_6_18_U                                                                     | -    | -    |        | p_ZL17sdec_dense_kernel_6_18         | rom_1p  | auto | 1       |
|     p_ZL17sdec_dense_kernel_7_18_U                                                                     | -    | -    |        | p_ZL17sdec_dense_kernel_7_18         | rom_1p  | auto | 1       |
|     p_ZL17sdec_dense_kernel_0_11_U                                                                     | -    | -    |        | p_ZL17sdec_dense_kernel_0_11         | rom_1p  | auto | 1       |
|     p_ZL17sdec_dense_kernel_1_11_U                                                                     | -    | -    |        | p_ZL17sdec_dense_kernel_1_11         | rom_1p  | auto | 1       |
|     p_ZL17sdec_dense_kernel_2_11_U                                                                     | -    | -    |        | p_ZL17sdec_dense_kernel_2_11         | rom_1p  | auto | 1       |
|     p_ZL17sdec_dense_kernel_3_11_U                                                                     | -    | -    |        | p_ZL17sdec_dense_kernel_3_11         | rom_1p  | auto | 1       |
|     p_ZL17sdec_dense_kernel_4_11_U                                                                     | -    | -    |        | p_ZL17sdec_dense_kernel_4_11         | rom_1p  | auto | 1       |
|     p_ZL17sdec_dense_kernel_5_11_U                                                                     | -    | -    |        | p_ZL17sdec_dense_kernel_5_11         | rom_1p  | auto | 1       |
|     p_ZL17sdec_dense_kernel_6_11_U                                                                     | -    | -    |        | p_ZL17sdec_dense_kernel_6_11         | rom_1p  | auto | 1       |
|     p_ZL17sdec_dense_kernel_7_11_U                                                                     | -    | -    |        | p_ZL17sdec_dense_kernel_7_11         | rom_1p  | auto | 1       |
|     p_ZL17sdec_dense_kernel_0_4_U                                                                      | -    | -    |        | p_ZL17sdec_dense_kernel_0_4          | rom_1p  | auto | 1       |
|     p_ZL17sdec_dense_kernel_1_4_U                                                                      | -    | -    |        | p_ZL17sdec_dense_kernel_1_4          | rom_1p  | auto | 1       |
|     p_ZL17sdec_dense_kernel_2_4_U                                                                      | -    | -    |        | p_ZL17sdec_dense_kernel_2_4          | rom_1p  | auto | 1       |
|     p_ZL17sdec_dense_kernel_3_4_U                                                                      | -    | -    |        | p_ZL17sdec_dense_kernel_3_4          | rom_1p  | auto | 1       |
|     p_ZL17sdec_dense_kernel_4_4_U                                                                      | -    | -    |        | p_ZL17sdec_dense_kernel_4_4          | rom_1p  | auto | 1       |
|     p_ZL17sdec_dense_kernel_5_4_U                                                                      | -    | -    |        | p_ZL17sdec_dense_kernel_5_4          | rom_1p  | auto | 1       |
|     p_ZL17sdec_dense_kernel_6_4_U                                                                      | -    | -    |        | p_ZL17sdec_dense_kernel_6_4          | rom_1p  | auto | 1       |
|     p_ZL17sdec_dense_kernel_7_4_U                                                                      | -    | -    |        | p_ZL17sdec_dense_kernel_7_4          | rom_1p  | auto | 1       |
|     sdec_dense_bias239_U                                                                               | -    | -    |        | sdec_dense_bias239                   | rom_1p  | auto | 1       |
|  + lane_worker8_8                                                                                      | 2    | 0    |        |                                      |         |      |         |
|    h_enc_V_U                                                                                           | -    | -    |        | h_enc_V                              | ram_t2p | auto | 1       |
|    h_enc_V_1_U                                                                                         | -    | -    |        | h_enc_V_1                            | ram_t2p | auto | 1       |
|    h_enc_V_2_U                                                                                         | -    | -    |        | h_enc_V_2                            | ram_t2p | auto | 1       |
|    h_enc_V_3_U                                                                                         | -    | -    |        | h_enc_V_3                            | ram_t2p | auto | 1       |
|    h_dec_V_U                                                                                           | -    | -    |        | h_dec_V                              | ram_t2p | auto | 1       |
|    h_dec_V_1_U                                                                                         | -    | -    |        | h_dec_V_1                            | ram_t2p | auto | 1       |
|    h_dec_V_2_U                                                                                         | -    | -    |        | h_dec_V_2                            | ram_t2p | auto | 1       |
|    h_dec_V_3_U                                                                                         | -    | -    |        | h_dec_V_3                            | ram_t2p | auto | 1       |
|    h_next_V_U                                                                                          | -    | -    |        | h_next_V                             | ram_s2p | auto | 1       |
|    h_next_V_1_U                                                                                        | -    | -    |        | h_next_V_1                           | ram_s2p | auto | 1       |
|    tpsf_in_V_U                                                                                         | 1    | -    |        | tpsf_in_V                            | ram_1p  | auto | 1       |
|    sfd_out_V_U                                                                                         | 1    | -    |        | sfd_out_V                            | ram_1p  | auto | 1       |
|   + gru_cell_step (grp_gru_cell_step_fu_2302)                                                          | 0    | 0    |        |                                      |         |      |         |
|     z_V_U                                                                                              | -    | -    |        | z_V                                  | ram_1p  | auto | 1       |
|     r_V_U                                                                                              | -    | -    |        | r_V                                  | ram_s2p | auto | 1       |
|    + gru_cell_step_Pipeline_VITIS_LOOP_69_1 (grp_gru_cell_step_Pipeline_VITIS_LOOP_69_1_fu_917)        | 0    | 0    |        |                                      |         |      |         |
|      p_ZL26sencgru_recurrent_kernel_z_0_0_U                                                            | -    | -    |        | p_ZL26sencgru_recurrent_kernel_z_0_0 | rom_1p  | auto | 1       |
|      p_ZL26sencgru_recurrent_kernel_r_0_0_U                                                            | -    | -    |        | p_ZL26sencgru_recurrent_kernel_r_0_0 | rom_1p  | auto | 1       |
|      p_ZL26sencgru_recurrent_kernel_z_1_0_U                                                            | -    | -    |        | p_ZL26sencgru_recurrent_kernel_z_1_0 | rom_1p  | auto | 1       |
|      p_ZL26sencgru_recurrent_kernel_r_1_0_U                                                            | -    | -    |        | p_ZL26sencgru_recurrent_kernel_r_1_0 | rom_1p  | auto | 1       |
|      p_ZL26sencgru_recurrent_kernel_z_2_0_U                                                            | -    | -    |        | p_ZL26sencgru_recurrent_kernel_z_2_0 | rom_1p  | auto | 1       |
|      p_ZL26sencgru_recurrent_kernel_r_2_0_U                                                            | -    | -    |        | p_ZL26sencgru_recurrent_kernel_r_2_0 | rom_1p  | auto | 1       |
|      p_ZL26sencgru_recurrent_kernel_z_3_0_U                                                            | -    | -    |        | p_ZL26sencgru_recurrent_kernel_z_3_0 | rom_1p  | auto | 1       |
|      p_ZL26sencgru_recurrent_kernel_r_3_0_U                                                            | -    | -    |        | p_ZL26sencgru_recurrent_kernel_r_3_0 | rom_1p  | auto | 1       |
|      p_ZL26sencgru_recurrent_kernel_z_4_0_U                                                            | -    | -    |        | p_ZL26sencgru_recurrent_kernel_z_4_0 | rom_1p  | auto | 1       |
|      p_ZL26sencgru_recurrent_kernel_r_4_0_U                                                            | -    | -    |        | p_ZL26sencgru_recurrent_kernel_r_4_0 | rom_1p  | auto | 1       |
|      p_ZL26sencgru_recurrent_kernel_z_5_0_U                                                            | -    | -    |        | p_ZL26sencgru_recurrent_kernel_z_5_0 | rom_1p  | auto | 1       |
|      p_ZL26sencgru_recurrent_kernel_r_5_0_U                                                            | -    | -    |        | p_ZL26sencgru_recurrent_kernel_r_5_0 | rom_1p  | auto | 1       |
|      p_ZL26sencgru_recurrent_kernel_z_6_0_U                                                            | -    | -    |        | p_ZL26sencgru_recurrent_kernel_z_6_0 | rom_1p  | auto | 1       |
|      p_ZL26sencgru_recurrent_kernel_r_6_0_U                                                            | -    | -    |        | p_ZL26sencgru_recurrent_kernel_r_6_0 | rom_1p  | auto | 1       |
|      p_ZL26sencgru_recurrent_kernel_z_7_0_U                                                            | -    | -    |        | p_ZL26sencgru_recurrent_kernel_z_7_0 | rom_1p  | auto | 1       |
|      p_ZL26sencgru_recurrent_kernel_r_7_0_U                                                            | -    | -    |        | p_ZL26sencgru_recurrent_kernel_r_7_0 | rom_1p  | auto | 1       |
|      p_ZL26sencgru_recurrent_kernel_z_0_1_U                                                            | -    | -    |        | p_ZL26sencgru_recurrent_kernel_z_0_1 | rom_1p  | auto | 1       |
|      p_ZL26sencgru_recurrent_kernel_r_0_1_U                                                            | -    | -    |        | p_ZL26sencgru_recurrent_kernel_r_0_1 | rom_1p  | auto | 1       |
|      p_ZL26sencgru_recurrent_kernel_z_1_1_U                                                            | -    | -    |        | p_ZL26sencgru_recurrent_kernel_z_1_1 | rom_1p  | auto | 1       |
|      p_ZL26sencgru_recurrent_kernel_r_1_1_U                                                            | -    | -    |        | p_ZL26sencgru_recurrent_kernel_r_1_1 | rom_1p  | auto | 1       |
|      p_ZL26sencgru_recurrent_kernel_z_2_1_U                                                            | -    | -    |        | p_ZL26sencgru_recurrent_kernel_z_2_1 | rom_1p  | auto | 1       |
|      p_ZL26sencgru_recurrent_kernel_r_2_1_U                                                            | -    | -    |        | p_ZL26sencgru_recurrent_kernel_r_2_1 | rom_1p  | auto | 1       |
|      p_ZL26sencgru_recurrent_kernel_z_3_1_U                                                            | -    | -    |        | p_ZL26sencgru_recurrent_kernel_z_3_1 | rom_1p  | auto | 1       |
|      p_ZL26sencgru_recurrent_kernel_r_3_1_U                                                            | -    | -    |        | p_ZL26sencgru_recurrent_kernel_r_3_1 | rom_1p  | auto | 1       |
|      p_ZL26sencgru_recurrent_kernel_z_4_1_U                                                            | -    | -    |        | p_ZL26sencgru_recurrent_kernel_z_4_1 | rom_1p  | auto | 1       |
|      p_ZL26sencgru_recurrent_kernel_r_4_1_U                                                            | -    | -    |        | p_ZL26sencgru_recurrent_kernel_r_4_1 | rom_1p  | auto | 1       |
|      p_ZL26sencgru_recurrent_kernel_z_5_1_U                                                            | -    | -    |        | p_ZL26sencgru_recurrent_kernel_z_5_1 | rom_1p  | auto | 1       |
|      p_ZL26sencgru_recurrent_kernel_r_5_1_U                                                            | -    | -    |        | p_ZL26sencgru_recurrent_kernel_r_5_1 | rom_1p  | auto | 1       |
|      p_ZL26sencgru_recurrent_kernel_z_6_1_U                                                            | -    | -    |        | p_ZL26sencgru_recurrent_kernel_z_6_1 | rom_1p  | auto | 1       |
|      p_ZL26sencgru_recurrent_kernel_r_6_1_U                                                            | -    | -    |        | p_ZL26sencgru_recurrent_kernel_r_6_1 | rom_1p  | auto | 1       |
|      p_ZL26sencgru_recurrent_kernel_z_7_1_U                                                            | -    | -    |        | p_ZL26sencgru_recurrent_kernel_z_7_1 | rom_1p  | auto | 1       |
|      p_ZL26sencgru_recurrent_kernel_r_7_1_U                                                            | -    | -    |        | p_ZL26sencgru_recurrent_kernel_r_7_1 | rom_1p  | auto | 1       |
|      p_ZL26sencgru_recurrent_kernel_z_0_2_U                                                            | -    | -    |        | p_ZL26sencgru_recurrent_kernel_z_0_2 | rom_1p  | auto | 1       |
|      p_ZL26sencgru_recurrent_kernel_r_0_2_U                                                            | -    | -    |        | p_ZL26sencgru_recurrent_kernel_r_0_2 | rom_1p  | auto | 1       |
|      p_ZL26sencgru_recurrent_kernel_z_1_2_U                                                            | -    | -    |        | p_ZL26sencgru_recurrent_kernel_z_1_2 | rom_1p  | auto | 1       |
|      p_ZL26sencgru_recurrent_kernel_r_1_2_U                                                            | -    | -    |        | p_ZL26sencgru_recurrent_kernel_r_1_2 | rom_1p  | auto | 1       |
|      p_ZL26sencgru_recurrent_kernel_z_2_2_U                                                            | -    | -    |        | p_ZL26sencgru_recurrent_kernel_z_2_2 | rom_1p  | auto | 1       |
|      p_ZL26sencgru_recurrent_kernel_r_2_2_U                                                            | -    | -    |        | p_ZL26sencgru_recurrent_kernel_r_2_2 | rom_1p  | auto | 1       |
|      p_ZL26sencgru_recurrent_kernel_z_3_2_U                                                            | -    | -    |        | p_ZL26sencgru_recurrent_kernel_z_3_2 | rom_1p  | auto | 1       |
|      p_ZL26sencgru_recurrent_kernel_r_3_2_U                                                            | -    | -    |        | p_ZL26sencgru_recurrent_kernel_r_3_2 | rom_1p  | auto | 1       |
|      p_ZL26sencgru_recurrent_kernel_z_4_2_U                                                            | -    | -    |        | p_ZL26sencgru_recurrent_kernel_z_4_2 | rom_1p  | auto | 1       |
|      p_ZL26sencgru_recurrent_kernel_r_4_2_U                                                            | -    | -    |        | p_ZL26sencgru_recurrent_kernel_r_4_2 | rom_1p  | auto | 1       |
|      p_ZL26sencgru_recurrent_kernel_z_5_2_U                                                            | -    | -    |        | p_ZL26sencgru_recurrent_kernel_z_5_2 | rom_1p  | auto | 1       |
|      p_ZL26sencgru_recurrent_kernel_r_5_2_U                                                            | -    | -    |        | p_ZL26sencgru_recurrent_kernel_r_5_2 | rom_1p  | auto | 1       |
|      p_ZL26sencgru_recurrent_kernel_z_6_2_U                                                            | -    | -    |        | p_ZL26sencgru_recurrent_kernel_z_6_2 | rom_1p  | auto | 1       |
|      p_ZL26sencgru_recurrent_kernel_r_6_2_U                                                            | -    | -    |        | p_ZL26sencgru_recurrent_kernel_r_6_2 | rom_1p  | auto | 1       |
|      p_ZL26sencgru_recurrent_kernel_z_7_2_U                                                            | -    | -    |        | p_ZL26sencgru_recurrent_kernel_z_7_2 | rom_1p  | auto | 1       |
|      p_ZL26sencgru_recurrent_kernel_r_7_2_U                                                            | -    | -    |        | p_ZL26sencgru_recurrent_kernel_r_7_2 | rom_1p  | auto | 1       |
|      p_ZL26sencgru_recurrent_kernel_z_0_3_U                                                            | -    | -    |        | p_ZL26sencgru_recurrent_kernel_z_0_3 | rom_1p  | auto | 1       |
|      p_ZL26sencgru_recurrent_kernel_r_0_3_U                                                            | -    | -    |        | p_ZL26sencgru_recurrent_kernel_r_0_3 | rom_1p  | auto | 1       |
|      p_ZL26sencgru_recurrent_kernel_z_1_3_U                                                            | -    | -    |        | p_ZL26sencgru_recurrent_kernel_z_1_3 | rom_1p  | auto | 1       |
|      p_ZL26sencgru_recurrent_kernel_r_1_3_U                                                            | -    | -    |        | p_ZL26sencgru_recurrent_kernel_r_1_3 | rom_1p  | auto | 1       |
|      p_ZL26sencgru_recurrent_kernel_z_2_3_U                                                            | -    | -    |        | p_ZL26sencgru_recurrent_kernel_z_2_3 | rom_1p  | auto | 1       |
|      p_ZL26sencgru_recurrent_kernel_r_2_3_U                                                            | -    | -    |        | p_ZL26sencgru_recurrent_kernel_r_2_3 | rom_1p  | auto | 1       |
|      p_ZL26sencgru_recurrent_kernel_z_3_3_U                                                            | -    | -    |        | p_ZL26sencgru_recurrent_kernel_z_3_3 | rom_1p  | auto | 1       |
|      p_ZL26sencgru_recurrent_kernel_r_3_3_U                                                            | -    | -    |        | p_ZL26sencgru_recurrent_kernel_r_3_3 | rom_1p  | auto | 1       |
|      p_ZL26sencgru_recurrent_kernel_z_4_3_U                                                            | -    | -    |        | p_ZL26sencgru_recurrent_kernel_z_4_3 | rom_1p  | auto | 1       |
|      p_ZL26sencgru_recurrent_kernel_r_4_3_U                                                            | -    | -    |        | p_ZL26sencgru_recurrent_kernel_r_4_3 | rom_1p  | auto | 1       |
|      p_ZL26sencgru_recurrent_kernel_z_5_3_U                                                            | -    | -    |        | p_ZL26sencgru_recurrent_kernel_z_5_3 | rom_1p  | auto | 1       |
|      p_ZL26sencgru_recurrent_kernel_r_5_3_U                                                            | -    | -    |        | p_ZL26sencgru_recurrent_kernel_r_5_3 | rom_1p  | auto | 1       |
|      p_ZL26sencgru_recurrent_kernel_z_6_3_U                                                            | -    | -    |        | p_ZL26sencgru_recurrent_kernel_z_6_3 | rom_1p  | auto | 1       |
|      p_ZL26sencgru_recurrent_kernel_r_6_3_U                                                            | -    | -    |        | p_ZL26sencgru_recurrent_kernel_r_6_3 | rom_1p  | auto | 1       |
|      p_ZL26sencgru_recurrent_kernel_z_7_3_U                                                            | -    | -    |        | p_ZL26sencgru_recurrent_kernel_z_7_3 | rom_1p  | auto | 1       |
|      p_ZL26sencgru_recurrent_kernel_r_7_3_U                                                            | -    | -    |        | p_ZL26sencgru_recurrent_kernel_r_7_3 | rom_1p  | auto | 1       |
|      sencgru_bias_z_U                                                                                  | -    | -    |        | sencgru_bias_z                       | rom_1p  | auto | 1       |
|      sencgru_bias_r_U                                                                                  | -    | -    |        | sencgru_bias_r                       | rom_1p  | auto | 1       |
|    + gru_cell_step_Pipeline_VITIS_LOOP_120_5 (grp_gru_cell_step_Pipeline_VITIS_LOOP_120_5_fu_1107)     | 0    | 0    |        |                                      |         |      |         |
|      p_ZL26sencgru_recurrent_kernel_h_0_0_U                                                            | -    | -    |        | p_ZL26sencgru_recurrent_kernel_h_0_0 | rom_1p  | auto | 1       |
|      p_ZL26sencgru_recurrent_kernel_h_1_0_U                                                            | -    | -    |        | p_ZL26sencgru_recurrent_kernel_h_1_0 | rom_1p  | auto | 1       |
|      p_ZL26sencgru_recurrent_kernel_h_2_0_U                                                            | -    | -    |        | p_ZL26sencgru_recurrent_kernel_h_2_0 | rom_1p  | auto | 1       |
|      p_ZL26sencgru_recurrent_kernel_h_3_0_U                                                            | -    | -    |        | p_ZL26sencgru_recurrent_kernel_h_3_0 | rom_1p  | auto | 1       |
|      p_ZL26sencgru_recurrent_kernel_h_4_0_U                                                            | -    | -    |        | p_ZL26sencgru_recurrent_kernel_h_4_0 | rom_1p  | auto | 1       |
|      p_ZL26sencgru_recurrent_kernel_h_5_0_U                                                            | -    | -    |        | p_ZL26sencgru_recurrent_kernel_h_5_0 | rom_1p  | auto | 1       |
|      p_ZL26sencgru_recurrent_kernel_h_6_0_U                                                            | -    | -    |        | p_ZL26sencgru_recurrent_kernel_h_6_0 | rom_1p  | auto | 1       |
|      p_ZL26sencgru_recurrent_kernel_h_7_0_U                                                            | -    | -    |        | p_ZL26sencgru_recurrent_kernel_h_7_0 | rom_1p  | auto | 1       |
|      p_ZL26sencgru_recurrent_kernel_h_0_1_U                                                            | -    | -    |        | p_ZL26sencgru_recurrent_kernel_h_0_1 | rom_1p  | auto | 1       |
|      p_ZL26sencgru_recurrent_kernel_h_1_1_U                                                            | -    | -    |        | p_ZL26sencgru_recurrent_kernel_h_1_1 | rom_1p  | auto | 1       |
|      p_ZL26sencgru_recurrent_kernel_h_2_1_U                                                            | -    | -    |        | p_ZL26sencgru_recurrent_kernel_h_2_1 | rom_1p  | auto | 1       |
|      p_ZL26sencgru_recurrent_kernel_h_3_1_U                                                            | -    | -    |        | p_ZL26sencgru_recurrent_kernel_h_3_1 | rom_1p  | auto | 1       |
|      p_ZL26sencgru_recurrent_kernel_h_4_1_U                                                            | -    | -    |        | p_ZL26sencgru_recurrent_kernel_h_4_1 | rom_1p  | auto | 1       |
|      p_ZL26sencgru_recurrent_kernel_h_5_1_U                                                            | -    | -    |        | p_ZL26sencgru_recurrent_kernel_h_5_1 | rom_1p  | auto | 1       |
|      p_ZL26sencgru_recurrent_kernel_h_6_1_U                                                            | -    | -    |        | p_ZL26sencgru_recurrent_kernel_h_6_1 | rom_1p  | auto | 1       |
|      p_ZL26sencgru_recurrent_kernel_h_7_1_U                                                            | -    | -    |        | p_ZL26sencgru_recurrent_kernel_h_7_1 | rom_1p  | auto | 1       |
|      p_ZL26sencgru_recurrent_kernel_h_0_2_U                                                            | -    | -    |        | p_ZL26sencgru_recurrent_kernel_h_0_2 | rom_1p  | auto | 1       |
|      p_ZL26sencgru_recurrent_kernel_h_1_2_U                                                            | -    | -    |        | p_ZL26sencgru_recurrent_kernel_h_1_2 | rom_1p  | auto | 1       |
|      p_ZL26sencgru_recurrent_kernel_h_2_2_U                                                            | -    | -    |        | p_ZL26sencgru_recurrent_kernel_h_2_2 | rom_1p  | auto | 1       |
|      p_ZL26sencgru_recurrent_kernel_h_3_2_U                                                            | -    | -    |        | p_ZL26sencgru_recurrent_kernel_h_3_2 | rom_1p  | auto | 1       |
|      p_ZL26sencgru_recurrent_kernel_h_4_2_U                                                            | -    | -    |        | p_ZL26sencgru_recurrent_kernel_h_4_2 | rom_1p  | auto | 1       |
|      p_ZL26sencgru_recurrent_kernel_h_5_2_U                                                            | -    | -    |        | p_ZL26sencgru_recurrent_kernel_h_5_2 | rom_1p  | auto | 1       |
|      p_ZL26sencgru_recurrent_kernel_h_6_2_U                                                            | -    | -    |        | p_ZL26sencgru_recurrent_kernel_h_6_2 | rom_1p  | auto | 1       |
|      p_ZL26sencgru_recurrent_kernel_h_7_2_U                                                            | -    | -    |        | p_ZL26sencgru_recurrent_kernel_h_7_2 | rom_1p  | auto | 1       |
|      p_ZL26sencgru_recurrent_kernel_h_0_3_U                                                            | -    | -    |        | p_ZL26sencgru_recurrent_kernel_h_0_3 | rom_1p  | auto | 1       |
|      p_ZL26sencgru_recurrent_kernel_h_1_3_U                                                            | -    | -    |        | p_ZL26sencgru_recurrent_kernel_h_1_3 | rom_1p  | auto | 1       |
|      p_ZL26sencgru_recurrent_kernel_h_2_3_U                                                            | -    | -    |        | p_ZL26sencgru_recurrent_kernel_h_2_3 | rom_1p  | auto | 1       |
|      p_ZL26sencgru_recurrent_kernel_h_3_3_U                                                            | -    | -    |        | p_ZL26sencgru_recurrent_kernel_h_3_3 | rom_1p  | auto | 1       |
|      p_ZL26sencgru_recurrent_kernel_h_4_3_U                                                            | -    | -    |        | p_ZL26sencgru_recurrent_kernel_h_4_3 | rom_1p  | auto | 1       |
|      p_ZL26sencgru_recurrent_kernel_h_5_3_U                                                            | -    | -    |        | p_ZL26sencgru_recurrent_kernel_h_5_3 | rom_1p  | auto | 1       |
|      p_ZL26sencgru_recurrent_kernel_h_6_3_U                                                            | -    | -    |        | p_ZL26sencgru_recurrent_kernel_h_6_3 | rom_1p  | auto | 1       |
|      p_ZL26sencgru_recurrent_kernel_h_7_3_U                                                            | -    | -    |        | p_ZL26sencgru_recurrent_kernel_h_7_3 | rom_1p  | auto | 1       |
|      sencgru_bias_h_U                                                                                  | -    | -    |        | sencgru_bias_h                       | rom_1p  | auto | 1       |
|   + gru_cell_step_1 (grp_gru_cell_step_1_fu_2511)                                                      | 0    | 0    |        |                                      |         |      |         |
|     z_V_U                                                                                              | -    | -    |        | z_V                                  | ram_1p  | auto | 1       |
|     r_V_U                                                                                              | -    | -    |        | r_V                                  | ram_s2p | auto | 1       |
|    + gru_cell_step_1_Pipeline_VITIS_LOOP_69_1 (grp_gru_cell_step_1_Pipeline_VITIS_LOOP_69_1_fu_903)    | 0    | 0    |        |                                      |         |      |         |
|      p_ZL26sdecgru_recurrent_kernel_z_0_0_U                                                            | -    | -    |        | p_ZL26sdecgru_recurrent_kernel_z_0_0 | rom_1p  | auto | 1       |
|      p_ZL26sdecgru_recurrent_kernel_r_0_0_U                                                            | -    | -    |        | p_ZL26sdecgru_recurrent_kernel_r_0_0 | rom_1p  | auto | 1       |
|      p_ZL26sdecgru_recurrent_kernel_z_1_0_U                                                            | -    | -    |        | p_ZL26sdecgru_recurrent_kernel_z_1_0 | rom_1p  | auto | 1       |
|      p_ZL26sdecgru_recurrent_kernel_r_1_0_U                                                            | -    | -    |        | p_ZL26sdecgru_recurrent_kernel_r_1_0 | rom_1p  | auto | 1       |
|      p_ZL26sdecgru_recurrent_kernel_z_2_0_U                                                            | -    | -    |        | p_ZL26sdecgru_recurrent_kernel_z_2_0 | rom_1p  | auto | 1       |
|      p_ZL26sdecgru_recurrent_kernel_r_2_0_U                                                            | -    | -    |        | p_ZL26sdecgru_recurrent_kernel_r_2_0 | rom_1p  | auto | 1       |
|      p_ZL26sdecgru_recurrent_kernel_z_3_0_U                                                            | -    | -    |        | p_ZL26sdecgru_recurrent_kernel_z_3_0 | rom_1p  | auto | 1       |
|      p_ZL26sdecgru_recurrent_kernel_r_3_0_U                                                            | -    | -    |        | p_ZL26sdecgru_recurrent_kernel_r_3_0 | rom_1p  | auto | 1       |
|      p_ZL26sdecgru_recurrent_kernel_z_4_0_U                                                            | -    | -    |        | p_ZL26sdecgru_recurrent_kernel_z_4_0 | rom_1p  | auto | 1       |
|      p_ZL26sdecgru_recurrent_kernel_r_4_0_U                                                            | -    | -    |        | p_ZL26sdecgru_recurrent_kernel_r_4_0 | rom_1p  | auto | 1       |
|      p_ZL26sdecgru_recurrent_kernel_z_5_0_U                                                            | -    | -    |        | p_ZL26sdecgru_recurrent_kernel_z_5_0 | rom_1p  | auto | 1       |
|      p_ZL26sdecgru_recurrent_kernel_r_5_0_U                                                            | -    | -    |        | p_ZL26sdecgru_recurrent_kernel_r_5_0 | rom_1p  | auto | 1       |
|      p_ZL26sdecgru_recurrent_kernel_z_6_0_U                                                            | -    | -    |        | p_ZL26sdecgru_recurrent_kernel_z_6_0 | rom_1p  | auto | 1       |
|      p_ZL26sdecgru_recurrent_kernel_r_6_0_U                                                            | -    | -    |        | p_ZL26sdecgru_recurrent_kernel_r_6_0 | rom_1p  | auto | 1       |
|      p_ZL26sdecgru_recurrent_kernel_z_7_0_U                                                            | -    | -    |        | p_ZL26sdecgru_recurrent_kernel_z_7_0 | rom_1p  | auto | 1       |
|      p_ZL26sdecgru_recurrent_kernel_r_7_0_U                                                            | -    | -    |        | p_ZL26sdecgru_recurrent_kernel_r_7_0 | rom_1p  | auto | 1       |
|      p_ZL26sdecgru_recurrent_kernel_z_0_1_U                                                            | -    | -    |        | p_ZL26sdecgru_recurrent_kernel_z_0_1 | rom_1p  | auto | 1       |
|      p_ZL26sdecgru_recurrent_kernel_r_0_1_U                                                            | -    | -    |        | p_ZL26sdecgru_recurrent_kernel_r_0_1 | rom_1p  | auto | 1       |
|      p_ZL26sdecgru_recurrent_kernel_z_1_1_U                                                            | -    | -    |        | p_ZL26sdecgru_recurrent_kernel_z_1_1 | rom_1p  | auto | 1       |
|      p_ZL26sdecgru_recurrent_kernel_r_1_1_U                                                            | -    | -    |        | p_ZL26sdecgru_recurrent_kernel_r_1_1 | rom_1p  | auto | 1       |
|      p_ZL26sdecgru_recurrent_kernel_z_2_1_U                                                            | -    | -    |        | p_ZL26sdecgru_recurrent_kernel_z_2_1 | rom_1p  | auto | 1       |
|      p_ZL26sdecgru_recurrent_kernel_r_2_1_U                                                            | -    | -    |        | p_ZL26sdecgru_recurrent_kernel_r_2_1 | rom_1p  | auto | 1       |
|      p_ZL26sdecgru_recurrent_kernel_z_3_1_U                                                            | -    | -    |        | p_ZL26sdecgru_recurrent_kernel_z_3_1 | rom_1p  | auto | 1       |
|      p_ZL26sdecgru_recurrent_kernel_r_3_1_U                                                            | -    | -    |        | p_ZL26sdecgru_recurrent_kernel_r_3_1 | rom_1p  | auto | 1       |
|      p_ZL26sdecgru_recurrent_kernel_z_4_1_U                                                            | -    | -    |        | p_ZL26sdecgru_recurrent_kernel_z_4_1 | rom_1p  | auto | 1       |
|      p_ZL26sdecgru_recurrent_kernel_r_4_1_U                                                            | -    | -    |        | p_ZL26sdecgru_recurrent_kernel_r_4_1 | rom_1p  | auto | 1       |
|      p_ZL26sdecgru_recurrent_kernel_z_5_1_U                                                            | -    | -    |        | p_ZL26sdecgru_recurrent_kernel_z_5_1 | rom_1p  | auto | 1       |
|      p_ZL26sdecgru_recurrent_kernel_r_5_1_U                                                            | -    | -    |        | p_ZL26sdecgru_recurrent_kernel_r_5_1 | rom_1p  | auto | 1       |
|      p_ZL26sdecgru_recurrent_kernel_z_6_1_U                                                            | -    | -    |        | p_ZL26sdecgru_recurrent_kernel_z_6_1 | rom_1p  | auto | 1       |
|      p_ZL26sdecgru_recurrent_kernel_r_6_1_U                                                            | -    | -    |        | p_ZL26sdecgru_recurrent_kernel_r_6_1 | rom_1p  | auto | 1       |
|      p_ZL26sdecgru_recurrent_kernel_z_7_1_U                                                            | -    | -    |        | p_ZL26sdecgru_recurrent_kernel_z_7_1 | rom_1p  | auto | 1       |
|      p_ZL26sdecgru_recurrent_kernel_r_7_1_U                                                            | -    | -    |        | p_ZL26sdecgru_recurrent_kernel_r_7_1 | rom_1p  | auto | 1       |
|      p_ZL26sdecgru_recurrent_kernel_z_0_2_U                                                            | -    | -    |        | p_ZL26sdecgru_recurrent_kernel_z_0_2 | rom_1p  | auto | 1       |
|      p_ZL26sdecgru_recurrent_kernel_r_0_2_U                                                            | -    | -    |        | p_ZL26sdecgru_recurrent_kernel_r_0_2 | rom_1p  | auto | 1       |
|      p_ZL26sdecgru_recurrent_kernel_z_1_2_U                                                            | -    | -    |        | p_ZL26sdecgru_recurrent_kernel_z_1_2 | rom_1p  | auto | 1       |
|      p_ZL26sdecgru_recurrent_kernel_r_1_2_U                                                            | -    | -    |        | p_ZL26sdecgru_recurrent_kernel_r_1_2 | rom_1p  | auto | 1       |
|      p_ZL26sdecgru_recurrent_kernel_z_2_2_U                                                            | -    | -    |        | p_ZL26sdecgru_recurrent_kernel_z_2_2 | rom_1p  | auto | 1       |
|      p_ZL26sdecgru_recurrent_kernel_r_2_2_U                                                            | -    | -    |        | p_ZL26sdecgru_recurrent_kernel_r_2_2 | rom_1p  | auto | 1       |
|      p_ZL26sdecgru_recurrent_kernel_z_3_2_U                                                            | -    | -    |        | p_ZL26sdecgru_recurrent_kernel_z_3_2 | rom_1p  | auto | 1       |
|      p_ZL26sdecgru_recurrent_kernel_r_3_2_U                                                            | -    | -    |        | p_ZL26sdecgru_recurrent_kernel_r_3_2 | rom_1p  | auto | 1       |
|      p_ZL26sdecgru_recurrent_kernel_z_4_2_U                                                            | -    | -    |        | p_ZL26sdecgru_recurrent_kernel_z_4_2 | rom_1p  | auto | 1       |
|      p_ZL26sdecgru_recurrent_kernel_r_4_2_U                                                            | -    | -    |        | p_ZL26sdecgru_recurrent_kernel_r_4_2 | rom_1p  | auto | 1       |
|      p_ZL26sdecgru_recurrent_kernel_z_5_2_U                                                            | -    | -    |        | p_ZL26sdecgru_recurrent_kernel_z_5_2 | rom_1p  | auto | 1       |
|      p_ZL26sdecgru_recurrent_kernel_r_5_2_U                                                            | -    | -    |        | p_ZL26sdecgru_recurrent_kernel_r_5_2 | rom_1p  | auto | 1       |
|      p_ZL26sdecgru_recurrent_kernel_z_6_2_U                                                            | -    | -    |        | p_ZL26sdecgru_recurrent_kernel_z_6_2 | rom_1p  | auto | 1       |
|      p_ZL26sdecgru_recurrent_kernel_r_6_2_U                                                            | -    | -    |        | p_ZL26sdecgru_recurrent_kernel_r_6_2 | rom_1p  | auto | 1       |
|      p_ZL26sdecgru_recurrent_kernel_z_7_2_U                                                            | -    | -    |        | p_ZL26sdecgru_recurrent_kernel_z_7_2 | rom_1p  | auto | 1       |
|      p_ZL26sdecgru_recurrent_kernel_r_7_2_U                                                            | -    | -    |        | p_ZL26sdecgru_recurrent_kernel_r_7_2 | rom_1p  | auto | 1       |
|      p_ZL26sdecgru_recurrent_kernel_z_0_3_U                                                            | -    | -    |        | p_ZL26sdecgru_recurrent_kernel_z_0_3 | rom_1p  | auto | 1       |
|      p_ZL26sdecgru_recurrent_kernel_r_0_3_U                                                            | -    | -    |        | p_ZL26sdecgru_recurrent_kernel_r_0_3 | rom_1p  | auto | 1       |
|      p_ZL26sdecgru_recurrent_kernel_z_1_3_U                                                            | -    | -    |        | p_ZL26sdecgru_recurrent_kernel_z_1_3 | rom_1p  | auto | 1       |
|      p_ZL26sdecgru_recurrent_kernel_r_1_3_U                                                            | -    | -    |        | p_ZL26sdecgru_recurrent_kernel_r_1_3 | rom_1p  | auto | 1       |
|      p_ZL26sdecgru_recurrent_kernel_z_2_3_U                                                            | -    | -    |        | p_ZL26sdecgru_recurrent_kernel_z_2_3 | rom_1p  | auto | 1       |
|      p_ZL26sdecgru_recurrent_kernel_r_2_3_U                                                            | -    | -    |        | p_ZL26sdecgru_recurrent_kernel_r_2_3 | rom_1p  | auto | 1       |
|      p_ZL26sdecgru_recurrent_kernel_z_3_3_U                                                            | -    | -    |        | p_ZL26sdecgru_recurrent_kernel_z_3_3 | rom_1p  | auto | 1       |
|      p_ZL26sdecgru_recurrent_kernel_r_3_3_U                                                            | -    | -    |        | p_ZL26sdecgru_recurrent_kernel_r_3_3 | rom_1p  | auto | 1       |
|      p_ZL26sdecgru_recurrent_kernel_z_4_3_U                                                            | -    | -    |        | p_ZL26sdecgru_recurrent_kernel_z_4_3 | rom_1p  | auto | 1       |
|      p_ZL26sdecgru_recurrent_kernel_r_4_3_U                                                            | -    | -    |        | p_ZL26sdecgru_recurrent_kernel_r_4_3 | rom_1p  | auto | 1       |
|      p_ZL26sdecgru_recurrent_kernel_z_5_3_U                                                            | -    | -    |        | p_ZL26sdecgru_recurrent_kernel_z_5_3 | rom_1p  | auto | 1       |
|      p_ZL26sdecgru_recurrent_kernel_r_5_3_U                                                            | -    | -    |        | p_ZL26sdecgru_recurrent_kernel_r_5_3 | rom_1p  | auto | 1       |
|      p_ZL26sdecgru_recurrent_kernel_z_6_3_U                                                            | -    | -    |        | p_ZL26sdecgru_recurrent_kernel_z_6_3 | rom_1p  | auto | 1       |
|      p_ZL26sdecgru_recurrent_kernel_r_6_3_U                                                            | -    | -    |        | p_ZL26sdecgru_recurrent_kernel_r_6_3 | rom_1p  | auto | 1       |
|      p_ZL26sdecgru_recurrent_kernel_z_7_3_U                                                            | -    | -    |        | p_ZL26sdecgru_recurrent_kernel_z_7_3 | rom_1p  | auto | 1       |
|      p_ZL26sdecgru_recurrent_kernel_r_7_3_U                                                            | -    | -    |        | p_ZL26sdecgru_recurrent_kernel_r_7_3 | rom_1p  | auto | 1       |
|      sdecgru_bias_z_U                                                                                  | -    | -    |        | sdecgru_bias_z                       | rom_1p  | auto | 1       |
|      sdecgru_bias_r_U                                                                                  | -    | -    |        | sdecgru_bias_r                       | rom_1p  | auto | 1       |
|    + gru_cell_step_1_Pipeline_VITIS_LOOP_120_5 (grp_gru_cell_step_1_Pipeline_VITIS_LOOP_120_5_fu_1089) | 0    | 0    |        |                                      |         |      |         |
|      p_ZL26sdecgru_recurrent_kernel_h_0_0_U                                                            | -    | -    |        | p_ZL26sdecgru_recurrent_kernel_h_0_0 | rom_1p  | auto | 1       |
|      p_ZL26sdecgru_recurrent_kernel_h_1_0_U                                                            | -    | -    |        | p_ZL26sdecgru_recurrent_kernel_h_1_0 | rom_1p  | auto | 1       |
|      p_ZL26sdecgru_recurrent_kernel_h_2_0_U                                                            | -    | -    |        | p_ZL26sdecgru_recurrent_kernel_h_2_0 | rom_1p  | auto | 1       |
|      p_ZL26sdecgru_recurrent_kernel_h_3_0_U                                                            | -    | -    |        | p_ZL26sdecgru_recurrent_kernel_h_3_0 | rom_1p  | auto | 1       |
|      p_ZL26sdecgru_recurrent_kernel_h_4_0_U                                                            | -    | -    |        | p_ZL26sdecgru_recurrent_kernel_h_4_0 | rom_1p  | auto | 1       |
|      p_ZL26sdecgru_recurrent_kernel_h_5_0_U                                                            | -    | -    |        | p_ZL26sdecgru_recurrent_kernel_h_5_0 | rom_1p  | auto | 1       |
|      p_ZL26sdecgru_recurrent_kernel_h_6_0_U                                                            | -    | -    |        | p_ZL26sdecgru_recurrent_kernel_h_6_0 | rom_1p  | auto | 1       |
|      p_ZL26sdecgru_recurrent_kernel_h_7_0_U                                                            | -    | -    |        | p_ZL26sdecgru_recurrent_kernel_h_7_0 | rom_1p  | auto | 1       |
|      p_ZL26sdecgru_recurrent_kernel_h_0_1_U                                                            | -    | -    |        | p_ZL26sdecgru_recurrent_kernel_h_0_1 | rom_1p  | auto | 1       |
|      p_ZL26sdecgru_recurrent_kernel_h_1_1_U                                                            | -    | -    |        | p_ZL26sdecgru_recurrent_kernel_h_1_1 | rom_1p  | auto | 1       |
|      p_ZL26sdecgru_recurrent_kernel_h_2_1_U                                                            | -    | -    |        | p_ZL26sdecgru_recurrent_kernel_h_2_1 | rom_1p  | auto | 1       |
|      p_ZL26sdecgru_recurrent_kernel_h_3_1_U                                                            | -    | -    |        | p_ZL26sdecgru_recurrent_kernel_h_3_1 | rom_1p  | auto | 1       |
|      p_ZL26sdecgru_recurrent_kernel_h_4_1_U                                                            | -    | -    |        | p_ZL26sdecgru_recurrent_kernel_h_4_1 | rom_1p  | auto | 1       |
|      p_ZL26sdecgru_recurrent_kernel_h_5_1_U                                                            | -    | -    |        | p_ZL26sdecgru_recurrent_kernel_h_5_1 | rom_1p  | auto | 1       |
|      p_ZL26sdecgru_recurrent_kernel_h_6_1_U                                                            | -    | -    |        | p_ZL26sdecgru_recurrent_kernel_h_6_1 | rom_1p  | auto | 1       |
|      p_ZL26sdecgru_recurrent_kernel_h_7_1_U                                                            | -    | -    |        | p_ZL26sdecgru_recurrent_kernel_h_7_1 | rom_1p  | auto | 1       |
|      p_ZL26sdecgru_recurrent_kernel_h_0_2_U                                                            | -    | -    |        | p_ZL26sdecgru_recurrent_kernel_h_0_2 | rom_1p  | auto | 1       |
|      p_ZL26sdecgru_recurrent_kernel_h_1_2_U                                                            | -    | -    |        | p_ZL26sdecgru_recurrent_kernel_h_1_2 | rom_1p  | auto | 1       |
|      p_ZL26sdecgru_recurrent_kernel_h_2_2_U                                                            | -    | -    |        | p_ZL26sdecgru_recurrent_kernel_h_2_2 | rom_1p  | auto | 1       |
|      p_ZL26sdecgru_recurrent_kernel_h_3_2_U                                                            | -    | -    |        | p_ZL26sdecgru_recurrent_kernel_h_3_2 | rom_1p  | auto | 1       |
|      p_ZL26sdecgru_recurrent_kernel_h_4_2_U                                                            | -    | -    |        | p_ZL26sdecgru_recurrent_kernel_h_4_2 | rom_1p  | auto | 1       |
|      p_ZL26sdecgru_recurrent_kernel_h_5_2_U                                                            | -    | -    |        | p_ZL26sdecgru_recurrent_kernel_h_5_2 | rom_1p  | auto | 1       |
|      p_ZL26sdecgru_recurrent_kernel_h_6_2_U                                                            | -    | -    |        | p_ZL26sdecgru_recurrent_kernel_h_6_2 | rom_1p  | auto | 1       |
|      p_ZL26sdecgru_recurrent_kernel_h_7_2_U                                                            | -    | -    |        | p_ZL26sdecgru_recurrent_kernel_h_7_2 | rom_1p  | auto | 1       |
|      p_ZL26sdecgru_recurrent_kernel_h_0_3_U                                                            | -    | -    |        | p_ZL26sdecgru_recurrent_kernel_h_0_3 | rom_1p  | auto | 1       |
|      p_ZL26sdecgru_recurrent_kernel_h_1_3_U                                                            | -    | -    |        | p_ZL26sdecgru_recurrent_kernel_h_1_3 | rom_1p  | auto | 1       |
|      p_ZL26sdecgru_recurrent_kernel_h_2_3_U                                                            | -    | -    |        | p_ZL26sdecgru_recurrent_kernel_h_2_3 | rom_1p  | auto | 1       |
|      p_ZL26sdecgru_recurrent_kernel_h_3_3_U                                                            | -    | -    |        | p_ZL26sdecgru_recurrent_kernel_h_3_3 | rom_1p  | auto | 1       |
|      p_ZL26sdecgru_recurrent_kernel_h_4_3_U                                                            | -    | -    |        | p_ZL26sdecgru_recurrent_kernel_h_4_3 | rom_1p  | auto | 1       |
|      p_ZL26sdecgru_recurrent_kernel_h_5_3_U                                                            | -    | -    |        | p_ZL26sdecgru_recurrent_kernel_h_5_3 | rom_1p  | auto | 1       |
|      p_ZL26sdecgru_recurrent_kernel_h_6_3_U                                                            | -    | -    |        | p_ZL26sdecgru_recurrent_kernel_h_6_3 | rom_1p  | auto | 1       |
|      p_ZL26sdecgru_recurrent_kernel_h_7_3_U                                                            | -    | -    |        | p_ZL26sdecgru_recurrent_kernel_h_7_3 | rom_1p  | auto | 1       |
|      sdecgru_bias_h_U                                                                                  | -    | -    |        | sdecgru_bias_h                       | rom_1p  | auto | 1       |
|   + lane_worker8_8_Pipeline_VITIS_LOOP_238_7                                                           | 0    | 0    |        |                                      |         |      |         |
|     p_ZL17sdec_dense_kernel_0_24_U                                                                     | -    | -    |        | p_ZL17sdec_dense_kernel_0_24         | rom_1p  | auto | 1       |
|     p_ZL17sdec_dense_kernel_1_0_U                                                                      | -    | -    |        | p_ZL17sdec_dense_kernel_1_0          | rom_1p  | auto | 1       |
|     p_ZL17sdec_dense_kernel_2_24_U                                                                     | -    | -    |        | p_ZL17sdec_dense_kernel_2_24         | rom_1p  | auto | 1       |
|     p_ZL17sdec_dense_kernel_3_30_U                                                                     | -    | -    |        | p_ZL17sdec_dense_kernel_3_30         | rom_1p  | auto | 1       |
|     p_ZL17sdec_dense_kernel_4_0_U                                                                      | -    | -    |        | p_ZL17sdec_dense_kernel_4_0          | rom_1p  | auto | 1       |
|     p_ZL17sdec_dense_kernel_5_24_U                                                                     | -    | -    |        | p_ZL17sdec_dense_kernel_5_24         | rom_1p  | auto | 1       |
|     p_ZL17sdec_dense_kernel_6_24_U                                                                     | -    | -    |        | p_ZL17sdec_dense_kernel_6_24         | rom_1p  | auto | 1       |
|     p_ZL17sdec_dense_kernel_7_24_U                                                                     | -    | -    |        | p_ZL17sdec_dense_kernel_7_24         | rom_1p  | auto | 1       |
|     p_ZL17sdec_dense_kernel_0_17_U                                                                     | -    | -    |        | p_ZL17sdec_dense_kernel_0_17         | rom_1p  | auto | 1       |
|     p_ZL17sdec_dense_kernel_1_17_U                                                                     | -    | -    |        | p_ZL17sdec_dense_kernel_1_17         | rom_1p  | auto | 1       |
|     p_ZL17sdec_dense_kernel_2_17_U                                                                     | -    | -    |        | p_ZL17sdec_dense_kernel_2_17         | rom_1p  | auto | 1       |
|     p_ZL17sdec_dense_kernel_3_17_U                                                                     | -    | -    |        | p_ZL17sdec_dense_kernel_3_17         | rom_1p  | auto | 1       |
|     p_ZL17sdec_dense_kernel_4_1_U                                                                      | -    | -    |        | p_ZL17sdec_dense_kernel_4_1          | rom_1p  | auto | 1       |
|     p_ZL17sdec_dense_kernel_5_17_U                                                                     | -    | -    |        | p_ZL17sdec_dense_kernel_5_17         | rom_1p  | auto | 1       |
|     p_ZL17sdec_dense_kernel_6_17_U                                                                     | -    | -    |        | p_ZL17sdec_dense_kernel_6_17         | rom_1p  | auto | 1       |
|     p_ZL17sdec_dense_kernel_7_17_U                                                                     | -    | -    |        | p_ZL17sdec_dense_kernel_7_17         | rom_1p  | auto | 1       |
|     p_ZL17sdec_dense_kernel_0_10_U                                                                     | -    | -    |        | p_ZL17sdec_dense_kernel_0_10         | rom_1p  | auto | 1       |
|     p_ZL17sdec_dense_kernel_1_10_U                                                                     | -    | -    |        | p_ZL17sdec_dense_kernel_1_10         | rom_1p  | auto | 1       |
|     p_ZL17sdec_dense_kernel_2_10_U                                                                     | -    | -    |        | p_ZL17sdec_dense_kernel_2_10         | rom_1p  | auto | 1       |
|     p_ZL17sdec_dense_kernel_3_10_U                                                                     | -    | -    |        | p_ZL17sdec_dense_kernel_3_10         | rom_1p  | auto | 1       |
|     p_ZL17sdec_dense_kernel_4_10_U                                                                     | -    | -    |        | p_ZL17sdec_dense_kernel_4_10         | rom_1p  | auto | 1       |
|     p_ZL17sdec_dense_kernel_5_10_U                                                                     | -    | -    |        | p_ZL17sdec_dense_kernel_5_10         | rom_1p  | auto | 1       |
|     p_ZL17sdec_dense_kernel_6_10_U                                                                     | -    | -    |        | p_ZL17sdec_dense_kernel_6_10         | rom_1p  | auto | 1       |
|     p_ZL17sdec_dense_kernel_7_10_U                                                                     | -    | -    |        | p_ZL17sdec_dense_kernel_7_10         | rom_1p  | auto | 1       |
|     p_ZL17sdec_dense_kernel_0_U                                                                        | -    | -    |        | p_ZL17sdec_dense_kernel_0            | rom_1p  | auto | 1       |
|     p_ZL17sdec_dense_kernel_1_U                                                                        | -    | -    |        | p_ZL17sdec_dense_kernel_1            | rom_1p  | auto | 1       |
|     p_ZL17sdec_dense_kernel_2_U                                                                        | -    | -    |        | p_ZL17sdec_dense_kernel_2            | rom_1p  | auto | 1       |
|     p_ZL17sdec_dense_kernel_3_U                                                                        | -    | -    |        | p_ZL17sdec_dense_kernel_3            | rom_1p  | auto | 1       |
|     p_ZL17sdec_dense_kernel_4_U                                                                        | -    | -    |        | p_ZL17sdec_dense_kernel_4            | rom_1p  | auto | 1       |
|     p_ZL17sdec_dense_kernel_5_U                                                                        | -    | -    |        | p_ZL17sdec_dense_kernel_5            | rom_1p  | auto | 1       |
|     p_ZL17sdec_dense_kernel_6_U                                                                        | -    | -    |        | p_ZL17sdec_dense_kernel_6            | rom_1p  | auto | 1       |
|     p_ZL17sdec_dense_kernel_7_U                                                                        | -    | -    |        | p_ZL17sdec_dense_kernel_7            | rom_1p  | auto | 1       |
|     sdec_dense_bias240_U                                                                               | -    | -    |        | sdec_dense_bias240                   | rom_1p  | auto | 1       |
+--------------------------------------------------------------------------------------------------------+------+------+--------+--------------------------------------+---------+------+---------+


================================================================
== Pragma Report
================================================================
* Valid Pragma Syntax
+-----------------+-----------------------------------------------------------------------+------------------------------------------------------------------------------------+
| Type            | Options                                                               | Location                                                                           |
+-----------------+-----------------------------------------------------------------------+------------------------------------------------------------------------------------+
| pipeline        | II=4                                                                  | src/student_top.cpp:70 in gru_cell_step                                            |
| bind_op         | variable=sum_z op=mul impl=dsp latency=2                              | src/student_top.cpp:78 in gru_cell_step, sum_z                                     |
| bind_op         | variable=sum_r op=mul impl=dsp latency=2                              | src/student_top.cpp:79 in gru_cell_step, sum_r                                     |
| unroll          |                                                                       | src/student_top.cpp:116 in gru_cell_step                                           |
| pipeline        | II=4                                                                  | src/student_top.cpp:121 in gru_cell_step                                           |
| bind_op         | variable=sum_h op=mul impl=dsp latency=2                              | src/student_top.cpp:127 in gru_cell_step, sum_h                                    |
| inline          |                                                                       | src/student_top.cpp:176 in student_infer_pixel                                     |
| array_partition | variable=sencgru_kernel_z complete dim=2                              | src/student_top.cpp:177 in student_infer_pixel, sencgru_kernel_z                   |
| array_partition | variable=sencgru_kernel_r complete dim=2                              | src/student_top.cpp:178 in student_infer_pixel, sencgru_kernel_r                   |
| array_partition | variable=sencgru_kernel_h complete dim=2                              | src/student_top.cpp:179 in student_infer_pixel, sencgru_kernel_h                   |
| array_partition | variable=sencgru_recurrent_kernel_z cyclic factor=8 dim=1             | src/student_top.cpp:180 in student_infer_pixel, sencgru_recurrent_kernel_z         |
| array_partition | variable=sencgru_recurrent_kernel_r cyclic factor=8 dim=1             | src/student_top.cpp:181 in student_infer_pixel, sencgru_recurrent_kernel_r         |
| array_partition | variable=sencgru_recurrent_kernel_h cyclic factor=8 dim=1             | src/student_top.cpp:182 in student_infer_pixel, sencgru_recurrent_kernel_h         |
| array_partition | variable=sdecgru_recurrent_kernel_z cyclic factor=8 dim=1             | src/student_top.cpp:183 in student_infer_pixel, sdecgru_recurrent_kernel_z         |
| array_partition | variable=sdecgru_recurrent_kernel_r cyclic factor=8 dim=1             | src/student_top.cpp:184 in student_infer_pixel, sdecgru_recurrent_kernel_r         |
| array_partition | variable=sdecgru_recurrent_kernel_h cyclic factor=8 dim=1             | src/student_top.cpp:185 in student_infer_pixel, sdecgru_recurrent_kernel_h         |
| array_partition | variable=sdec_dense_kernel cyclic factor=8 dim=1                      | src/student_top.cpp:186 in student_infer_pixel, sdec_dense_kernel                  |
| unroll          |                                                                       | src/student_top.cpp:193 in student_infer_pixel                                     |
| unroll          |                                                                       | src/student_top.cpp:207 in student_infer_pixel                                     |
| unroll          |                                                                       | src/student_top.cpp:216 in student_infer_pixel                                     |
| unroll          |                                                                       | src/student_top.cpp:231 in student_infer_pixel                                     |
| pipeline        | II=4                                                                  | src/student_top.cpp:239 in student_infer_pixel                                     |
| pipeline        | II=1                                                                  | src/student_top_streaming8.cpp:14 in lane_worker8                                  |
| pipeline        | II=1                                                                  | src/student_top_streaming8.cpp:23 in lane_worker8                                  |
| interface       | m_axi port=tpsf_in_lane0 offset=slave bundle=gmem_in0 depth=4218750   | src/student_top_streaming8.cpp:48 in student_infer_frame_streaming8, tpsf_in_lane0 |
| interface       | m_axi port=tpsf_in_lane1 offset=slave bundle=gmem_in1 depth=4218750   | src/student_top_streaming8.cpp:49 in student_infer_frame_streaming8, tpsf_in_lane1 |
| interface       | m_axi port=tpsf_in_lane2 offset=slave bundle=gmem_in2 depth=4218750   | src/student_top_streaming8.cpp:50 in student_infer_frame_streaming8, tpsf_in_lane2 |
| interface       | m_axi port=tpsf_in_lane3 offset=slave bundle=gmem_in3 depth=4218750   | src/student_top_streaming8.cpp:51 in student_infer_frame_streaming8, tpsf_in_lane3 |
| interface       | m_axi port=tpsf_in_lane4 offset=slave bundle=gmem_in4 depth=4218750   | src/student_top_streaming8.cpp:52 in student_infer_frame_streaming8, tpsf_in_lane4 |
| interface       | m_axi port=tpsf_in_lane5 offset=slave bundle=gmem_in5 depth=4218750   | src/student_top_streaming8.cpp:53 in student_infer_frame_streaming8, tpsf_in_lane5 |
| interface       | m_axi port=tpsf_in_lane6 offset=slave bundle=gmem_in6 depth=4218750   | src/student_top_streaming8.cpp:54 in student_infer_frame_streaming8, tpsf_in_lane6 |
| interface       | m_axi port=tpsf_in_lane7 offset=slave bundle=gmem_in7 depth=4218750   | src/student_top_streaming8.cpp:55 in student_infer_frame_streaming8, tpsf_in_lane7 |
| interface       | m_axi port=sfd_out_lane0 offset=slave bundle=gmem_out0 depth=12656250 | src/student_top_streaming8.cpp:56 in student_infer_frame_streaming8, sfd_out_lane0 |
| interface       | m_axi port=sfd_out_lane1 offset=slave bundle=gmem_out1 depth=12656250 | src/student_top_streaming8.cpp:57 in student_infer_frame_streaming8, sfd_out_lane1 |
| interface       | m_axi port=sfd_out_lane2 offset=slave bundle=gmem_out2 depth=12656250 | src/student_top_streaming8.cpp:58 in student_infer_frame_streaming8, sfd_out_lane2 |
| interface       | m_axi port=sfd_out_lane3 offset=slave bundle=gmem_out3 depth=12656250 | src/student_top_streaming8.cpp:59 in student_infer_frame_streaming8, sfd_out_lane3 |
| interface       | m_axi port=sfd_out_lane4 offset=slave bundle=gmem_out4 depth=12656250 | src/student_top_streaming8.cpp:60 in student_infer_frame_streaming8, sfd_out_lane4 |
| interface       | m_axi port=sfd_out_lane5 offset=slave bundle=gmem_out5 depth=12656250 | src/student_top_streaming8.cpp:61 in student_infer_frame_streaming8, sfd_out_lane5 |
| interface       | m_axi port=sfd_out_lane6 offset=slave bundle=gmem_out6 depth=12656250 | src/student_top_streaming8.cpp:62 in student_infer_frame_streaming8, sfd_out_lane6 |
| interface       | m_axi port=sfd_out_lane7 offset=slave bundle=gmem_out7 depth=12656250 | src/student_top_streaming8.cpp:63 in student_infer_frame_streaming8, sfd_out_lane7 |
| interface       | s_axilite port=tpsf_in_lane0 bundle=control                           | src/student_top_streaming8.cpp:65 in student_infer_frame_streaming8, tpsf_in_lane0 |
| interface       | s_axilite port=tpsf_in_lane1 bundle=control                           | src/student_top_streaming8.cpp:66 in student_infer_frame_streaming8, tpsf_in_lane1 |
| interface       | s_axilite port=tpsf_in_lane2 bundle=control                           | src/student_top_streaming8.cpp:67 in student_infer_frame_streaming8, tpsf_in_lane2 |
| interface       | s_axilite port=tpsf_in_lane3 bundle=control                           | src/student_top_streaming8.cpp:68 in student_infer_frame_streaming8, tpsf_in_lane3 |
| interface       | s_axilite port=tpsf_in_lane4 bundle=control                           | src/student_top_streaming8.cpp:69 in student_infer_frame_streaming8, tpsf_in_lane4 |
| interface       | s_axilite port=tpsf_in_lane5 bundle=control                           | src/student_top_streaming8.cpp:70 in student_infer_frame_streaming8, tpsf_in_lane5 |
| interface       | s_axilite port=tpsf_in_lane6 bundle=control                           | src/student_top_streaming8.cpp:71 in student_infer_frame_streaming8, tpsf_in_lane6 |
| interface       | s_axilite port=tpsf_in_lane7 bundle=control                           | src/student_top_streaming8.cpp:72 in student_infer_frame_streaming8, tpsf_in_lane7 |
| interface       | s_axilite port=sfd_out_lane0 bundle=control                           | src/student_top_streaming8.cpp:73 in student_infer_frame_streaming8, sfd_out_lane0 |
| interface       | s_axilite port=sfd_out_lane1 bundle=control                           | src/student_top_streaming8.cpp:74 in student_infer_frame_streaming8, sfd_out_lane1 |
| interface       | s_axilite port=sfd_out_lane2 bundle=control                           | src/student_top_streaming8.cpp:75 in student_infer_frame_streaming8, sfd_out_lane2 |
| interface       | s_axilite port=sfd_out_lane3 bundle=control                           | src/student_top_streaming8.cpp:76 in student_infer_frame_streaming8, sfd_out_lane3 |
| interface       | s_axilite port=sfd_out_lane4 bundle=control                           | src/student_top_streaming8.cpp:77 in student_infer_frame_streaming8, sfd_out_lane4 |
| interface       | s_axilite port=sfd_out_lane5 bundle=control                           | src/student_top_streaming8.cpp:78 in student_infer_frame_streaming8, sfd_out_lane5 |
| interface       | s_axilite port=sfd_out_lane6 bundle=control                           | src/student_top_streaming8.cpp:79 in student_infer_frame_streaming8, sfd_out_lane6 |
| interface       | s_axilite port=sfd_out_lane7 bundle=control                           | src/student_top_streaming8.cpp:80 in student_infer_frame_streaming8, sfd_out_lane7 |
| interface       | s_axilite port=return bundle=control                                  | src/student_top_streaming8.cpp:81 in student_infer_frame_streaming8, return        |
| dataflow        |                                                                       | src/student_top_streaming8.cpp:83 in student_infer_frame_streaming8                |
+-----------------+-----------------------------------------------------------------------+------------------------------------------------------------------------------------+

* Inferred Pragmas
+---------------------------------+-----------------+---------------------------------------------+----------------------------------+
| Source Pragma                   | Inferred Pragma | Options                                     | Location                         |
+---------------------------------+-----------------+---------------------------------------------+----------------------------------+
| pipeline src/student_top.cpp:70 | array_partition | dim=1 type=cyclic factor=4 variable=h_enc.i | variable h_enc.i in lane_worker8 |
| pipeline src/student_top.cpp:70 | array_partition | dim=1 type=cyclic factor=4 variable=h_enc.i | variable h_enc.i in lane_worker8 |
| pipeline src/student_top.cpp:70 | array_partition | dim=1 type=cyclic factor=4 variable=h_enc.i | variable h_enc.i in lane_worker8 |
| pipeline src/student_top.cpp:70 | array_partition | dim=1 type=cyclic factor=4 variable=h_enc.i | variable h_enc.i in lane_worker8 |
| pipeline src/student_top.cpp:70 | array_partition | dim=1 type=cyclic factor=4 variable=h_enc.i | variable h_enc.i in lane_worker8 |
| pipeline src/student_top.cpp:70 | array_partition | dim=1 type=cyclic factor=4 variable=h_enc.i | variable h_enc.i in lane_worker8 |
| pipeline src/student_top.cpp:70 | array_partition | dim=1 type=cyclic factor=4 variable=h_enc.i | variable h_enc.i in lane_worker8 |
| pipeline src/student_top.cpp:70 | array_partition | dim=1 type=cyclic factor=4 variable=h_enc.i | variable h_enc.i in lane_worker8 |
| pipeline src/student_top.cpp:70 | array_partition | dim=1 type=cyclic factor=4 variable=h_dec.i | variable h_dec.i in lane_worker8 |
| pipeline src/student_top.cpp:70 | array_partition | dim=1 type=cyclic factor=4 variable=h_dec.i | variable h_dec.i in lane_worker8 |
| pipeline src/student_top.cpp:70 | array_partition | dim=1 type=cyclic factor=4 variable=h_dec.i | variable h_dec.i in lane_worker8 |
| pipeline src/student_top.cpp:70 | array_partition | dim=1 type=cyclic factor=4 variable=h_dec.i | variable h_dec.i in lane_worker8 |
| pipeline src/student_top.cpp:70 | array_partition | dim=1 type=cyclic factor=4 variable=h_dec.i | variable h_dec.i in lane_worker8 |
| pipeline src/student_top.cpp:70 | array_partition | dim=1 type=cyclic factor=4 variable=h_dec.i | variable h_dec.i in lane_worker8 |
| pipeline src/student_top.cpp:70 | array_partition | dim=1 type=cyclic factor=4 variable=h_dec.i | variable h_dec.i in lane_worker8 |
| pipeline src/student_top.cpp:70 | array_partition | dim=1 type=cyclic factor=4 variable=h_dec.i | variable h_dec.i in lane_worker8 |
+---------------------------------+-----------------+---------------------------------------------+----------------------------------+


