

================================================================
== Vitis HLS Report for 'gru_cell_step'
================================================================
* Date:           Tue Aug 18 11:36:26 2026

* Version:        2022.2 (Build 3670227 on Oct 13 2022)
* Project:        seq2seqlite_student_proj
* Solution:       solution_streaming8 (Vivado IP Flow Target)
* Product family: kintex7
* Target device:  xc7k410t-ffg676-1


================================================================
== Performance Estimates
================================================================
+ Timing: 
    * Summary: 
    +--------+---------+----------+------------+
    |  Clock |  Target | Estimated| Uncertainty|
    +--------+---------+----------+------------+
    |ap_clk  |  4.50 ns|  3.245 ns|     1.22 ns|
    +--------+---------+----------+------------+

+ Latency: 
    * Summary: 
    +---------+---------+----------+----------+-----+-----+---------+
    |  Latency (cycles) |  Latency (absolute) |  Interval | Pipeline|
    |   min   |   max   |    min   |    max   | min | max |   Type  |
    +---------+---------+----------+----------+-----+-----+---------+
    |      340|      340|  1.530 us|  1.530 us|  340|  340|       no|
    +---------+---------+----------+----------+-----+-----+---------+

    + Detail: 
        * Instance: 
        +-----------------------------------------------------+-----------------------------------------+---------+---------+----------+----------+-----+-----+---------+
        |                                                     |                                         |  Latency (cycles) |  Latency (absolute) |  Interval | Pipeline|
        |                       Instance                      |                  Module                 |   min   |   max   |    min   |    max   | min | max |   Type  |
        +-----------------------------------------------------+-----------------------------------------+---------+---------+----------+----------+-----+-----+---------+
        |grp_gru_cell_step_Pipeline_VITIS_LOOP_69_1_fu_917    |gru_cell_step_Pipeline_VITIS_LOOP_69_1   |      153|      153|  0.689 us|  0.689 us|  153|  153|       no|
        |grp_gru_cell_step_Pipeline_VITIS_LOOP_120_5_fu_1107  |gru_cell_step_Pipeline_VITIS_LOOP_120_5  |      159|      159|  0.716 us|  0.716 us|  159|  159|       no|
        +-----------------------------------------------------+-----------------------------------------+---------+---------+----------+----------+-----+-----+---------+

        * Loop: 
        N/A



================================================================
== Utilization Estimates
================================================================
* Summary: 
+-----------------+---------+------+--------+--------+-----+
|       Name      | BRAM_18K|  DSP |   FF   |   LUT  | URAM|
+-----------------+---------+------+--------+--------+-----+
|DSP              |        -|    32|       -|       -|    -|
|Expression       |        -|     -|       0|    4672|    -|
|FIFO             |        -|     -|       -|       -|    -|
|Instance         |        0|    68|   25550|   12300|    -|
|Memory           |        0|     -|      45|      16|    0|
|Multiplexer      |        -|     -|       -|    1882|    -|
|Register         |        -|     -|    2719|       -|    -|
+-----------------+---------+------+--------+--------+-----+
|Total            |        0|   100|   28314|   18870|    0|
+-----------------+---------+------+--------+--------+-----+
|Available        |     1590|  1540|  508400|  254200|    0|
+-----------------+---------+------+--------+--------+-----+
|Utilization (%)  |        0|     6|       5|       7|    0|
+-----------------+---------+------+--------+--------+-----+

+ Detail: 
    * Instance: 
    +-----------------------------------------------------+-----------------------------------------+---------+----+-------+------+-----+
    |                       Instance                      |                  Module                 | BRAM_18K| DSP|   FF  |  LUT | URAM|
    +-----------------------------------------------------+-----------------------------------------+---------+----+-------+------+-----+
    |grp_gru_cell_step_Pipeline_VITIS_LOOP_120_5_fu_1107  |gru_cell_step_Pipeline_VITIS_LOOP_120_5  |        0|   2|   6647|  3853|    0|
    |grp_gru_cell_step_Pipeline_VITIS_LOOP_69_1_fu_917    |gru_cell_step_Pipeline_VITIS_LOOP_69_1   |        0|  33|  13478|  6280|    0|
    |mul_23s_21s_44_5_1_U344                              |mul_23s_21s_44_5_1                       |        0|   1|    169|    67|    0|
    |mul_23s_21s_44_5_1_U347                              |mul_23s_21s_44_5_1                       |        0|   1|    169|    67|    0|
    |mul_23s_21s_44_5_1_U351                              |mul_23s_21s_44_5_1                       |        0|   1|    169|    67|    0|
    |mul_23s_21s_44_5_1_U355                              |mul_23s_21s_44_5_1                       |        0|   1|    169|    67|    0|
    |mul_23s_21s_44_5_1_U358                              |mul_23s_21s_44_5_1                       |        0|   1|    169|    67|    0|
    |mul_23s_21s_44_5_1_U359                              |mul_23s_21s_44_5_1                       |        0|   1|    169|    67|    0|
    |mul_23s_21s_44_5_1_U364                              |mul_23s_21s_44_5_1                       |        0|   1|    169|    67|    0|
    |mul_23s_21s_44_5_1_U369                              |mul_23s_21s_44_5_1                       |        0|   1|    169|    67|    0|
    |mul_23s_22s_45_5_1_U345                              |mul_23s_22s_45_5_1                       |        0|   1|    169|    67|    0|
    |mul_23s_22s_45_5_1_U346                              |mul_23s_22s_45_5_1                       |        0|   1|    169|    67|    0|
    |mul_23s_22s_45_5_1_U348                              |mul_23s_22s_45_5_1                       |        0|   1|    169|    67|    0|
    |mul_23s_22s_45_5_1_U349                              |mul_23s_22s_45_5_1                       |        0|   1|    169|    67|    0|
    |mul_23s_22s_45_5_1_U350                              |mul_23s_22s_45_5_1                       |        0|   1|    169|    67|    0|
    |mul_23s_22s_45_5_1_U352                              |mul_23s_22s_45_5_1                       |        0|   1|    169|    67|    0|
    |mul_23s_22s_45_5_1_U353                              |mul_23s_22s_45_5_1                       |        0|   1|    169|    67|    0|
    |mul_23s_22s_45_5_1_U354                              |mul_23s_22s_45_5_1                       |        0|   1|    169|    67|    0|
    |mul_23s_22s_45_5_1_U356                              |mul_23s_22s_45_5_1                       |        0|   1|    169|    67|    0|
    |mul_23s_22s_45_5_1_U357                              |mul_23s_22s_45_5_1                       |        0|   1|    169|    67|    0|
    |mul_23s_22s_45_5_1_U360                              |mul_23s_22s_45_5_1                       |        0|   1|    169|    67|    0|
    |mul_23s_22s_45_5_1_U361                              |mul_23s_22s_45_5_1                       |        0|   1|    169|    67|    0|
    |mul_23s_22s_45_5_1_U362                              |mul_23s_22s_45_5_1                       |        0|   1|    169|    67|    0|
    |mul_23s_22s_45_5_1_U363                              |mul_23s_22s_45_5_1                       |        0|   1|    169|    67|    0|
    |mul_23s_22s_45_5_1_U365                              |mul_23s_22s_45_5_1                       |        0|   1|    169|    67|    0|
    |mul_23s_22s_45_5_1_U366                              |mul_23s_22s_45_5_1                       |        0|   1|    169|    67|    0|
    |mul_23s_22s_45_5_1_U367                              |mul_23s_22s_45_5_1                       |        0|   1|    169|    67|    0|
    |mul_23s_22s_45_5_1_U370                              |mul_23s_22s_45_5_1                       |        0|   1|    169|    67|    0|
    |mul_23s_22s_45_5_1_U371                              |mul_23s_22s_45_5_1                       |        0|   1|    169|    67|    0|
    |mul_23s_22s_45_5_1_U373                              |mul_23s_22s_45_5_1                       |        0|   1|    169|    67|    0|
    |mul_23s_22s_45_5_1_U374                              |mul_23s_22s_45_5_1                       |        0|   1|    169|    67|    0|
    |mul_23s_23s_46_5_1_U368                              |mul_23s_23s_46_5_1                       |        0|   1|    169|    67|    0|
    |mul_23s_23s_46_5_1_U372                              |mul_23s_23s_46_5_1                       |        0|   1|    169|    67|    0|
    |mul_23s_23s_46_5_1_U375                              |mul_23s_23s_46_5_1                       |        0|   1|    169|    67|    0|
    |mul_24s_23s_47_3_1_U343                              |mul_24s_23s_47_3_1                       |        0|   1|     17|    23|    0|
    +-----------------------------------------------------+-----------------------------------------+---------+----+-------+------+-----+
    |Total                                                |                                         |        0|  68|  25550| 12300|    0|
    +-----------------------------------------------------+-----------------------------------------+---------+----+-------+------+-----+

    * DSP: 
    +------------------------------+-------------------------+-----------+
    |           Instance           |          Module         | Expression|
    +------------------------------+-------------------------+-----------+
    |mul_mul_15ns_15s_30_4_1_U311  |mul_mul_15ns_15s_30_4_1  |    i0 * i1|
    |mul_mul_15ns_15s_30_4_1_U312  |mul_mul_15ns_15s_30_4_1  |    i0 * i1|
    |mul_mul_15ns_15s_30_4_1_U313  |mul_mul_15ns_15s_30_4_1  |    i0 * i1|
    |mul_mul_15ns_15s_30_4_1_U314  |mul_mul_15ns_15s_30_4_1  |    i0 * i1|
    |mul_mul_15ns_15s_30_4_1_U315  |mul_mul_15ns_15s_30_4_1  |    i0 * i1|
    |mul_mul_15ns_15s_30_4_1_U316  |mul_mul_15ns_15s_30_4_1  |    i0 * i1|
    |mul_mul_15ns_15s_30_4_1_U317  |mul_mul_15ns_15s_30_4_1  |    i0 * i1|
    |mul_mul_15ns_15s_30_4_1_U318  |mul_mul_15ns_15s_30_4_1  |    i0 * i1|
    |mul_mul_15ns_15s_30_4_1_U319  |mul_mul_15ns_15s_30_4_1  |    i0 * i1|
    |mul_mul_15ns_15s_30_4_1_U320  |mul_mul_15ns_15s_30_4_1  |    i0 * i1|
    |mul_mul_15ns_15s_30_4_1_U321  |mul_mul_15ns_15s_30_4_1  |    i0 * i1|
    |mul_mul_15ns_15s_30_4_1_U322  |mul_mul_15ns_15s_30_4_1  |    i0 * i1|
    |mul_mul_15ns_15s_30_4_1_U323  |mul_mul_15ns_15s_30_4_1  |    i0 * i1|
    |mul_mul_15ns_15s_30_4_1_U324  |mul_mul_15ns_15s_30_4_1  |    i0 * i1|
    |mul_mul_15ns_15s_30_4_1_U325  |mul_mul_15ns_15s_30_4_1  |    i0 * i1|
    |mul_mul_15ns_15s_30_4_1_U326  |mul_mul_15ns_15s_30_4_1  |    i0 * i1|
    |mul_mul_15ns_15s_30_4_1_U327  |mul_mul_15ns_15s_30_4_1  |    i0 * i1|
    |mul_mul_15ns_15s_30_4_1_U328  |mul_mul_15ns_15s_30_4_1  |    i0 * i1|
    |mul_mul_15ns_15s_30_4_1_U329  |mul_mul_15ns_15s_30_4_1  |    i0 * i1|
    |mul_mul_15ns_15s_30_4_1_U330  |mul_mul_15ns_15s_30_4_1  |    i0 * i1|
    |mul_mul_15ns_15s_30_4_1_U331  |mul_mul_15ns_15s_30_4_1  |    i0 * i1|
    |mul_mul_15ns_15s_30_4_1_U332  |mul_mul_15ns_15s_30_4_1  |    i0 * i1|
    |mul_mul_15ns_15s_30_4_1_U333  |mul_mul_15ns_15s_30_4_1  |    i0 * i1|
    |mul_mul_15ns_15s_30_4_1_U334  |mul_mul_15ns_15s_30_4_1  |    i0 * i1|
    |mul_mul_15ns_15s_30_4_1_U335  |mul_mul_15ns_15s_30_4_1  |    i0 * i1|
    |mul_mul_15ns_15s_30_4_1_U336  |mul_mul_15ns_15s_30_4_1  |    i0 * i1|
    |mul_mul_15ns_15s_30_4_1_U337  |mul_mul_15ns_15s_30_4_1  |    i0 * i1|
    |mul_mul_15ns_15s_30_4_1_U338  |mul_mul_15ns_15s_30_4_1  |    i0 * i1|
    |mul_mul_15ns_15s_30_4_1_U339  |mul_mul_15ns_15s_30_4_1  |    i0 * i1|
    |mul_mul_15ns_15s_30_4_1_U340  |mul_mul_15ns_15s_30_4_1  |    i0 * i1|
    |mul_mul_15ns_15s_30_4_1_U341  |mul_mul_15ns_15s_30_4_1  |    i0 * i1|
    |mul_mul_15ns_15s_30_4_1_U342  |mul_mul_15ns_15s_30_4_1  |    i0 * i1|
    +------------------------------+-------------------------+-----------+

    * Memory: 
    +-------+---------------------------------+---------+----+----+-----+------+-----+------+-------------+
    | Memory|              Module             | BRAM_18K| FF | LUT| URAM| Words| Bits| Banks| W*Bits*Banks|
    +-------+---------------------------------+---------+----+----+-----+------+-----+------+-------------+
    |r_V_U  |gru_cell_step_r_V_RAM_AUTO_1R1W  |        0|  30|   8|    0|    32|   15|     1|          480|
    |z_V_U  |gru_cell_step_z_V_RAM_AUTO_1R1W  |        0|  15|   8|    0|    32|   15|     1|          480|
    +-------+---------------------------------+---------+----+----+-----+------+-----+------+-------------+
    |Total  |                                 |        0|  45|  16|    0|    64|   30|     2|          960|
    +-------+---------------------------------+---------+----+----+-----+------+-----+------+-------------+

    * FIFO: 
    N/A

    * Expression: 
    +-----------------------------+----------+----+---+----+------------+------------+
    |        Variable Name        | Operation| DSP| FF| LUT| Bitwidth P0| Bitwidth P1|
    +-----------------------------+----------+----+---+----+------------+------------+
    |p_Val2_179_fu_1710_p2        |         +|   0|  0|  15|           8|           8|
    |p_Val2_182_fu_1840_p2        |         +|   0|  0|  15|           8|           8|
    |p_Val2_185_fu_2074_p2        |         +|   0|  0|  15|           8|           8|
    |p_Val2_188_fu_2204_p2        |         +|   0|  0|  15|           8|           8|
    |p_Val2_191_fu_2464_p2        |         +|   0|  0|  15|           8|           8|
    |p_Val2_194_fu_2594_p2        |         +|   0|  0|  15|           8|           8|
    |p_Val2_197_fu_2854_p2        |         +|   0|  0|  15|           8|           8|
    |p_Val2_200_fu_2984_p2        |         +|   0|  0|  15|           8|           8|
    |p_Val2_203_fu_3244_p2        |         +|   0|  0|  15|           8|           8|
    |p_Val2_206_fu_3374_p2        |         +|   0|  0|  15|           8|           8|
    |p_Val2_209_fu_3634_p2        |         +|   0|  0|  15|           8|           8|
    |p_Val2_212_fu_3764_p2        |         +|   0|  0|  15|           8|           8|
    |p_Val2_215_fu_4024_p2        |         +|   0|  0|  15|           8|           8|
    |p_Val2_218_fu_4154_p2        |         +|   0|  0|  15|           8|           8|
    |p_Val2_221_fu_4414_p2        |         +|   0|  0|  15|           8|           8|
    |p_Val2_224_fu_4544_p2        |         +|   0|  0|  15|           8|           8|
    |p_Val2_227_fu_4804_p2        |         +|   0|  0|  15|           8|           8|
    |p_Val2_230_fu_4934_p2        |         +|   0|  0|  15|           8|           8|
    |p_Val2_233_fu_5194_p2        |         +|   0|  0|  15|           8|           8|
    |p_Val2_236_fu_5324_p2        |         +|   0|  0|  15|           8|           8|
    |p_Val2_239_fu_5584_p2        |         +|   0|  0|  15|           8|           8|
    |p_Val2_242_fu_5714_p2        |         +|   0|  0|  15|           8|           8|
    |p_Val2_245_fu_5974_p2        |         +|   0|  0|  15|           8|           8|
    |p_Val2_248_fu_6104_p2        |         +|   0|  0|  15|           8|           8|
    |p_Val2_251_fu_6364_p2        |         +|   0|  0|  15|           8|           8|
    |p_Val2_254_fu_6494_p2        |         +|   0|  0|  15|           8|           8|
    |p_Val2_257_fu_6724_p2        |         +|   0|  0|  15|           8|           8|
    |p_Val2_260_fu_6854_p2        |         +|   0|  0|  15|           8|           8|
    |p_Val2_263_fu_7084_p2        |         +|   0|  0|  15|           8|           8|
    |p_Val2_266_fu_7214_p2        |         +|   0|  0|  15|           8|           8|
    |p_Val2_269_fu_7444_p2        |         +|   0|  0|  15|           8|           8|
    |p_Val2_272_fu_7574_p2        |         +|   0|  0|  15|           8|           8|
    |and_ln891_34_fu_1905_p2      |       and|   0|  0|   6|           1|           1|
    |and_ln891_35_fu_2139_p2      |       and|   0|  0|   6|           1|           1|
    |and_ln891_36_fu_2269_p2      |       and|   0|  0|   6|           1|           1|
    |and_ln891_37_fu_2529_p2      |       and|   0|  0|   6|           1|           1|
    |and_ln891_38_fu_2659_p2      |       and|   0|  0|   6|           1|           1|
    |and_ln891_39_fu_2919_p2      |       and|   0|  0|   6|           1|           1|
    |and_ln891_40_fu_3049_p2      |       and|   0|  0|   6|           1|           1|
    |and_ln891_41_fu_3309_p2      |       and|   0|  0|   6|           1|           1|
    |and_ln891_42_fu_3439_p2      |       and|   0|  0|   6|           1|           1|
    |and_ln891_43_fu_3699_p2      |       and|   0|  0|   6|           1|           1|
    |and_ln891_44_fu_3829_p2      |       and|   0|  0|   6|           1|           1|
    |and_ln891_45_fu_4089_p2      |       and|   0|  0|   6|           1|           1|
    |and_ln891_46_fu_4219_p2      |       and|   0|  0|   6|           1|           1|
    |and_ln891_47_fu_4479_p2      |       and|   0|  0|   6|           1|           1|
    |and_ln891_48_fu_4609_p2      |       and|   0|  0|   6|           1|           1|
    |and_ln891_49_fu_4869_p2      |       and|   0|  0|   6|           1|           1|
    |and_ln891_50_fu_4999_p2      |       and|   0|  0|   6|           1|           1|
    |and_ln891_51_fu_5259_p2      |       and|   0|  0|   6|           1|           1|
    |and_ln891_52_fu_5389_p2      |       and|   0|  0|   6|           1|           1|
    |and_ln891_53_fu_5649_p2      |       and|   0|  0|   6|           1|           1|
    |and_ln891_54_fu_5779_p2      |       and|   0|  0|   6|           1|           1|
    |and_ln891_55_fu_6039_p2      |       and|   0|  0|   6|           1|           1|
    |and_ln891_56_fu_6169_p2      |       and|   0|  0|   6|           1|           1|
    |and_ln891_57_fu_6429_p2      |       and|   0|  0|   6|           1|           1|
    |and_ln891_58_fu_6559_p2      |       and|   0|  0|   6|           1|           1|
    |and_ln891_59_fu_6789_p2      |       and|   0|  0|   6|           1|           1|
    |and_ln891_60_fu_6919_p2      |       and|   0|  0|   6|           1|           1|
    |and_ln891_61_fu_7149_p2      |       and|   0|  0|   6|           1|           1|
    |and_ln891_62_fu_7279_p2      |       and|   0|  0|   6|           1|           1|
    |and_ln891_63_fu_7509_p2      |       and|   0|  0|   6|           1|           1|
    |and_ln891_64_fu_7639_p2      |       and|   0|  0|   6|           1|           1|
    |and_ln891_65_fu_1770_p2      |       and|   0|  0|   6|           1|           1|
    |and_ln891_66_fu_1900_p2      |       and|   0|  0|   6|           1|           1|
    |and_ln891_67_fu_2134_p2      |       and|   0|  0|   6|           1|           1|
    |and_ln891_68_fu_2264_p2      |       and|   0|  0|   6|           1|           1|
    |and_ln891_69_fu_2524_p2      |       and|   0|  0|   6|           1|           1|
    |and_ln891_70_fu_2654_p2      |       and|   0|  0|   6|           1|           1|
    |and_ln891_71_fu_2914_p2      |       and|   0|  0|   6|           1|           1|
    |and_ln891_72_fu_3044_p2      |       and|   0|  0|   6|           1|           1|
    |and_ln891_73_fu_3304_p2      |       and|   0|  0|   6|           1|           1|
    |and_ln891_74_fu_3434_p2      |       and|   0|  0|   6|           1|           1|
    |and_ln891_75_fu_3694_p2      |       and|   0|  0|   6|           1|           1|
    |and_ln891_76_fu_3824_p2      |       and|   0|  0|   6|           1|           1|
    |and_ln891_77_fu_4084_p2      |       and|   0|  0|   6|           1|           1|
    |and_ln891_78_fu_4214_p2      |       and|   0|  0|   6|           1|           1|
    |and_ln891_79_fu_4474_p2      |       and|   0|  0|   6|           1|           1|
    |and_ln891_80_fu_4604_p2      |       and|   0|  0|   6|           1|           1|
    |and_ln891_81_fu_4864_p2      |       and|   0|  0|   6|           1|           1|
    |and_ln891_82_fu_4994_p2      |       and|   0|  0|   6|           1|           1|
    |and_ln891_83_fu_5254_p2      |       and|   0|  0|   6|           1|           1|
    |and_ln891_84_fu_5384_p2      |       and|   0|  0|   6|           1|           1|
    |and_ln891_85_fu_5644_p2      |       and|   0|  0|   6|           1|           1|
    |and_ln891_86_fu_5774_p2      |       and|   0|  0|   6|           1|           1|
    |and_ln891_87_fu_6034_p2      |       and|   0|  0|   6|           1|           1|
    |and_ln891_88_fu_6164_p2      |       and|   0|  0|   6|           1|           1|
    |and_ln891_89_fu_6424_p2      |       and|   0|  0|   6|           1|           1|
    |and_ln891_90_fu_6554_p2      |       and|   0|  0|   6|           1|           1|
    |and_ln891_91_fu_6784_p2      |       and|   0|  0|   6|           1|           1|
    |and_ln891_92_fu_6914_p2      |       and|   0|  0|   6|           1|           1|
    |and_ln891_93_fu_7144_p2      |       and|   0|  0|   6|           1|           1|
    |and_ln891_94_fu_7274_p2      |       and|   0|  0|   6|           1|           1|
    |and_ln891_95_fu_7504_p2      |       and|   0|  0|   6|           1|           1|
    |and_ln891_96_fu_7634_p2      |       and|   0|  0|   6|           1|           1|
    |and_ln891_fu_1775_p2         |       and|   0|  0|   6|           1|           1|
    |deleted_ones_65_fu_1895_p2   |       and|   0|  0|   6|           1|           1|
    |deleted_ones_66_fu_2129_p2   |       and|   0|  0|   6|           1|           1|
    |deleted_ones_67_fu_2259_p2   |       and|   0|  0|   6|           1|           1|
    |deleted_ones_68_fu_2519_p2   |       and|   0|  0|   6|           1|           1|
    |deleted_ones_69_fu_2649_p2   |       and|   0|  0|   6|           1|           1|
    |deleted_ones_70_fu_2909_p2   |       and|   0|  0|   6|           1|           1|
    |deleted_ones_71_fu_3039_p2   |       and|   0|  0|   6|           1|           1|
    |deleted_ones_72_fu_3299_p2   |       and|   0|  0|   6|           1|           1|
    |deleted_ones_73_fu_3429_p2   |       and|   0|  0|   6|           1|           1|
    |deleted_ones_74_fu_3689_p2   |       and|   0|  0|   6|           1|           1|
    |deleted_ones_75_fu_3819_p2   |       and|   0|  0|   6|           1|           1|
    |deleted_ones_76_fu_4079_p2   |       and|   0|  0|   6|           1|           1|
    |deleted_ones_77_fu_4209_p2   |       and|   0|  0|   6|           1|           1|
    |deleted_ones_78_fu_4469_p2   |       and|   0|  0|   6|           1|           1|
    |deleted_ones_79_fu_4599_p2   |       and|   0|  0|   6|           1|           1|
    |deleted_ones_80_fu_4859_p2   |       and|   0|  0|   6|           1|           1|
    |deleted_ones_81_fu_4989_p2   |       and|   0|  0|   6|           1|           1|
    |deleted_ones_82_fu_5249_p2   |       and|   0|  0|   6|           1|           1|
    |deleted_ones_83_fu_5379_p2   |       and|   0|  0|   6|           1|           1|
    |deleted_ones_84_fu_5639_p2   |       and|   0|  0|   6|           1|           1|
    |deleted_ones_85_fu_5769_p2   |       and|   0|  0|   6|           1|           1|
    |deleted_ones_86_fu_6029_p2   |       and|   0|  0|   6|           1|           1|
    |deleted_ones_87_fu_6159_p2   |       and|   0|  0|   6|           1|           1|
    |deleted_ones_88_fu_6419_p2   |       and|   0|  0|   6|           1|           1|
    |deleted_ones_89_fu_6549_p2   |       and|   0|  0|   6|           1|           1|
    |deleted_ones_90_fu_6779_p2   |       and|   0|  0|   6|           1|           1|
    |deleted_ones_91_fu_6909_p2   |       and|   0|  0|   6|           1|           1|
    |deleted_ones_92_fu_7139_p2   |       and|   0|  0|   6|           1|           1|
    |deleted_ones_93_fu_7269_p2   |       and|   0|  0|   6|           1|           1|
    |deleted_ones_94_fu_7499_p2   |       and|   0|  0|   6|           1|           1|
    |deleted_ones_95_fu_7629_p2   |       and|   0|  0|   6|           1|           1|
    |deleted_ones_fu_1765_p2      |       and|   0|  0|   6|           1|           1|
    |overflow_65_fu_1932_p2       |       and|   0|  0|   6|           1|           1|
    |overflow_66_fu_2166_p2       |       and|   0|  0|   6|           1|           1|
    |overflow_67_fu_2296_p2       |       and|   0|  0|   6|           1|           1|
    |overflow_68_fu_2556_p2       |       and|   0|  0|   6|           1|           1|
    |overflow_69_fu_2686_p2       |       and|   0|  0|   6|           1|           1|
    |overflow_70_fu_2946_p2       |       and|   0|  0|   6|           1|           1|
    |overflow_71_fu_3076_p2       |       and|   0|  0|   6|           1|           1|
    |overflow_72_fu_3336_p2       |       and|   0|  0|   6|           1|           1|
    |overflow_73_fu_3466_p2       |       and|   0|  0|   6|           1|           1|
    |overflow_74_fu_3726_p2       |       and|   0|  0|   6|           1|           1|
    |overflow_75_fu_3856_p2       |       and|   0|  0|   6|           1|           1|
    |overflow_76_fu_4116_p2       |       and|   0|  0|   6|           1|           1|
    |overflow_77_fu_4246_p2       |       and|   0|  0|   6|           1|           1|
    |overflow_78_fu_4506_p2       |       and|   0|  0|   6|           1|           1|
    |overflow_79_fu_4636_p2       |       and|   0|  0|   6|           1|           1|
    |overflow_80_fu_4896_p2       |       and|   0|  0|   6|           1|           1|
    |overflow_81_fu_5026_p2       |       and|   0|  0|   6|           1|           1|
    |overflow_82_fu_5286_p2       |       and|   0|  0|   6|           1|           1|
    |overflow_83_fu_5416_p2       |       and|   0|  0|   6|           1|           1|
    |overflow_84_fu_5676_p2       |       and|   0|  0|   6|           1|           1|
    |overflow_85_fu_5806_p2       |       and|   0|  0|   6|           1|           1|
    |overflow_86_fu_6066_p2       |       and|   0|  0|   6|           1|           1|
    |overflow_87_fu_6196_p2       |       and|   0|  0|   6|           1|           1|
    |overflow_88_fu_6456_p2       |       and|   0|  0|   6|           1|           1|
    |overflow_89_fu_6586_p2       |       and|   0|  0|   6|           1|           1|
    |overflow_90_fu_6816_p2       |       and|   0|  0|   6|           1|           1|
    |overflow_91_fu_6946_p2       |       and|   0|  0|   6|           1|           1|
    |overflow_92_fu_7176_p2       |       and|   0|  0|   6|           1|           1|
    |overflow_93_fu_7306_p2       |       and|   0|  0|   6|           1|           1|
    |overflow_94_fu_7536_p2       |       and|   0|  0|   6|           1|           1|
    |overflow_95_fu_7666_p2       |       and|   0|  0|   6|           1|           1|
    |overflow_fu_1802_p2          |       and|   0|  0|   6|           1|           1|
    |underflow_65_fu_1956_p2      |       and|   0|  0|   6|           1|           1|
    |underflow_66_fu_2190_p2      |       and|   0|  0|   6|           1|           1|
    |underflow_67_fu_2320_p2      |       and|   0|  0|   6|           1|           1|
    |underflow_68_fu_2580_p2      |       and|   0|  0|   6|           1|           1|
    |underflow_69_fu_2710_p2      |       and|   0|  0|   6|           1|           1|
    |underflow_70_fu_2970_p2      |       and|   0|  0|   6|           1|           1|
    |underflow_71_fu_3100_p2      |       and|   0|  0|   6|           1|           1|
    |underflow_72_fu_3360_p2      |       and|   0|  0|   6|           1|           1|
    |underflow_73_fu_3490_p2      |       and|   0|  0|   6|           1|           1|
    |underflow_74_fu_3750_p2      |       and|   0|  0|   6|           1|           1|
    |underflow_75_fu_3880_p2      |       and|   0|  0|   6|           1|           1|
    |underflow_76_fu_4140_p2      |       and|   0|  0|   6|           1|           1|
    |underflow_77_fu_4270_p2      |       and|   0|  0|   6|           1|           1|
    |underflow_78_fu_4530_p2      |       and|   0|  0|   6|           1|           1|
    |underflow_79_fu_4660_p2      |       and|   0|  0|   6|           1|           1|
    |underflow_80_fu_4920_p2      |       and|   0|  0|   6|           1|           1|
    |underflow_81_fu_5050_p2      |       and|   0|  0|   6|           1|           1|
    |underflow_82_fu_5310_p2      |       and|   0|  0|   6|           1|           1|
    |underflow_83_fu_5440_p2      |       and|   0|  0|   6|           1|           1|
    |underflow_84_fu_5700_p2      |       and|   0|  0|   6|           1|           1|
    |underflow_85_fu_5830_p2      |       and|   0|  0|   6|           1|           1|
    |underflow_86_fu_6090_p2      |       and|   0|  0|   6|           1|           1|
    |underflow_87_fu_6220_p2      |       and|   0|  0|   6|           1|           1|
    |underflow_88_fu_6480_p2      |       and|   0|  0|   6|           1|           1|
    |underflow_89_fu_6610_p2      |       and|   0|  0|   6|           1|           1|
    |underflow_90_fu_6840_p2      |       and|   0|  0|   6|           1|           1|
    |underflow_91_fu_6970_p2      |       and|   0|  0|   6|           1|           1|
    |underflow_92_fu_7200_p2      |       and|   0|  0|   6|           1|           1|
    |underflow_93_fu_7330_p2      |       and|   0|  0|   6|           1|           1|
    |underflow_94_fu_7560_p2      |       and|   0|  0|   6|           1|           1|
    |underflow_95_fu_7690_p2      |       and|   0|  0|   6|           1|           1|
    |underflow_fu_1826_p2         |       and|   0|  0|   6|           1|           1|
    |or_ln346_32_fu_1961_p2       |        or|   0|  0|   6|           1|           1|
    |or_ln346_33_fu_2195_p2       |        or|   0|  0|   6|           1|           1|
    |or_ln346_34_fu_2325_p2       |        or|   0|  0|   6|           1|           1|
    |or_ln346_35_fu_2585_p2       |        or|   0|  0|   6|           1|           1|
    |or_ln346_36_fu_2715_p2       |        or|   0|  0|   6|           1|           1|
    |or_ln346_37_fu_2975_p2       |        or|   0|  0|   6|           1|           1|
    |or_ln346_38_fu_3105_p2       |        or|   0|  0|   6|           1|           1|
    |or_ln346_39_fu_3365_p2       |        or|   0|  0|   6|           1|           1|
    |or_ln346_40_fu_3495_p2       |        or|   0|  0|   6|           1|           1|
    |or_ln346_41_fu_3755_p2       |        or|   0|  0|   6|           1|           1|
    |or_ln346_42_fu_3885_p2       |        or|   0|  0|   6|           1|           1|
    |or_ln346_43_fu_4145_p2       |        or|   0|  0|   6|           1|           1|
    |or_ln346_44_fu_4275_p2       |        or|   0|  0|   6|           1|           1|
    |or_ln346_45_fu_4535_p2       |        or|   0|  0|   6|           1|           1|
    |or_ln346_46_fu_4665_p2       |        or|   0|  0|   6|           1|           1|
    |or_ln346_47_fu_4925_p2       |        or|   0|  0|   6|           1|           1|
    |or_ln346_48_fu_5055_p2       |        or|   0|  0|   6|           1|           1|
    |or_ln346_49_fu_5315_p2       |        or|   0|  0|   6|           1|           1|
    |or_ln346_50_fu_5445_p2       |        or|   0|  0|   6|           1|           1|
    |or_ln346_51_fu_5705_p2       |        or|   0|  0|   6|           1|           1|
    |or_ln346_52_fu_5835_p2       |        or|   0|  0|   6|           1|           1|
    |or_ln346_53_fu_6095_p2       |        or|   0|  0|   6|           1|           1|
    |or_ln346_54_fu_6225_p2       |        or|   0|  0|   6|           1|           1|
    |or_ln346_55_fu_6485_p2       |        or|   0|  0|   6|           1|           1|
    |or_ln346_56_fu_6615_p2       |        or|   0|  0|   6|           1|           1|
    |or_ln346_57_fu_6845_p2       |        or|   0|  0|   6|           1|           1|
    |or_ln346_58_fu_6975_p2       |        or|   0|  0|   6|           1|           1|
    |or_ln346_59_fu_7205_p2       |        or|   0|  0|   6|           1|           1|
    |or_ln346_60_fu_7335_p2       |        or|   0|  0|   6|           1|           1|
    |or_ln346_61_fu_7565_p2       |        or|   0|  0|   6|           1|           1|
    |or_ln346_62_fu_7695_p2       |        or|   0|  0|   6|           1|           1|
    |or_ln346_fu_1831_p2          |        or|   0|  0|   6|           1|           1|
    |or_ln888_32_fu_1864_p2       |        or|   0|  0|   6|           1|           1|
    |or_ln888_33_fu_2098_p2       |        or|   0|  0|   6|           1|           1|
    |or_ln888_34_fu_2228_p2       |        or|   0|  0|   6|           1|           1|
    |or_ln888_35_fu_2488_p2       |        or|   0|  0|   6|           1|           1|
    |or_ln888_36_fu_2618_p2       |        or|   0|  0|   6|           1|           1|
    |or_ln888_37_fu_2878_p2       |        or|   0|  0|   6|           1|           1|
    |or_ln888_38_fu_3008_p2       |        or|   0|  0|   6|           1|           1|
    |or_ln888_39_fu_3268_p2       |        or|   0|  0|   6|           1|           1|
    |or_ln888_40_fu_3398_p2       |        or|   0|  0|   6|           1|           1|
    |or_ln888_41_fu_3658_p2       |        or|   0|  0|   6|           1|           1|
    |or_ln888_42_fu_3788_p2       |        or|   0|  0|   6|           1|           1|
    |or_ln888_43_fu_4048_p2       |        or|   0|  0|   6|           1|           1|
    |or_ln888_44_fu_4178_p2       |        or|   0|  0|   6|           1|           1|
    |or_ln888_45_fu_4438_p2       |        or|   0|  0|   6|           1|           1|
    |or_ln888_46_fu_4568_p2       |        or|   0|  0|   6|           1|           1|
    |or_ln888_47_fu_4828_p2       |        or|   0|  0|   6|           1|           1|
    |or_ln888_48_fu_4958_p2       |        or|   0|  0|   6|           1|           1|
    |or_ln888_49_fu_5218_p2       |        or|   0|  0|   6|           1|           1|
    |or_ln888_50_fu_5348_p2       |        or|   0|  0|   6|           1|           1|
    |or_ln888_51_fu_5608_p2       |        or|   0|  0|   6|           1|           1|
    |or_ln888_52_fu_5738_p2       |        or|   0|  0|   6|           1|           1|
    |or_ln888_53_fu_5998_p2       |        or|   0|  0|   6|           1|           1|
    |or_ln888_54_fu_6128_p2       |        or|   0|  0|   6|           1|           1|
    |or_ln888_55_fu_6388_p2       |        or|   0|  0|   6|           1|           1|
    |or_ln888_56_fu_6518_p2       |        or|   0|  0|   6|           1|           1|
    |or_ln888_57_fu_6748_p2       |        or|   0|  0|   6|           1|           1|
    |or_ln888_58_fu_6878_p2       |        or|   0|  0|   6|           1|           1|
    |or_ln888_59_fu_7108_p2       |        or|   0|  0|   6|           1|           1|
    |or_ln888_60_fu_7238_p2       |        or|   0|  0|   6|           1|           1|
    |or_ln888_61_fu_7468_p2       |        or|   0|  0|   6|           1|           1|
    |or_ln888_62_fu_7598_p2       |        or|   0|  0|   6|           1|           1|
    |or_ln888_fu_1734_p2          |        or|   0|  0|   6|           1|           1|
    |or_ln890_100_fu_5243_p2      |        or|   0|  0|   6|           1|           1|
    |or_ln890_101_fu_5367_p2      |        or|   0|  0|   6|           1|           1|
    |or_ln890_102_fu_5373_p2      |        or|   0|  0|   6|           1|           1|
    |or_ln890_103_fu_5627_p2      |        or|   0|  0|   6|           1|           1|
    |or_ln890_104_fu_5633_p2      |        or|   0|  0|   6|           1|           1|
    |or_ln890_105_fu_5757_p2      |        or|   0|  0|   6|           1|           1|
    |or_ln890_106_fu_5763_p2      |        or|   0|  0|   6|           1|           1|
    |or_ln890_107_fu_6017_p2      |        or|   0|  0|   6|           1|           1|
    |or_ln890_108_fu_6023_p2      |        or|   0|  0|   6|           1|           1|
    |or_ln890_109_fu_6147_p2      |        or|   0|  0|   6|           1|           1|
    |or_ln890_110_fu_6153_p2      |        or|   0|  0|   6|           1|           1|
    |or_ln890_111_fu_6407_p2      |        or|   0|  0|   6|           1|           1|
    |or_ln890_112_fu_6413_p2      |        or|   0|  0|   6|           1|           1|
    |or_ln890_113_fu_6537_p2      |        or|   0|  0|   6|           1|           1|
    |or_ln890_114_fu_6543_p2      |        or|   0|  0|   6|           1|           1|
    |or_ln890_115_fu_6767_p2      |        or|   0|  0|   6|           1|           1|
    |or_ln890_116_fu_6773_p2      |        or|   0|  0|   6|           1|           1|
    |or_ln890_117_fu_6897_p2      |        or|   0|  0|   6|           1|           1|
    |or_ln890_118_fu_6903_p2      |        or|   0|  0|   6|           1|           1|
    |or_ln890_119_fu_7127_p2      |        or|   0|  0|   6|           1|           1|
    |or_ln890_120_fu_7133_p2      |        or|   0|  0|   6|           1|           1|
    |or_ln890_121_fu_7257_p2      |        or|   0|  0|   6|           1|           1|
    |or_ln890_122_fu_7263_p2      |        or|   0|  0|   6|           1|           1|
    |or_ln890_123_fu_7487_p2      |        or|   0|  0|   6|           1|           1|
    |or_ln890_124_fu_7493_p2      |        or|   0|  0|   6|           1|           1|
    |or_ln890_125_fu_7617_p2      |        or|   0|  0|   6|           1|           1|
    |or_ln890_126_fu_7623_p2      |        or|   0|  0|   6|           1|           1|
    |or_ln890_64_fu_1759_p2       |        or|   0|  0|   6|           1|           1|
    |or_ln890_65_fu_1883_p2       |        or|   0|  0|   6|           1|           1|
    |or_ln890_66_fu_1889_p2       |        or|   0|  0|   6|           1|           1|
    |or_ln890_67_fu_2117_p2       |        or|   0|  0|   6|           1|           1|
    |or_ln890_68_fu_2123_p2       |        or|   0|  0|   6|           1|           1|
    |or_ln890_69_fu_2247_p2       |        or|   0|  0|   6|           1|           1|
    |or_ln890_70_fu_2253_p2       |        or|   0|  0|   6|           1|           1|
    |or_ln890_71_fu_2507_p2       |        or|   0|  0|   6|           1|           1|
    |or_ln890_72_fu_2513_p2       |        or|   0|  0|   6|           1|           1|
    |or_ln890_73_fu_2637_p2       |        or|   0|  0|   6|           1|           1|
    |or_ln890_74_fu_2643_p2       |        or|   0|  0|   6|           1|           1|
    |or_ln890_75_fu_2897_p2       |        or|   0|  0|   6|           1|           1|
    |or_ln890_76_fu_2903_p2       |        or|   0|  0|   6|           1|           1|
    |or_ln890_77_fu_3027_p2       |        or|   0|  0|   6|           1|           1|
    |or_ln890_78_fu_3033_p2       |        or|   0|  0|   6|           1|           1|
    |or_ln890_79_fu_3287_p2       |        or|   0|  0|   6|           1|           1|
    |or_ln890_80_fu_3293_p2       |        or|   0|  0|   6|           1|           1|
    |or_ln890_81_fu_3417_p2       |        or|   0|  0|   6|           1|           1|
    |or_ln890_82_fu_3423_p2       |        or|   0|  0|   6|           1|           1|
    |or_ln890_83_fu_3677_p2       |        or|   0|  0|   6|           1|           1|
    |or_ln890_84_fu_3683_p2       |        or|   0|  0|   6|           1|           1|
    |or_ln890_85_fu_3807_p2       |        or|   0|  0|   6|           1|           1|
    |or_ln890_86_fu_3813_p2       |        or|   0|  0|   6|           1|           1|
    |or_ln890_87_fu_4067_p2       |        or|   0|  0|   6|           1|           1|
    |or_ln890_88_fu_4073_p2       |        or|   0|  0|   6|           1|           1|
    |or_ln890_89_fu_4197_p2       |        or|   0|  0|   6|           1|           1|
    |or_ln890_90_fu_4203_p2       |        or|   0|  0|   6|           1|           1|
    |or_ln890_91_fu_4457_p2       |        or|   0|  0|   6|           1|           1|
    |or_ln890_92_fu_4463_p2       |        or|   0|  0|   6|           1|           1|
    |or_ln890_93_fu_4587_p2       |        or|   0|  0|   6|           1|           1|
    |or_ln890_94_fu_4593_p2       |        or|   0|  0|   6|           1|           1|
    |or_ln890_95_fu_4847_p2       |        or|   0|  0|   6|           1|           1|
    |or_ln890_96_fu_4853_p2       |        or|   0|  0|   6|           1|           1|
    |or_ln890_97_fu_4977_p2       |        or|   0|  0|   6|           1|           1|
    |or_ln890_98_fu_4983_p2       |        or|   0|  0|   6|           1|           1|
    |or_ln890_99_fu_5237_p2       |        or|   0|  0|   6|           1|           1|
    |or_ln890_fu_1753_p2          |        or|   0|  0|   6|           1|           1|
    |or_ln895_32_fu_1921_p2       |        or|   0|  0|   6|           1|           1|
    |or_ln895_33_fu_2155_p2       |        or|   0|  0|   6|           1|           1|
    |or_ln895_34_fu_2285_p2       |        or|   0|  0|   6|           1|           1|
    |or_ln895_35_fu_2545_p2       |        or|   0|  0|   6|           1|           1|
    |or_ln895_36_fu_2675_p2       |        or|   0|  0|   6|           1|           1|
    |or_ln895_37_fu_2935_p2       |        or|   0|  0|   6|           1|           1|
    |or_ln895_38_fu_3065_p2       |        or|   0|  0|   6|           1|           1|
    |or_ln895_39_fu_3325_p2       |        or|   0|  0|   6|           1|           1|
    |or_ln895_40_fu_3455_p2       |        or|   0|  0|   6|           1|           1|
    |or_ln895_41_fu_3715_p2       |        or|   0|  0|   6|           1|           1|
    |or_ln895_42_fu_3845_p2       |        or|   0|  0|   6|           1|           1|
    |or_ln895_43_fu_4105_p2       |        or|   0|  0|   6|           1|           1|
    |or_ln895_44_fu_4235_p2       |        or|   0|  0|   6|           1|           1|
    |or_ln895_45_fu_4495_p2       |        or|   0|  0|   6|           1|           1|
    |or_ln895_46_fu_4625_p2       |        or|   0|  0|   6|           1|           1|
    |or_ln895_47_fu_4885_p2       |        or|   0|  0|   6|           1|           1|
    |or_ln895_48_fu_5015_p2       |        or|   0|  0|   6|           1|           1|
    |or_ln895_49_fu_5275_p2       |        or|   0|  0|   6|           1|           1|
    |or_ln895_50_fu_5405_p2       |        or|   0|  0|   6|           1|           1|
    |or_ln895_51_fu_5665_p2       |        or|   0|  0|   6|           1|           1|
    |or_ln895_52_fu_5795_p2       |        or|   0|  0|   6|           1|           1|
    |or_ln895_53_fu_6055_p2       |        or|   0|  0|   6|           1|           1|
    |or_ln895_54_fu_6185_p2       |        or|   0|  0|   6|           1|           1|
    |or_ln895_55_fu_6445_p2       |        or|   0|  0|   6|           1|           1|
    |or_ln895_56_fu_6575_p2       |        or|   0|  0|   6|           1|           1|
    |or_ln895_57_fu_6805_p2       |        or|   0|  0|   6|           1|           1|
    |or_ln895_58_fu_6935_p2       |        or|   0|  0|   6|           1|           1|
    |or_ln895_59_fu_7165_p2       |        or|   0|  0|   6|           1|           1|
    |or_ln895_60_fu_7295_p2       |        or|   0|  0|   6|           1|           1|
    |or_ln895_61_fu_7525_p2       |        or|   0|  0|   6|           1|           1|
    |or_ln895_62_fu_7655_p2       |        or|   0|  0|   6|           1|           1|
    |or_ln895_fu_1791_p2          |        or|   0|  0|   6|           1|           1|
    |or_ln896_32_fu_1944_p2       |        or|   0|  0|   6|           1|           1|
    |or_ln896_33_fu_2178_p2       |        or|   0|  0|   6|           1|           1|
    |or_ln896_34_fu_2308_p2       |        or|   0|  0|   6|           1|           1|
    |or_ln896_35_fu_2568_p2       |        or|   0|  0|   6|           1|           1|
    |or_ln896_36_fu_2698_p2       |        or|   0|  0|   6|           1|           1|
    |or_ln896_37_fu_2958_p2       |        or|   0|  0|   6|           1|           1|
    |or_ln896_38_fu_3088_p2       |        or|   0|  0|   6|           1|           1|
    |or_ln896_39_fu_3348_p2       |        or|   0|  0|   6|           1|           1|
    |or_ln896_40_fu_3478_p2       |        or|   0|  0|   6|           1|           1|
    |or_ln896_41_fu_3738_p2       |        or|   0|  0|   6|           1|           1|
    |or_ln896_42_fu_3868_p2       |        or|   0|  0|   6|           1|           1|
    |or_ln896_43_fu_4128_p2       |        or|   0|  0|   6|           1|           1|
    |or_ln896_44_fu_4258_p2       |        or|   0|  0|   6|           1|           1|
    |or_ln896_45_fu_4518_p2       |        or|   0|  0|   6|           1|           1|
    |or_ln896_46_fu_4648_p2       |        or|   0|  0|   6|           1|           1|
    |or_ln896_47_fu_4908_p2       |        or|   0|  0|   6|           1|           1|
    |or_ln896_48_fu_5038_p2       |        or|   0|  0|   6|           1|           1|
    |or_ln896_49_fu_5298_p2       |        or|   0|  0|   6|           1|           1|
    |or_ln896_50_fu_5428_p2       |        or|   0|  0|   6|           1|           1|
    |or_ln896_51_fu_5688_p2       |        or|   0|  0|   6|           1|           1|
    |or_ln896_52_fu_5818_p2       |        or|   0|  0|   6|           1|           1|
    |or_ln896_53_fu_6078_p2       |        or|   0|  0|   6|           1|           1|
    |or_ln896_54_fu_6208_p2       |        or|   0|  0|   6|           1|           1|
    |or_ln896_55_fu_6468_p2       |        or|   0|  0|   6|           1|           1|
    |or_ln896_56_fu_6598_p2       |        or|   0|  0|   6|           1|           1|
    |or_ln896_57_fu_6828_p2       |        or|   0|  0|   6|           1|           1|
    |or_ln896_58_fu_6958_p2       |        or|   0|  0|   6|           1|           1|
    |or_ln896_59_fu_7188_p2       |        or|   0|  0|   6|           1|           1|
    |or_ln896_60_fu_7318_p2       |        or|   0|  0|   6|           1|           1|
    |or_ln896_61_fu_7548_p2       |        or|   0|  0|   6|           1|           1|
    |or_ln896_62_fu_7678_p2       |        or|   0|  0|   6|           1|           1|
    |or_ln896_fu_1814_p2          |        or|   0|  0|   6|           1|           1|
    |select_ln346_100_fu_5172_p3  |    select|   0|  0|   8|           1|           8|
    |select_ln346_101_fu_5178_p3  |    select|   0|  0|   9|           1|           7|
    |select_ln346_102_fu_5185_p3  |    select|   0|  0|   8|           1|           8|
    |select_ln346_103_fu_5555_p3  |    select|   0|  0|   9|           1|           7|
    |select_ln346_104_fu_5562_p3  |    select|   0|  0|   8|           1|           8|
    |select_ln346_105_fu_5568_p3  |    select|   0|  0|   9|           1|           7|
    |select_ln346_106_fu_5575_p3  |    select|   0|  0|   8|           1|           8|
    |select_ln346_107_fu_5945_p3  |    select|   0|  0|   9|           1|           7|
    |select_ln346_108_fu_5952_p3  |    select|   0|  0|   8|           1|           8|
    |select_ln346_109_fu_5958_p3  |    select|   0|  0|   9|           1|           7|
    |select_ln346_110_fu_5965_p3  |    select|   0|  0|   8|           1|           8|
    |select_ln346_111_fu_6335_p3  |    select|   0|  0|   9|           1|           7|
    |select_ln346_112_fu_6342_p3  |    select|   0|  0|   8|           1|           8|
    |select_ln346_113_fu_6348_p3  |    select|   0|  0|   9|           1|           7|
    |select_ln346_114_fu_6355_p3  |    select|   0|  0|   8|           1|           8|
    |select_ln346_115_fu_6695_p3  |    select|   0|  0|   9|           1|           7|
    |select_ln346_116_fu_6702_p3  |    select|   0|  0|   8|           1|           8|
    |select_ln346_117_fu_6708_p3  |    select|   0|  0|   9|           1|           7|
    |select_ln346_118_fu_6715_p3  |    select|   0|  0|   8|           1|           8|
    |select_ln346_119_fu_7055_p3  |    select|   0|  0|   9|           1|           7|
    |select_ln346_120_fu_7062_p3  |    select|   0|  0|   8|           1|           8|
    |select_ln346_121_fu_7068_p3  |    select|   0|  0|   9|           1|           7|
    |select_ln346_122_fu_7075_p3  |    select|   0|  0|   8|           1|           8|
    |select_ln346_123_fu_7415_p3  |    select|   0|  0|   9|           1|           7|
    |select_ln346_124_fu_7422_p3  |    select|   0|  0|   8|           1|           8|
    |select_ln346_125_fu_7428_p3  |    select|   0|  0|   9|           1|           7|
    |select_ln346_126_fu_7435_p3  |    select|   0|  0|   8|           1|           8|
    |select_ln346_127_fu_7701_p3  |    select|   0|  0|   9|           1|           7|
    |select_ln346_128_fu_7708_p3  |    select|   0|  0|   8|           1|           8|
    |select_ln346_129_fu_7714_p3  |    select|   0|  0|   9|           1|           7|
    |select_ln346_130_fu_7721_p3  |    select|   0|  0|   8|           1|           8|
    |select_ln346_131_fu_7967_p3  |    select|   0|  0|   9|           1|           7|
    |select_ln346_132_fu_7974_p3  |    select|   0|  0|   8|           1|           8|
    |select_ln346_133_fu_7989_p3  |    select|   0|  0|   9|           1|           7|
    |select_ln346_134_fu_7996_p3  |    select|   0|  0|   8|           1|           8|
    |select_ln346_72_fu_2442_p3   |    select|   0|  0|   8|           1|           8|
    |select_ln346_73_fu_2448_p3   |    select|   0|  0|   9|           1|           7|
    |select_ln346_74_fu_2455_p3   |    select|   0|  0|   8|           1|           8|
    |select_ln346_75_fu_2825_p3   |    select|   0|  0|   9|           1|           7|
    |select_ln346_76_fu_2832_p3   |    select|   0|  0|   8|           1|           8|
    |select_ln346_77_fu_2838_p3   |    select|   0|  0|   9|           1|           7|
    |select_ln346_78_fu_2845_p3   |    select|   0|  0|   8|           1|           8|
    |select_ln346_79_fu_3215_p3   |    select|   0|  0|   9|           1|           7|
    |select_ln346_80_fu_3222_p3   |    select|   0|  0|   8|           1|           8|
    |select_ln346_81_fu_3228_p3   |    select|   0|  0|   9|           1|           7|
    |select_ln346_82_fu_3235_p3   |    select|   0|  0|   8|           1|           8|
    |select_ln346_83_fu_3605_p3   |    select|   0|  0|   9|           1|           7|
    |select_ln346_84_fu_3612_p3   |    select|   0|  0|   8|           1|           8|
    |select_ln346_85_fu_3618_p3   |    select|   0|  0|   9|           1|           7|
    |select_ln346_86_fu_3625_p3   |    select|   0|  0|   8|           1|           8|
    |select_ln346_87_fu_3995_p3   |    select|   0|  0|   9|           1|           7|
    |select_ln346_88_fu_4002_p3   |    select|   0|  0|   8|           1|           8|
    |select_ln346_89_fu_4008_p3   |    select|   0|  0|   9|           1|           7|
    |select_ln346_90_fu_4015_p3   |    select|   0|  0|   8|           1|           8|
    |select_ln346_91_fu_4385_p3   |    select|   0|  0|   9|           1|           7|
    |select_ln346_92_fu_4392_p3   |    select|   0|  0|   8|           1|           8|
    |select_ln346_93_fu_4398_p3   |    select|   0|  0|   9|           1|           7|
    |select_ln346_94_fu_4405_p3   |    select|   0|  0|   8|           1|           8|
    |select_ln346_95_fu_4775_p3   |    select|   0|  0|   9|           1|           7|
    |select_ln346_96_fu_4782_p3   |    select|   0|  0|   8|           1|           8|
    |select_ln346_97_fu_4788_p3   |    select|   0|  0|   9|           1|           7|
    |select_ln346_98_fu_4795_p3   |    select|   0|  0|   8|           1|           8|
    |select_ln346_99_fu_5165_p3   |    select|   0|  0|   9|           1|           7|
    |select_ln346_fu_2435_p3      |    select|   0|  0|   9|           1|           7|
    |xor_ln888_32_fu_1859_p2      |       xor|   0|  0|   6|           1|           2|
    |xor_ln888_33_fu_2093_p2      |       xor|   0|  0|   6|           1|           2|
    |xor_ln888_34_fu_2223_p2      |       xor|   0|  0|   6|           1|           2|
    |xor_ln888_35_fu_2483_p2      |       xor|   0|  0|   6|           1|           2|
    |xor_ln888_36_fu_2613_p2      |       xor|   0|  0|   6|           1|           2|
    |xor_ln888_37_fu_2873_p2      |       xor|   0|  0|   6|           1|           2|
    |xor_ln888_38_fu_3003_p2      |       xor|   0|  0|   6|           1|           2|
    |xor_ln888_39_fu_3263_p2      |       xor|   0|  0|   6|           1|           2|
    |xor_ln888_40_fu_3393_p2      |       xor|   0|  0|   6|           1|           2|
    |xor_ln888_41_fu_3653_p2      |       xor|   0|  0|   6|           1|           2|
    |xor_ln888_42_fu_3783_p2      |       xor|   0|  0|   6|           1|           2|
    |xor_ln888_43_fu_4043_p2      |       xor|   0|  0|   6|           1|           2|
    |xor_ln888_44_fu_4173_p2      |       xor|   0|  0|   6|           1|           2|
    |xor_ln888_45_fu_4433_p2      |       xor|   0|  0|   6|           1|           2|
    |xor_ln888_46_fu_4563_p2      |       xor|   0|  0|   6|           1|           2|
    |xor_ln888_47_fu_4823_p2      |       xor|   0|  0|   6|           1|           2|
    |xor_ln888_48_fu_4953_p2      |       xor|   0|  0|   6|           1|           2|
    |xor_ln888_49_fu_5213_p2      |       xor|   0|  0|   6|           1|           2|
    |xor_ln888_50_fu_5343_p2      |       xor|   0|  0|   6|           1|           2|
    |xor_ln888_51_fu_5603_p2      |       xor|   0|  0|   6|           1|           2|
    |xor_ln888_52_fu_5733_p2      |       xor|   0|  0|   6|           1|           2|
    |xor_ln888_53_fu_5993_p2      |       xor|   0|  0|   6|           1|           2|
    |xor_ln888_54_fu_6123_p2      |       xor|   0|  0|   6|           1|           2|
    |xor_ln888_55_fu_6383_p2      |       xor|   0|  0|   6|           1|           2|
    |xor_ln888_56_fu_6513_p2      |       xor|   0|  0|   6|           1|           2|
    |xor_ln888_57_fu_6743_p2      |       xor|   0|  0|   6|           1|           2|
    |xor_ln888_58_fu_6873_p2      |       xor|   0|  0|   6|           1|           2|
    |xor_ln888_59_fu_7103_p2      |       xor|   0|  0|   6|           1|           2|
    |xor_ln888_60_fu_7233_p2      |       xor|   0|  0|   6|           1|           2|
    |xor_ln888_61_fu_7463_p2      |       xor|   0|  0|   6|           1|           2|
    |xor_ln888_62_fu_7593_p2      |       xor|   0|  0|   6|           1|           2|
    |xor_ln888_fu_1729_p2         |       xor|   0|  0|   6|           1|           2|
    |xor_ln890_34_fu_1877_p2      |       xor|   0|  0|   6|           1|           2|
    |xor_ln890_35_fu_2111_p2      |       xor|   0|  0|   6|           1|           2|
    |xor_ln890_36_fu_2241_p2      |       xor|   0|  0|   6|           1|           2|
    |xor_ln890_37_fu_2501_p2      |       xor|   0|  0|   6|           1|           2|
    |xor_ln890_38_fu_2631_p2      |       xor|   0|  0|   6|           1|           2|
    |xor_ln890_39_fu_2891_p2      |       xor|   0|  0|   6|           1|           2|
    |xor_ln890_40_fu_3021_p2      |       xor|   0|  0|   6|           1|           2|
    |xor_ln890_41_fu_3281_p2      |       xor|   0|  0|   6|           1|           2|
    |xor_ln890_42_fu_3411_p2      |       xor|   0|  0|   6|           1|           2|
    |xor_ln890_43_fu_3671_p2      |       xor|   0|  0|   6|           1|           2|
    |xor_ln890_44_fu_3801_p2      |       xor|   0|  0|   6|           1|           2|
    |xor_ln890_45_fu_4061_p2      |       xor|   0|  0|   6|           1|           2|
    |xor_ln890_46_fu_4191_p2      |       xor|   0|  0|   6|           1|           2|
    |xor_ln890_47_fu_4451_p2      |       xor|   0|  0|   6|           1|           2|
    |xor_ln890_48_fu_4581_p2      |       xor|   0|  0|   6|           1|           2|
    |xor_ln890_49_fu_4841_p2      |       xor|   0|  0|   6|           1|           2|
    |xor_ln890_50_fu_4971_p2      |       xor|   0|  0|   6|           1|           2|
    |xor_ln890_51_fu_5231_p2      |       xor|   0|  0|   6|           1|           2|
    |xor_ln890_52_fu_5361_p2      |       xor|   0|  0|   6|           1|           2|
    |xor_ln890_53_fu_5621_p2      |       xor|   0|  0|   6|           1|           2|
    |xor_ln890_54_fu_5751_p2      |       xor|   0|  0|   6|           1|           2|
    |xor_ln890_55_fu_6011_p2      |       xor|   0|  0|   6|           1|           2|
    |xor_ln890_56_fu_6141_p2      |       xor|   0|  0|   6|           1|           2|
    |xor_ln890_57_fu_6401_p2      |       xor|   0|  0|   6|           1|           2|
    |xor_ln890_58_fu_6531_p2      |       xor|   0|  0|   6|           1|           2|
    |xor_ln890_59_fu_6761_p2      |       xor|   0|  0|   6|           1|           2|
    |xor_ln890_60_fu_6891_p2      |       xor|   0|  0|   6|           1|           2|
    |xor_ln890_61_fu_7121_p2      |       xor|   0|  0|   6|           1|           2|
    |xor_ln890_62_fu_7251_p2      |       xor|   0|  0|   6|           1|           2|
    |xor_ln890_63_fu_7481_p2      |       xor|   0|  0|   6|           1|           2|
    |xor_ln890_64_fu_7611_p2      |       xor|   0|  0|   6|           1|           2|
    |xor_ln890_fu_1747_p2         |       xor|   0|  0|   6|           1|           2|
    |xor_ln895_100_fu_4111_p2     |       xor|   0|  0|   6|           1|           2|
    |xor_ln895_101_fu_4229_p2     |       xor|   0|  0|   6|           1|           2|
    |xor_ln895_102_fu_4241_p2     |       xor|   0|  0|   6|           1|           2|
    |xor_ln895_103_fu_4489_p2     |       xor|   0|  0|   6|           1|           2|
    |xor_ln895_104_fu_4501_p2     |       xor|   0|  0|   6|           1|           2|
    |xor_ln895_105_fu_4619_p2     |       xor|   0|  0|   6|           1|           2|
    |xor_ln895_106_fu_4631_p2     |       xor|   0|  0|   6|           1|           2|
    |xor_ln895_107_fu_4879_p2     |       xor|   0|  0|   6|           1|           2|
    |xor_ln895_108_fu_4891_p2     |       xor|   0|  0|   6|           1|           2|
    |xor_ln895_109_fu_5009_p2     |       xor|   0|  0|   6|           1|           2|
    |xor_ln895_110_fu_5021_p2     |       xor|   0|  0|   6|           1|           2|
    |xor_ln895_111_fu_5269_p2     |       xor|   0|  0|   6|           1|           2|
    |xor_ln895_112_fu_5281_p2     |       xor|   0|  0|   6|           1|           2|
    |xor_ln895_113_fu_5399_p2     |       xor|   0|  0|   6|           1|           2|
    |xor_ln895_114_fu_5411_p2     |       xor|   0|  0|   6|           1|           2|
    |xor_ln895_115_fu_5659_p2     |       xor|   0|  0|   6|           1|           2|
    |xor_ln895_116_fu_5671_p2     |       xor|   0|  0|   6|           1|           2|
    |xor_ln895_117_fu_5789_p2     |       xor|   0|  0|   6|           1|           2|
    |xor_ln895_118_fu_5801_p2     |       xor|   0|  0|   6|           1|           2|
    |xor_ln895_119_fu_6049_p2     |       xor|   0|  0|   6|           1|           2|
    |xor_ln895_120_fu_6061_p2     |       xor|   0|  0|   6|           1|           2|
    |xor_ln895_121_fu_6179_p2     |       xor|   0|  0|   6|           1|           2|
    |xor_ln895_122_fu_6191_p2     |       xor|   0|  0|   6|           1|           2|
    |xor_ln895_123_fu_6439_p2     |       xor|   0|  0|   6|           1|           2|
    |xor_ln895_124_fu_6451_p2     |       xor|   0|  0|   6|           1|           2|
    |xor_ln895_125_fu_6569_p2     |       xor|   0|  0|   6|           1|           2|
    |xor_ln895_126_fu_6581_p2     |       xor|   0|  0|   6|           1|           2|
    |xor_ln895_127_fu_6799_p2     |       xor|   0|  0|   6|           1|           2|
    |xor_ln895_128_fu_6811_p2     |       xor|   0|  0|   6|           1|           2|
    |xor_ln895_129_fu_6929_p2     |       xor|   0|  0|   6|           1|           2|
    |xor_ln895_130_fu_6941_p2     |       xor|   0|  0|   6|           1|           2|
    |xor_ln895_131_fu_7159_p2     |       xor|   0|  0|   6|           1|           2|
    |xor_ln895_132_fu_7171_p2     |       xor|   0|  0|   6|           1|           2|
    |xor_ln895_133_fu_7289_p2     |       xor|   0|  0|   6|           1|           2|
    |xor_ln895_134_fu_7301_p2     |       xor|   0|  0|   6|           1|           2|
    |xor_ln895_135_fu_7519_p2     |       xor|   0|  0|   6|           1|           2|
    |xor_ln895_136_fu_7531_p2     |       xor|   0|  0|   6|           1|           2|
    |xor_ln895_137_fu_7649_p2     |       xor|   0|  0|   6|           1|           2|
    |xor_ln895_138_fu_7661_p2     |       xor|   0|  0|   6|           1|           2|
    |xor_ln895_139_fu_1780_p2     |       xor|   0|  0|   6|           1|           1|
    |xor_ln895_140_fu_1910_p2     |       xor|   0|  0|   6|           1|           1|
    |xor_ln895_141_fu_2144_p2     |       xor|   0|  0|   6|           1|           1|
    |xor_ln895_142_fu_2274_p2     |       xor|   0|  0|   6|           1|           1|
    |xor_ln895_143_fu_2534_p2     |       xor|   0|  0|   6|           1|           1|
    |xor_ln895_144_fu_2664_p2     |       xor|   0|  0|   6|           1|           1|
    |xor_ln895_145_fu_2924_p2     |       xor|   0|  0|   6|           1|           1|
    |xor_ln895_146_fu_3054_p2     |       xor|   0|  0|   6|           1|           1|
    |xor_ln895_147_fu_3314_p2     |       xor|   0|  0|   6|           1|           1|
    |xor_ln895_148_fu_3444_p2     |       xor|   0|  0|   6|           1|           1|
    |xor_ln895_149_fu_3704_p2     |       xor|   0|  0|   6|           1|           1|
    |xor_ln895_150_fu_3834_p2     |       xor|   0|  0|   6|           1|           1|
    |xor_ln895_151_fu_4094_p2     |       xor|   0|  0|   6|           1|           1|
    |xor_ln895_152_fu_4224_p2     |       xor|   0|  0|   6|           1|           1|
    |xor_ln895_153_fu_4484_p2     |       xor|   0|  0|   6|           1|           1|
    |xor_ln895_154_fu_4614_p2     |       xor|   0|  0|   6|           1|           1|
    |xor_ln895_155_fu_4874_p2     |       xor|   0|  0|   6|           1|           1|
    |xor_ln895_156_fu_5004_p2     |       xor|   0|  0|   6|           1|           1|
    |xor_ln895_157_fu_5264_p2     |       xor|   0|  0|   6|           1|           1|
    |xor_ln895_158_fu_5394_p2     |       xor|   0|  0|   6|           1|           1|
    |xor_ln895_159_fu_5654_p2     |       xor|   0|  0|   6|           1|           1|
    |xor_ln895_160_fu_5784_p2     |       xor|   0|  0|   6|           1|           1|
    |xor_ln895_161_fu_6044_p2     |       xor|   0|  0|   6|           1|           1|
    |xor_ln895_162_fu_6174_p2     |       xor|   0|  0|   6|           1|           1|
    |xor_ln895_163_fu_6434_p2     |       xor|   0|  0|   6|           1|           1|
    |xor_ln895_164_fu_6564_p2     |       xor|   0|  0|   6|           1|           1|
    |xor_ln895_165_fu_6794_p2     |       xor|   0|  0|   6|           1|           1|
    |xor_ln895_166_fu_6924_p2     |       xor|   0|  0|   6|           1|           1|
    |xor_ln895_167_fu_7154_p2     |       xor|   0|  0|   6|           1|           1|
    |xor_ln895_168_fu_7284_p2     |       xor|   0|  0|   6|           1|           1|
    |xor_ln895_169_fu_7514_p2     |       xor|   0|  0|   6|           1|           1|
    |xor_ln895_170_fu_7644_p2     |       xor|   0|  0|   6|           1|           1|
    |xor_ln895_76_fu_1797_p2      |       xor|   0|  0|   6|           1|           2|
    |xor_ln895_77_fu_1915_p2      |       xor|   0|  0|   6|           1|           2|
    |xor_ln895_78_fu_1927_p2      |       xor|   0|  0|   6|           1|           2|
    |xor_ln895_79_fu_2149_p2      |       xor|   0|  0|   6|           1|           2|
    |xor_ln895_80_fu_2161_p2      |       xor|   0|  0|   6|           1|           2|
    |xor_ln895_81_fu_2279_p2      |       xor|   0|  0|   6|           1|           2|
    |xor_ln895_82_fu_2291_p2      |       xor|   0|  0|   6|           1|           2|
    |xor_ln895_83_fu_2539_p2      |       xor|   0|  0|   6|           1|           2|
    |xor_ln895_84_fu_2551_p2      |       xor|   0|  0|   6|           1|           2|
    |xor_ln895_85_fu_2669_p2      |       xor|   0|  0|   6|           1|           2|
    |xor_ln895_86_fu_2681_p2      |       xor|   0|  0|   6|           1|           2|
    |xor_ln895_87_fu_2929_p2      |       xor|   0|  0|   6|           1|           2|
    |xor_ln895_88_fu_2941_p2      |       xor|   0|  0|   6|           1|           2|
    |xor_ln895_89_fu_3059_p2      |       xor|   0|  0|   6|           1|           2|
    |xor_ln895_90_fu_3071_p2      |       xor|   0|  0|   6|           1|           2|
    |xor_ln895_91_fu_3319_p2      |       xor|   0|  0|   6|           1|           2|
    |xor_ln895_92_fu_3331_p2      |       xor|   0|  0|   6|           1|           2|
    |xor_ln895_93_fu_3449_p2      |       xor|   0|  0|   6|           1|           2|
    |xor_ln895_94_fu_3461_p2      |       xor|   0|  0|   6|           1|           2|
    |xor_ln895_95_fu_3709_p2      |       xor|   0|  0|   6|           1|           2|
    |xor_ln895_96_fu_3721_p2      |       xor|   0|  0|   6|           1|           2|
    |xor_ln895_97_fu_3839_p2      |       xor|   0|  0|   6|           1|           2|
    |xor_ln895_98_fu_3851_p2      |       xor|   0|  0|   6|           1|           2|
    |xor_ln895_99_fu_4099_p2      |       xor|   0|  0|   6|           1|           2|
    |xor_ln895_fu_1785_p2         |       xor|   0|  0|   6|           1|           2|
    |xor_ln896_100_fu_4122_p2     |       xor|   0|  0|   6|           1|           2|
    |xor_ln896_101_fu_4167_p2     |       xor|   0|  0|   6|           1|           2|
    |xor_ln896_102_fu_4252_p2     |       xor|   0|  0|   6|           1|           2|
    |xor_ln896_103_fu_4427_p2     |       xor|   0|  0|   6|           1|           2|
    |xor_ln896_104_fu_4512_p2     |       xor|   0|  0|   6|           1|           2|
    |xor_ln896_105_fu_4557_p2     |       xor|   0|  0|   6|           1|           2|
    |xor_ln896_106_fu_4642_p2     |       xor|   0|  0|   6|           1|           2|
    |xor_ln896_107_fu_4817_p2     |       xor|   0|  0|   6|           1|           2|
    |xor_ln896_108_fu_4902_p2     |       xor|   0|  0|   6|           1|           2|
    |xor_ln896_109_fu_4947_p2     |       xor|   0|  0|   6|           1|           2|
    |xor_ln896_110_fu_5032_p2     |       xor|   0|  0|   6|           1|           2|
    |xor_ln896_111_fu_5207_p2     |       xor|   0|  0|   6|           1|           2|
    |xor_ln896_112_fu_5292_p2     |       xor|   0|  0|   6|           1|           2|
    |xor_ln896_113_fu_5337_p2     |       xor|   0|  0|   6|           1|           2|
    |xor_ln896_114_fu_5422_p2     |       xor|   0|  0|   6|           1|           2|
    |xor_ln896_115_fu_5597_p2     |       xor|   0|  0|   6|           1|           2|
    |xor_ln896_116_fu_5682_p2     |       xor|   0|  0|   6|           1|           2|
    |xor_ln896_117_fu_5727_p2     |       xor|   0|  0|   6|           1|           2|
    |xor_ln896_118_fu_5812_p2     |       xor|   0|  0|   6|           1|           2|
    |xor_ln896_119_fu_5987_p2     |       xor|   0|  0|   6|           1|           2|
    |xor_ln896_120_fu_6072_p2     |       xor|   0|  0|   6|           1|           2|
    |xor_ln896_121_fu_6117_p2     |       xor|   0|  0|   6|           1|           2|
    |xor_ln896_122_fu_6202_p2     |       xor|   0|  0|   6|           1|           2|
    |xor_ln896_123_fu_6377_p2     |       xor|   0|  0|   6|           1|           2|
    |xor_ln896_124_fu_6462_p2     |       xor|   0|  0|   6|           1|           2|
    |xor_ln896_125_fu_6507_p2     |       xor|   0|  0|   6|           1|           2|
    |xor_ln896_126_fu_6592_p2     |       xor|   0|  0|   6|           1|           2|
    |xor_ln896_127_fu_6737_p2     |       xor|   0|  0|   6|           1|           2|
    |xor_ln896_128_fu_6822_p2     |       xor|   0|  0|   6|           1|           2|
    |xor_ln896_129_fu_6867_p2     |       xor|   0|  0|   6|           1|           2|
    |xor_ln896_130_fu_6952_p2     |       xor|   0|  0|   6|           1|           2|
    |xor_ln896_131_fu_7097_p2     |       xor|   0|  0|   6|           1|           2|
    |xor_ln896_132_fu_7182_p2     |       xor|   0|  0|   6|           1|           2|
    |xor_ln896_133_fu_7227_p2     |       xor|   0|  0|   6|           1|           2|
    |xor_ln896_134_fu_7312_p2     |       xor|   0|  0|   6|           1|           2|
    |xor_ln896_135_fu_7457_p2     |       xor|   0|  0|   6|           1|           2|
    |xor_ln896_136_fu_7542_p2     |       xor|   0|  0|   6|           1|           2|
    |xor_ln896_137_fu_7587_p2     |       xor|   0|  0|   6|           1|           2|
    |xor_ln896_138_fu_7672_p2     |       xor|   0|  0|   6|           1|           2|
    |xor_ln896_139_fu_1820_p2     |       xor|   0|  0|   6|           1|           1|
    |xor_ln896_140_fu_1950_p2     |       xor|   0|  0|   6|           1|           1|
    |xor_ln896_141_fu_2184_p2     |       xor|   0|  0|   6|           1|           1|
    |xor_ln896_142_fu_2314_p2     |       xor|   0|  0|   6|           1|           1|
    |xor_ln896_143_fu_2574_p2     |       xor|   0|  0|   6|           1|           1|
    |xor_ln896_144_fu_2704_p2     |       xor|   0|  0|   6|           1|           1|
    |xor_ln896_145_fu_2964_p2     |       xor|   0|  0|   6|           1|           1|
    |xor_ln896_146_fu_3094_p2     |       xor|   0|  0|   6|           1|           1|
    |xor_ln896_147_fu_3354_p2     |       xor|   0|  0|   6|           1|           1|
    |xor_ln896_148_fu_3484_p2     |       xor|   0|  0|   6|           1|           1|
    |xor_ln896_149_fu_3744_p2     |       xor|   0|  0|   6|           1|           1|
    |xor_ln896_150_fu_3874_p2     |       xor|   0|  0|   6|           1|           1|
    |xor_ln896_151_fu_4134_p2     |       xor|   0|  0|   6|           1|           1|
    |xor_ln896_152_fu_4264_p2     |       xor|   0|  0|   6|           1|           1|
    |xor_ln896_153_fu_4524_p2     |       xor|   0|  0|   6|           1|           1|
    |xor_ln896_154_fu_4654_p2     |       xor|   0|  0|   6|           1|           1|
    |xor_ln896_155_fu_4914_p2     |       xor|   0|  0|   6|           1|           1|
    |xor_ln896_156_fu_5044_p2     |       xor|   0|  0|   6|           1|           1|
    |xor_ln896_157_fu_5304_p2     |       xor|   0|  0|   6|           1|           1|
    |xor_ln896_158_fu_5434_p2     |       xor|   0|  0|   6|           1|           1|
    |xor_ln896_159_fu_5694_p2     |       xor|   0|  0|   6|           1|           1|
    |xor_ln896_160_fu_5824_p2     |       xor|   0|  0|   6|           1|           1|
    |xor_ln896_161_fu_6084_p2     |       xor|   0|  0|   6|           1|           1|
    |xor_ln896_162_fu_6214_p2     |       xor|   0|  0|   6|           1|           1|
    |xor_ln896_163_fu_6474_p2     |       xor|   0|  0|   6|           1|           1|
    |xor_ln896_164_fu_6604_p2     |       xor|   0|  0|   6|           1|           1|
    |xor_ln896_165_fu_6834_p2     |       xor|   0|  0|   6|           1|           1|
    |xor_ln896_166_fu_6964_p2     |       xor|   0|  0|   6|           1|           1|
    |xor_ln896_167_fu_7194_p2     |       xor|   0|  0|   6|           1|           1|
    |xor_ln896_168_fu_7324_p2     |       xor|   0|  0|   6|           1|           1|
    |xor_ln896_169_fu_7554_p2     |       xor|   0|  0|   6|           1|           1|
    |xor_ln896_170_fu_7684_p2     |       xor|   0|  0|   6|           1|           1|
    |xor_ln896_76_fu_1808_p2      |       xor|   0|  0|   6|           1|           2|
    |xor_ln896_77_fu_1853_p2      |       xor|   0|  0|   6|           1|           2|
    |xor_ln896_78_fu_1938_p2      |       xor|   0|  0|   6|           1|           2|
    |xor_ln896_79_fu_2087_p2      |       xor|   0|  0|   6|           1|           2|
    |xor_ln896_80_fu_2172_p2      |       xor|   0|  0|   6|           1|           2|
    |xor_ln896_81_fu_2217_p2      |       xor|   0|  0|   6|           1|           2|
    |xor_ln896_82_fu_2302_p2      |       xor|   0|  0|   6|           1|           2|
    |xor_ln896_83_fu_2477_p2      |       xor|   0|  0|   6|           1|           2|
    |xor_ln896_84_fu_2562_p2      |       xor|   0|  0|   6|           1|           2|
    |xor_ln896_85_fu_2607_p2      |       xor|   0|  0|   6|           1|           2|
    |xor_ln896_86_fu_2692_p2      |       xor|   0|  0|   6|           1|           2|
    |xor_ln896_87_fu_2867_p2      |       xor|   0|  0|   6|           1|           2|
    |xor_ln896_88_fu_2952_p2      |       xor|   0|  0|   6|           1|           2|
    |xor_ln896_89_fu_2997_p2      |       xor|   0|  0|   6|           1|           2|
    |xor_ln896_90_fu_3082_p2      |       xor|   0|  0|   6|           1|           2|
    |xor_ln896_91_fu_3257_p2      |       xor|   0|  0|   6|           1|           2|
    |xor_ln896_92_fu_3342_p2      |       xor|   0|  0|   6|           1|           2|
    |xor_ln896_93_fu_3387_p2      |       xor|   0|  0|   6|           1|           2|
    |xor_ln896_94_fu_3472_p2      |       xor|   0|  0|   6|           1|           2|
    |xor_ln896_95_fu_3647_p2      |       xor|   0|  0|   6|           1|           2|
    |xor_ln896_96_fu_3732_p2      |       xor|   0|  0|   6|           1|           2|
    |xor_ln896_97_fu_3777_p2      |       xor|   0|  0|   6|           1|           2|
    |xor_ln896_98_fu_3862_p2      |       xor|   0|  0|   6|           1|           2|
    |xor_ln896_99_fu_4037_p2      |       xor|   0|  0|   6|           1|           2|
    |xor_ln896_fu_1723_p2         |       xor|   0|  0|   6|           1|           2|
    +-----------------------------+----------+----+---+----+------------+------------+
    |Total                        |          |   0|  0|4672|         928|        1536|
    +-----------------------------+----------+----+---+----+------------+------------+

    * Multiplexer: 
    +-------------------+-----+-----------+-----+-----------+
    |        Name       | LUT | Input Size| Bits| Total Bits|
    +-------------------+-----+-----------+-----+-----------+
    |ap_NS_fsm          |  134|         30|    1|         30|
    |grp_fu_11250_ce    |   13|          3|    1|          3|
    |grp_fu_11250_p0    |   13|          3|   24|         72|
    |grp_fu_11250_p1    |   13|          3|   23|         69|
    |grp_fu_11254_ce    |   13|          3|    1|          3|
    |grp_fu_11254_p0    |   13|          3|   23|         69|
    |grp_fu_11254_p1    |   13|          3|   21|         63|
    |grp_fu_11258_ce    |   13|          3|    1|          3|
    |grp_fu_11258_p0    |   13|          3|   23|         69|
    |grp_fu_11258_p1    |   13|          3|   22|         66|
    |grp_fu_11262_ce    |   13|          3|    1|          3|
    |grp_fu_11262_p0    |   13|          3|   23|         69|
    |grp_fu_11262_p1    |   13|          3|   22|         66|
    |grp_fu_11266_ce    |   13|          3|    1|          3|
    |grp_fu_11266_p0    |   13|          3|   23|         69|
    |grp_fu_11266_p1    |   13|          3|   21|         63|
    |grp_fu_11270_ce    |   13|          3|    1|          3|
    |grp_fu_11270_p0    |   13|          3|   23|         69|
    |grp_fu_11270_p1    |   13|          3|   22|         66|
    |grp_fu_11274_ce    |   13|          3|    1|          3|
    |grp_fu_11274_p0    |   13|          3|   23|         69|
    |grp_fu_11274_p1    |   13|          3|   22|         66|
    |grp_fu_11278_ce    |   13|          3|    1|          3|
    |grp_fu_11278_p0    |   13|          3|   23|         69|
    |grp_fu_11278_p1    |   13|          3|   22|         66|
    |grp_fu_11282_ce    |   13|          3|    1|          3|
    |grp_fu_11282_p0    |   13|          3|   23|         69|
    |grp_fu_11282_p1    |   13|          3|   21|         63|
    |grp_fu_11286_ce    |   13|          3|    1|          3|
    |grp_fu_11286_p0    |   13|          3|   23|         69|
    |grp_fu_11286_p1    |   13|          3|   22|         66|
    |grp_fu_11290_ce    |   13|          3|    1|          3|
    |grp_fu_11290_p0    |   13|          3|   23|         69|
    |grp_fu_11290_p1    |   13|          3|   22|         66|
    |grp_fu_11294_ce    |   13|          3|    1|          3|
    |grp_fu_11294_p0    |   13|          3|   23|         69|
    |grp_fu_11294_p1    |   13|          3|   22|         66|
    |grp_fu_11298_ce    |   13|          3|    1|          3|
    |grp_fu_11298_p0    |   13|          3|   23|         69|
    |grp_fu_11298_p1    |   13|          3|   21|         63|
    |grp_fu_11302_ce    |   13|          3|    1|          3|
    |grp_fu_11302_p0    |   13|          3|   23|         69|
    |grp_fu_11302_p1    |   13|          3|   22|         66|
    |grp_fu_11306_ce    |   13|          3|    1|          3|
    |grp_fu_11306_p0    |   13|          3|   23|         69|
    |grp_fu_11306_p1    |   13|          3|   22|         66|
    |grp_fu_11310_ce    |   13|          3|    1|          3|
    |grp_fu_11310_p0    |   13|          3|   23|         69|
    |grp_fu_11310_p1    |   13|          3|   21|         63|
    |grp_fu_11314_ce    |   13|          3|    1|          3|
    |grp_fu_11314_p0    |   13|          3|   23|         69|
    |grp_fu_11314_p1    |   13|          3|   21|         63|
    |grp_fu_11318_ce    |   13|          3|    1|          3|
    |grp_fu_11318_p0    |   13|          3|   23|         69|
    |grp_fu_11318_p1    |   13|          3|   22|         66|
    |grp_fu_11322_ce    |   13|          3|    1|          3|
    |grp_fu_11322_p0    |   13|          3|   23|         69|
    |grp_fu_11322_p1    |   13|          3|   22|         66|
    |grp_fu_11326_ce    |   13|          3|    1|          3|
    |grp_fu_11326_p0    |   13|          3|   23|         69|
    |grp_fu_11326_p1    |   13|          3|   22|         66|
    |grp_fu_11330_ce    |   13|          3|    1|          3|
    |grp_fu_11330_p0    |   13|          3|   23|         69|
    |grp_fu_11330_p1    |   13|          3|   22|         66|
    |grp_fu_11334_ce    |   13|          3|    1|          3|
    |grp_fu_11334_p0    |   13|          3|   23|         69|
    |grp_fu_11334_p1    |   13|          3|   21|         63|
    |grp_fu_11338_ce    |   13|          3|    1|          3|
    |grp_fu_11338_p0    |   13|          3|   23|         69|
    |grp_fu_11338_p1    |   13|          3|   22|         66|
    |grp_fu_11342_ce    |   13|          3|    1|          3|
    |grp_fu_11342_p0    |   13|          3|   23|         69|
    |grp_fu_11342_p1    |   13|          3|   22|         66|
    |grp_fu_11346_ce    |   13|          3|    1|          3|
    |grp_fu_11346_p0    |   13|          3|   23|         69|
    |grp_fu_11346_p1    |   13|          3|   22|         66|
    |grp_fu_11350_ce    |   13|          3|    1|          3|
    |grp_fu_11350_p0    |   13|          3|   23|         69|
    |grp_fu_11350_p1    |   13|          3|   23|         69|
    |grp_fu_11354_ce    |   13|          3|    1|          3|
    |grp_fu_11354_p0    |   13|          3|   23|         69|
    |grp_fu_11354_p1    |   13|          3|   21|         63|
    |grp_fu_11358_ce    |   13|          3|    1|          3|
    |grp_fu_11358_p0    |   13|          3|   23|         69|
    |grp_fu_11358_p1    |   13|          3|   22|         66|
    |grp_fu_11362_ce    |   13|          3|    1|          3|
    |grp_fu_11362_p0    |   13|          3|   23|         69|
    |grp_fu_11362_p1    |   13|          3|   22|         66|
    |grp_fu_11366_ce    |   13|          3|    1|          3|
    |grp_fu_11366_p0    |   13|          3|   23|         69|
    |grp_fu_11366_p1    |   13|          3|   23|         69|
    |grp_fu_11370_ce    |   13|          3|    1|          3|
    |grp_fu_11370_p0    |   13|          3|   23|         69|
    |grp_fu_11370_p1    |   13|          3|   22|         66|
    |grp_fu_11374_ce    |   13|          3|    1|          3|
    |grp_fu_11374_p0    |   13|          3|   23|         69|
    |grp_fu_11374_p1    |   13|          3|   22|         66|
    |grp_fu_11378_ce    |   13|          3|    1|          3|
    |grp_fu_11378_p0    |   13|          3|   23|         69|
    |grp_fu_11378_p1    |   13|          3|   23|         69|
    |h_prev_0_address0  |   25|          6|    3|         18|
    |h_prev_0_address1  |   21|          5|    3|         15|
    |h_prev_0_ce0       |   13|          3|    1|          3|
    |h_prev_1_address0  |   25|          6|    3|         18|
    |h_prev_1_address1  |   21|          5|    3|         15|
    |h_prev_1_ce0       |   13|          3|    1|          3|
    |h_prev_2_address0  |   25|          6|    3|         18|
    |h_prev_2_address1  |   21|          5|    3|         15|
    |h_prev_2_ce0       |   13|          3|    1|          3|
    |h_prev_3_address0  |   25|          6|    3|         18|
    |h_prev_3_address1  |   21|          5|    3|         15|
    |h_prev_3_ce0       |   13|          3|    1|          3|
    |r_V_address0       |   87|         18|    5|         90|
    |r_V_address1       |   81|         17|    5|         85|
    |r_V_ce0            |   13|          3|    1|          3|
    |r_V_we0            |    9|          2|    1|          2|
    |z_V_address0       |   13|          3|    5|         15|
    |z_V_ce0            |   13|          3|    1|          3|
    |z_V_we0            |    9|          2|    1|          2|
    +-------------------+-----+-----------+-----+-----------+
    |Total              | 1882|        431| 1563|       4919|
    +-------------------+-----+-----------+-----+-----------+

    * Register: 
    +------------------------------------------------------------------+----+----+-----+-----------+
    |                               Name                               | FF | LUT| Bits| Const Bits|
    +------------------------------------------------------------------+----+----+-----+-----------+
    |Range2_all_ones_34_reg_9053                                       |   1|   0|    1|          0|
    |Range2_all_ones_35_reg_9147                                       |   1|   0|    1|          0|
    |Range2_all_ones_36_reg_9181                                       |   1|   0|    1|          0|
    |Range2_all_ones_37_reg_9275                                       |   1|   0|    1|          0|
    |Range2_all_ones_38_reg_9309                                       |   1|   0|    1|          0|
    |Range2_all_ones_39_reg_9413                                       |   1|   0|    1|          0|
    |Range2_all_ones_40_reg_9447                                       |   1|   0|    1|          0|
    |Range2_all_ones_41_reg_9551                                       |   1|   0|    1|          0|
    |Range2_all_ones_42_reg_9585                                       |   1|   0|    1|          0|
    |Range2_all_ones_43_reg_9689                                       |   1|   0|    1|          0|
    |Range2_all_ones_44_reg_9723                                       |   1|   0|    1|          0|
    |Range2_all_ones_45_reg_9827                                       |   1|   0|    1|          0|
    |Range2_all_ones_46_reg_9861                                       |   1|   0|    1|          0|
    |Range2_all_ones_47_reg_9965                                       |   1|   0|    1|          0|
    |Range2_all_ones_48_reg_9999                                       |   1|   0|    1|          0|
    |Range2_all_ones_49_reg_10103                                      |   1|   0|    1|          0|
    |Range2_all_ones_50_reg_10137                                      |   1|   0|    1|          0|
    |Range2_all_ones_51_reg_10241                                      |   1|   0|    1|          0|
    |Range2_all_ones_52_reg_10275                                      |   1|   0|    1|          0|
    |Range2_all_ones_53_reg_10379                                      |   1|   0|    1|          0|
    |Range2_all_ones_54_reg_10413                                      |   1|   0|    1|          0|
    |Range2_all_ones_55_reg_10517                                      |   1|   0|    1|          0|
    |Range2_all_ones_56_reg_10551                                      |   1|   0|    1|          0|
    |Range2_all_ones_57_reg_10655                                      |   1|   0|    1|          0|
    |Range2_all_ones_58_reg_10689                                      |   1|   0|    1|          0|
    |Range2_all_ones_59_reg_10783                                      |   1|   0|    1|          0|
    |Range2_all_ones_60_reg_10817                                      |   1|   0|    1|          0|
    |Range2_all_ones_61_reg_10891                                      |   1|   0|    1|          0|
    |Range2_all_ones_62_reg_10925                                      |   1|   0|    1|          0|
    |Range2_all_ones_63_reg_10999                                      |   1|   0|    1|          0|
    |Range2_all_ones_64_reg_11033                                      |   1|   0|    1|          0|
    |Range2_all_ones_reg_9019                                          |   1|   0|    1|          0|
    |ap_CS_fsm                                                         |  29|   0|   29|          0|
    |grp_gru_cell_step_Pipeline_VITIS_LOOP_120_5_fu_1107_ap_start_reg  |   1|   0|    1|          0|
    |grp_gru_cell_step_Pipeline_VITIS_LOOP_69_1_fu_917_ap_start_reg    |   1|   0|    1|          0|
    |h_prev_0_load_10_reg_8555                                         |   8|   0|    8|          0|
    |h_prev_0_load_11_reg_8619                                         |   8|   0|    8|          0|
    |h_prev_0_load_12_reg_8643                                         |   8|   0|    8|          0|
    |h_prev_0_load_13_reg_8807                                         |   8|   0|    8|          0|
    |h_prev_0_load_14_reg_8850                                         |   8|   0|    8|          0|
    |h_prev_0_load_8_reg_8467                                          |   8|   0|    8|          0|
    |h_prev_0_load_9_reg_8531                                          |   8|   0|    8|          0|
    |h_prev_0_load_reg_8443                                            |   8|   0|    8|          0|
    |h_prev_1_load_10_reg_8561                                         |   8|   0|    8|          0|
    |h_prev_1_load_11_reg_8625                                         |   8|   0|    8|          0|
    |h_prev_1_load_12_reg_8649                                         |   8|   0|    8|          0|
    |h_prev_1_load_13_reg_8818                                         |   8|   0|    8|          0|
    |h_prev_1_load_14_reg_8861                                         |   8|   0|    8|          0|
    |h_prev_1_load_8_reg_8473                                          |   8|   0|    8|          0|
    |h_prev_1_load_9_reg_8537                                          |   8|   0|    8|          0|
    |h_prev_1_load_reg_8449                                            |   8|   0|    8|          0|
    |h_prev_2_load_10_reg_8567                                         |   8|   0|    8|          0|
    |h_prev_2_load_11_reg_8631                                         |   8|   0|    8|          0|
    |h_prev_2_load_12_reg_8655                                         |   8|   0|    8|          0|
    |h_prev_2_load_13_reg_8828                                         |   8|   0|    8|          0|
    |h_prev_2_load_14_reg_8872                                         |   8|   0|    8|          0|
    |h_prev_2_load_8_reg_8479                                          |   8|   0|    8|          0|
    |h_prev_2_load_9_reg_8543                                          |   8|   0|    8|          0|
    |h_prev_2_load_reg_8455                                            |   8|   0|    8|          0|
    |h_prev_3_load_10_reg_8573                                         |   8|   0|    8|          0|
    |h_prev_3_load_11_reg_8637                                         |   8|   0|    8|          0|
    |h_prev_3_load_12_reg_8661                                         |   8|   0|    8|          0|
    |h_prev_3_load_13_reg_8839                                         |   8|   0|    8|          0|
    |h_prev_3_load_14_reg_8882                                         |   8|   0|    8|          0|
    |h_prev_3_load_8_reg_8485                                          |   8|   0|    8|          0|
    |h_prev_3_load_9_reg_8549                                          |   8|   0|    8|          0|
    |h_prev_3_load_reg_8461                                            |   8|   0|    8|          0|
    |or_ln346_32_reg_9115                                              |   1|   0|    1|          0|
    |or_ln346_33_reg_9228                                              |   1|   0|    1|          0|
    |or_ln346_34_reg_9243                                              |   1|   0|    1|          0|
    |or_ln346_35_reg_9366                                              |   1|   0|    1|          0|
    |or_ln346_36_reg_9381                                              |   1|   0|    1|          0|
    |or_ln346_37_reg_9504                                              |   1|   0|    1|          0|
    |or_ln346_38_reg_9519                                              |   1|   0|    1|          0|
    |or_ln346_39_reg_9642                                              |   1|   0|    1|          0|
    |or_ln346_40_reg_9657                                              |   1|   0|    1|          0|
    |or_ln346_41_reg_9780                                              |   1|   0|    1|          0|
    |or_ln346_42_reg_9795                                              |   1|   0|    1|          0|
    |or_ln346_43_reg_9918                                              |   1|   0|    1|          0|
    |or_ln346_44_reg_9933                                              |   1|   0|    1|          0|
    |or_ln346_45_reg_10056                                             |   1|   0|    1|          0|
    |or_ln346_46_reg_10071                                             |   1|   0|    1|          0|
    |or_ln346_47_reg_10194                                             |   1|   0|    1|          0|
    |or_ln346_48_reg_10209                                             |   1|   0|    1|          0|
    |or_ln346_49_reg_10332                                             |   1|   0|    1|          0|
    |or_ln346_50_reg_10347                                             |   1|   0|    1|          0|
    |or_ln346_51_reg_10470                                             |   1|   0|    1|          0|
    |or_ln346_52_reg_10485                                             |   1|   0|    1|          0|
    |or_ln346_53_reg_10608                                             |   1|   0|    1|          0|
    |or_ln346_54_reg_10623                                             |   1|   0|    1|          0|
    |or_ln346_55_reg_10736                                             |   1|   0|    1|          0|
    |or_ln346_56_reg_10751                                             |   1|   0|    1|          0|
    |or_ln346_57_reg_10844                                             |   1|   0|    1|          0|
    |or_ln346_58_reg_10859                                             |   1|   0|    1|          0|
    |or_ln346_59_reg_10952                                             |   1|   0|    1|          0|
    |or_ln346_60_reg_10967                                             |   1|   0|    1|          0|
    |or_ln346_61_reg_11060                                             |   1|   0|    1|          0|
    |or_ln346_62_reg_11075                                             |   1|   0|    1|          0|
    |or_ln346_reg_9100                                                 |   1|   0|    1|          0|
    |overflow_65_reg_9110                                              |   1|   0|    1|          0|
    |overflow_66_reg_9223                                              |   1|   0|    1|          0|
    |overflow_67_reg_9238                                              |   1|   0|    1|          0|
    |overflow_68_reg_9361                                              |   1|   0|    1|          0|
    |overflow_69_reg_9376                                              |   1|   0|    1|          0|
    |overflow_70_reg_9499                                              |   1|   0|    1|          0|
    |overflow_71_reg_9514                                              |   1|   0|    1|          0|
    |overflow_72_reg_9637                                              |   1|   0|    1|          0|
    |overflow_73_reg_9652                                              |   1|   0|    1|          0|
    |overflow_74_reg_9775                                              |   1|   0|    1|          0|
    |overflow_75_reg_9790                                              |   1|   0|    1|          0|
    |overflow_76_reg_9913                                              |   1|   0|    1|          0|
    |overflow_77_reg_9928                                              |   1|   0|    1|          0|
    |overflow_78_reg_10051                                             |   1|   0|    1|          0|
    |overflow_79_reg_10066                                             |   1|   0|    1|          0|
    |overflow_80_reg_10189                                             |   1|   0|    1|          0|
    |overflow_81_reg_10204                                             |   1|   0|    1|          0|
    |overflow_82_reg_10327                                             |   1|   0|    1|          0|
    |overflow_83_reg_10342                                             |   1|   0|    1|          0|
    |overflow_84_reg_10465                                             |   1|   0|    1|          0|
    |overflow_85_reg_10480                                             |   1|   0|    1|          0|
    |overflow_86_reg_10603                                             |   1|   0|    1|          0|
    |overflow_87_reg_10618                                             |   1|   0|    1|          0|
    |overflow_88_reg_10731                                             |   1|   0|    1|          0|
    |overflow_89_reg_10746                                             |   1|   0|    1|          0|
    |overflow_90_reg_10839                                             |   1|   0|    1|          0|
    |overflow_91_reg_10854                                             |   1|   0|    1|          0|
    |overflow_92_reg_10947                                             |   1|   0|    1|          0|
    |overflow_93_reg_10962                                             |   1|   0|    1|          0|
    |overflow_94_reg_11055                                             |   1|   0|    1|          0|
    |overflow_95_reg_11070                                             |   1|   0|    1|          0|
    |overflow_reg_9095                                                 |   1|   0|    1|          0|
    |p_Result_122_reg_9008                                             |   1|   0|    1|          0|
    |p_Result_124_reg_9031                                             |   1|   0|    1|          0|
    |p_Result_125_reg_9042                                             |   1|   0|    1|          0|
    |p_Result_127_reg_9125                                             |   1|   0|    1|          0|
    |p_Result_128_reg_9136                                             |   1|   0|    1|          0|
    |p_Result_130_reg_9159                                             |   1|   0|    1|          0|
    |p_Result_131_reg_9170                                             |   1|   0|    1|          0|
    |p_Result_133_reg_9253                                             |   1|   0|    1|          0|
    |p_Result_134_reg_9264                                             |   1|   0|    1|          0|
    |p_Result_136_reg_9287                                             |   1|   0|    1|          0|
    |p_Result_137_reg_9298                                             |   1|   0|    1|          0|
    |p_Result_139_reg_9391                                             |   1|   0|    1|          0|
    |p_Result_140_reg_9402                                             |   1|   0|    1|          0|
    |p_Result_142_reg_9425                                             |   1|   0|    1|          0|
    |p_Result_143_reg_9436                                             |   1|   0|    1|          0|
    |p_Result_145_reg_9529                                             |   1|   0|    1|          0|
    |p_Result_146_reg_9540                                             |   1|   0|    1|          0|
    |p_Result_148_reg_9563                                             |   1|   0|    1|          0|
    |p_Result_149_reg_9574                                             |   1|   0|    1|          0|
    |p_Result_151_reg_9667                                             |   1|   0|    1|          0|
    |p_Result_152_reg_9678                                             |   1|   0|    1|          0|
    |p_Result_154_reg_9701                                             |   1|   0|    1|          0|
    |p_Result_155_reg_9712                                             |   1|   0|    1|          0|
    |p_Result_157_reg_9805                                             |   1|   0|    1|          0|
    |p_Result_158_reg_9816                                             |   1|   0|    1|          0|
    |p_Result_160_reg_9839                                             |   1|   0|    1|          0|
    |p_Result_161_reg_9850                                             |   1|   0|    1|          0|
    |p_Result_163_reg_9943                                             |   1|   0|    1|          0|
    |p_Result_164_reg_9954                                             |   1|   0|    1|          0|
    |p_Result_166_reg_9977                                             |   1|   0|    1|          0|
    |p_Result_167_reg_9988                                             |   1|   0|    1|          0|
    |p_Result_169_reg_10081                                            |   1|   0|    1|          0|
    |p_Result_170_reg_10092                                            |   1|   0|    1|          0|
    |p_Result_172_reg_10115                                            |   1|   0|    1|          0|
    |p_Result_173_reg_10126                                            |   1|   0|    1|          0|
    |p_Result_175_reg_10219                                            |   1|   0|    1|          0|
    |p_Result_176_reg_10230                                            |   1|   0|    1|          0|
    |p_Result_178_reg_10253                                            |   1|   0|    1|          0|
    |p_Result_179_reg_10264                                            |   1|   0|    1|          0|
    |p_Result_181_reg_10357                                            |   1|   0|    1|          0|
    |p_Result_182_reg_10368                                            |   1|   0|    1|          0|
    |p_Result_184_reg_10391                                            |   1|   0|    1|          0|
    |p_Result_185_reg_10402                                            |   1|   0|    1|          0|
    |p_Result_187_reg_10495                                            |   1|   0|    1|          0|
    |p_Result_188_reg_10506                                            |   1|   0|    1|          0|
    |p_Result_190_reg_10529                                            |   1|   0|    1|          0|
    |p_Result_191_reg_10540                                            |   1|   0|    1|          0|
    |p_Result_193_reg_10633                                            |   1|   0|    1|          0|
    |p_Result_194_reg_10644                                            |   1|   0|    1|          0|
    |p_Result_196_reg_10667                                            |   1|   0|    1|          0|
    |p_Result_197_reg_10678                                            |   1|   0|    1|          0|
    |p_Result_199_reg_10761                                            |   1|   0|    1|          0|
    |p_Result_200_reg_10772                                            |   1|   0|    1|          0|
    |p_Result_202_reg_10795                                            |   1|   0|    1|          0|
    |p_Result_203_reg_10806                                            |   1|   0|    1|          0|
    |p_Result_205_reg_10869                                            |   1|   0|    1|          0|
    |p_Result_206_reg_10880                                            |   1|   0|    1|          0|
    |p_Result_208_reg_10903                                            |   1|   0|    1|          0|
    |p_Result_209_reg_10914                                            |   1|   0|    1|          0|
    |p_Result_211_reg_10977                                            |   1|   0|    1|          0|
    |p_Result_212_reg_10988                                            |   1|   0|    1|          0|
    |p_Result_214_reg_11011                                            |   1|   0|    1|          0|
    |p_Result_215_reg_11022                                            |   1|   0|    1|          0|
    |p_Result_s_reg_8997                                               |   1|   0|    1|          0|
    |p_Val2_178_reg_9003                                               |   8|   0|    8|          0|
    |p_Val2_179_reg_9090                                               |   8|   0|    8|          0|
    |p_Val2_181_reg_9037                                               |   8|   0|    8|          0|
    |p_Val2_182_reg_9105                                               |   8|   0|    8|          0|
    |p_Val2_184_reg_9131                                               |   8|   0|    8|          0|
    |p_Val2_185_reg_9218                                               |   8|   0|    8|          0|
    |p_Val2_187_reg_9165                                               |   8|   0|    8|          0|
    |p_Val2_188_reg_9233                                               |   8|   0|    8|          0|
    |p_Val2_190_reg_9259                                               |   8|   0|    8|          0|
    |p_Val2_191_reg_9356                                               |   8|   0|    8|          0|
    |p_Val2_193_reg_9293                                               |   8|   0|    8|          0|
    |p_Val2_194_reg_9371                                               |   8|   0|    8|          0|
    |p_Val2_196_reg_9397                                               |   8|   0|    8|          0|
    |p_Val2_197_reg_9494                                               |   8|   0|    8|          0|
    |p_Val2_199_reg_9431                                               |   8|   0|    8|          0|
    |p_Val2_200_reg_9509                                               |   8|   0|    8|          0|
    |p_Val2_202_reg_9535                                               |   8|   0|    8|          0|
    |p_Val2_203_reg_9632                                               |   8|   0|    8|          0|
    |p_Val2_205_reg_9569                                               |   8|   0|    8|          0|
    |p_Val2_206_reg_9647                                               |   8|   0|    8|          0|
    |p_Val2_208_reg_9673                                               |   8|   0|    8|          0|
    |p_Val2_209_reg_9770                                               |   8|   0|    8|          0|
    |p_Val2_211_reg_9707                                               |   8|   0|    8|          0|
    |p_Val2_212_reg_9785                                               |   8|   0|    8|          0|
    |p_Val2_214_reg_9811                                               |   8|   0|    8|          0|
    |p_Val2_215_reg_9908                                               |   8|   0|    8|          0|
    |p_Val2_217_reg_9845                                               |   8|   0|    8|          0|
    |p_Val2_218_reg_9923                                               |   8|   0|    8|          0|
    |p_Val2_220_reg_9949                                               |   8|   0|    8|          0|
    |p_Val2_221_reg_10046                                              |   8|   0|    8|          0|
    |p_Val2_223_reg_9983                                               |   8|   0|    8|          0|
    |p_Val2_224_reg_10061                                              |   8|   0|    8|          0|
    |p_Val2_226_reg_10087                                              |   8|   0|    8|          0|
    |p_Val2_227_reg_10184                                              |   8|   0|    8|          0|
    |p_Val2_229_reg_10121                                              |   8|   0|    8|          0|
    |p_Val2_230_reg_10199                                              |   8|   0|    8|          0|
    |p_Val2_232_reg_10225                                              |   8|   0|    8|          0|
    |p_Val2_233_reg_10322                                              |   8|   0|    8|          0|
    |p_Val2_235_reg_10259                                              |   8|   0|    8|          0|
    |p_Val2_236_reg_10337                                              |   8|   0|    8|          0|
    |p_Val2_238_reg_10363                                              |   8|   0|    8|          0|
    |p_Val2_239_reg_10460                                              |   8|   0|    8|          0|
    |p_Val2_241_reg_10397                                              |   8|   0|    8|          0|
    |p_Val2_242_reg_10475                                              |   8|   0|    8|          0|
    |p_Val2_244_reg_10501                                              |   8|   0|    8|          0|
    |p_Val2_245_reg_10598                                              |   8|   0|    8|          0|
    |p_Val2_247_reg_10535                                              |   8|   0|    8|          0|
    |p_Val2_248_reg_10613                                              |   8|   0|    8|          0|
    |p_Val2_250_reg_10639                                              |   8|   0|    8|          0|
    |p_Val2_251_reg_10726                                              |   8|   0|    8|          0|
    |p_Val2_253_reg_10673                                              |   8|   0|    8|          0|
    |p_Val2_254_reg_10741                                              |   8|   0|    8|          0|
    |p_Val2_256_reg_10767                                              |   8|   0|    8|          0|
    |p_Val2_257_reg_10834                                              |   8|   0|    8|          0|
    |p_Val2_259_reg_10801                                              |   8|   0|    8|          0|
    |p_Val2_260_reg_10849                                              |   8|   0|    8|          0|
    |p_Val2_262_reg_10875                                              |   8|   0|    8|          0|
    |p_Val2_263_reg_10942                                              |   8|   0|    8|          0|
    |p_Val2_265_reg_10909                                              |   8|   0|    8|          0|
    |p_Val2_266_reg_10957                                              |   8|   0|    8|          0|
    |p_Val2_268_reg_10983                                              |   8|   0|    8|          0|
    |p_Val2_269_reg_11050                                              |   8|   0|    8|          0|
    |p_Val2_271_reg_11017                                              |   8|   0|    8|          0|
    |p_Val2_272_reg_11065                                              |   8|   0|    8|          0|
    |r_V_304_reg_8673                                                  |   8|   0|   23|         15|
    |r_V_305_reg_8679                                                  |   8|   0|   23|         15|
    |r_V_306_reg_8685                                                  |   8|   0|   23|         15|
    |r_V_307_reg_8690                                                  |   8|   0|   23|         15|
    |r_V_308_reg_8696                                                  |   8|   0|   23|         15|
    |r_V_309_reg_8701                                                  |   8|   0|   23|         15|
    |r_V_310_reg_8707                                                  |   8|   0|   23|         15|
    |r_V_311_reg_8712                                                  |   8|   0|   23|         15|
    |r_V_312_reg_8718                                                  |   8|   0|   23|         15|
    |r_V_313_reg_8724                                                  |   8|   0|   23|         15|
    |r_V_314_reg_8729                                                  |   8|   0|   23|         15|
    |r_V_315_reg_8735                                                  |   8|   0|   23|         15|
    |r_V_316_reg_8740                                                  |   8|   0|   23|         15|
    |r_V_317_reg_8746                                                  |   8|   0|   23|         15|
    |r_V_318_reg_8752                                                  |   8|   0|   23|         15|
    |r_V_319_reg_8758                                                  |   8|   0|   23|         15|
    |r_V_320_reg_8763                                                  |   8|   0|   23|         15|
    |r_V_321_reg_8769                                                  |   8|   0|   23|         15|
    |r_V_322_reg_8774                                                  |   8|   0|   23|         15|
    |r_V_323_reg_8779                                                  |   8|   0|   23|         15|
    |r_V_324_reg_8784                                                  |   8|   0|   23|         15|
    |r_V_325_reg_8789                                                  |   8|   0|   23|         15|
    |r_V_326_reg_8795                                                  |   8|   0|   23|         15|
    |r_V_327_reg_8801                                                  |   8|   0|   23|         15|
    |r_V_328_reg_8812                                                  |   8|   0|   23|         15|
    |r_V_329_reg_8823                                                  |   8|   0|   23|         15|
    |r_V_330_reg_8833                                                  |   8|   0|   23|         15|
    |r_V_331_reg_8844                                                  |   8|   0|   23|         15|
    |r_V_332_reg_8855                                                  |   8|   0|   23|         15|
    |r_V_333_reg_8866                                                  |   8|   0|   23|         15|
    |r_V_334_reg_8877                                                  |   8|   0|   23|         15|
    |r_V_335_reg_8887                                                  |   8|   0|   23|         15|
    |r_V_336_reg_11090                                                 |   8|   0|   23|         15|
    |r_V_337_reg_11095                                                 |   8|   0|   23|         15|
    |r_V_338_reg_11100                                                 |   8|   0|   23|         15|
    |r_V_339_reg_11105                                                 |   8|   0|   23|         15|
    |r_V_340_reg_11110                                                 |   8|   0|   23|         15|
    |r_V_341_reg_11115                                                 |   8|   0|   23|         15|
    |r_V_342_reg_11120                                                 |   8|   0|   23|         15|
    |r_V_343_reg_11125                                                 |   8|   0|   23|         15|
    |r_V_344_reg_11130                                                 |   8|   0|   23|         15|
    |r_V_345_reg_11135                                                 |   8|   0|   23|         15|
    |r_V_346_reg_11140                                                 |   8|   0|   23|         15|
    |r_V_347_reg_11145                                                 |   8|   0|   23|         15|
    |r_V_348_reg_11150                                                 |   8|   0|   23|         15|
    |r_V_349_reg_11155                                                 |   8|   0|   23|         15|
    |r_V_350_reg_11160                                                 |   8|   0|   23|         15|
    |r_V_351_reg_11165                                                 |   8|   0|   23|         15|
    |r_V_352_reg_11170                                                 |   8|   0|   23|         15|
    |r_V_353_reg_11175                                                 |   8|   0|   23|         15|
    |r_V_354_reg_11180                                                 |   8|   0|   23|         15|
    |r_V_355_reg_11185                                                 |   8|   0|   23|         15|
    |r_V_356_reg_11190                                                 |   8|   0|   23|         15|
    |r_V_357_reg_11195                                                 |   8|   0|   23|         15|
    |r_V_358_reg_11200                                                 |   8|   0|   23|         15|
    |r_V_359_reg_11205                                                 |   8|   0|   23|         15|
    |r_V_360_reg_11210                                                 |   8|   0|   23|         15|
    |r_V_361_reg_11215                                                 |   8|   0|   23|         15|
    |r_V_362_reg_11220                                                 |   8|   0|   23|         15|
    |r_V_363_reg_11225                                                 |   8|   0|   23|         15|
    |r_V_364_reg_11230                                                 |   8|   0|   23|         15|
    |r_V_365_reg_11235                                                 |   8|   0|   23|         15|
    |r_V_366_reg_11240                                                 |   8|   0|   23|         15|
    |r_V_367_reg_11245                                                 |   8|   0|   23|         15|
    |r_V_624_reg_8992                                                  |  30|   0|   30|          0|
    |r_V_625_reg_9026                                                  |  30|   0|   30|          0|
    |r_V_626_reg_9120                                                  |  30|   0|   30|          0|
    |r_V_627_reg_9154                                                  |  30|   0|   30|          0|
    |r_V_628_reg_9248                                                  |  30|   0|   30|          0|
    |r_V_629_reg_9282                                                  |  30|   0|   30|          0|
    |r_V_630_reg_9386                                                  |  30|   0|   30|          0|
    |r_V_631_reg_9420                                                  |  30|   0|   30|          0|
    |r_V_632_reg_9524                                                  |  30|   0|   30|          0|
    |r_V_633_reg_9558                                                  |  30|   0|   30|          0|
    |r_V_634_reg_9662                                                  |  30|   0|   30|          0|
    |r_V_635_reg_9696                                                  |  30|   0|   30|          0|
    |r_V_636_reg_9800                                                  |  30|   0|   30|          0|
    |r_V_637_reg_9834                                                  |  30|   0|   30|          0|
    |r_V_638_reg_9938                                                  |  30|   0|   30|          0|
    |r_V_639_reg_9972                                                  |  30|   0|   30|          0|
    |r_V_640_reg_10076                                                 |  30|   0|   30|          0|
    |r_V_641_reg_10110                                                 |  30|   0|   30|          0|
    |r_V_642_reg_10214                                                 |  30|   0|   30|          0|
    |r_V_643_reg_10248                                                 |  30|   0|   30|          0|
    |r_V_644_reg_10352                                                 |  30|   0|   30|          0|
    |r_V_645_reg_10386                                                 |  30|   0|   30|          0|
    |r_V_646_reg_10490                                                 |  30|   0|   30|          0|
    |r_V_647_reg_10524                                                 |  30|   0|   30|          0|
    |r_V_648_reg_10628                                                 |  30|   0|   30|          0|
    |r_V_649_reg_10662                                                 |  30|   0|   30|          0|
    |r_V_650_reg_10756                                                 |  30|   0|   30|          0|
    |r_V_651_reg_10790                                                 |  30|   0|   30|          0|
    |r_V_652_reg_10864                                                 |  30|   0|   30|          0|
    |r_V_653_reg_10898                                                 |  30|   0|   30|          0|
    |r_V_654_reg_10972                                                 |  30|   0|   30|          0|
    |r_V_655_reg_11006                                                 |  30|   0|   30|          0|
    |r_V_s_reg_8667                                                    |  16|   0|   24|          8|
    |select_ln346_100_reg_10312                                        |   8|   0|    8|          0|
    |select_ln346_102_reg_10317                                        |   8|   0|    8|          0|
    |select_ln346_104_reg_10450                                        |   8|   0|    8|          0|
    |select_ln346_106_reg_10455                                        |   8|   0|    8|          0|
    |select_ln346_108_reg_10588                                        |   8|   0|    8|          0|
    |select_ln346_110_reg_10593                                        |   8|   0|    8|          0|
    |select_ln346_112_reg_10716                                        |   8|   0|    8|          0|
    |select_ln346_114_reg_10721                                        |   8|   0|    8|          0|
    |select_ln346_116_reg_10824                                        |   8|   0|    8|          0|
    |select_ln346_118_reg_10829                                        |   8|   0|    8|          0|
    |select_ln346_120_reg_10932                                        |   8|   0|    8|          0|
    |select_ln346_122_reg_10937                                        |   8|   0|    8|          0|
    |select_ln346_124_reg_11040                                        |   8|   0|    8|          0|
    |select_ln346_126_reg_11045                                        |   8|   0|    8|          0|
    |select_ln346_128_reg_11080                                        |   8|   0|    8|          0|
    |select_ln346_130_reg_11085                                        |   8|   0|    8|          0|
    |select_ln346_72_reg_9346                                          |   8|   0|    8|          0|
    |select_ln346_74_reg_9351                                          |   8|   0|    8|          0|
    |select_ln346_76_reg_9484                                          |   8|   0|    8|          0|
    |select_ln346_78_reg_9489                                          |   8|   0|    8|          0|
    |select_ln346_80_reg_9622                                          |   8|   0|    8|          0|
    |select_ln346_82_reg_9627                                          |   8|   0|    8|          0|
    |select_ln346_84_reg_9760                                          |   8|   0|    8|          0|
    |select_ln346_86_reg_9765                                          |   8|   0|    8|          0|
    |select_ln346_88_reg_9898                                          |   8|   0|    8|          0|
    |select_ln346_90_reg_9903                                          |   8|   0|    8|          0|
    |select_ln346_92_reg_10036                                         |   8|   0|    8|          0|
    |select_ln346_94_reg_10041                                         |   8|   0|    8|          0|
    |select_ln346_96_reg_10174                                         |   8|   0|    8|          0|
    |select_ln346_98_reg_10179                                         |   8|   0|    8|          0|
    |tmp_356_reg_9048                                                  |   1|   0|    1|          0|
    |tmp_362_reg_9142                                                  |   1|   0|    1|          0|
    |tmp_368_reg_9176                                                  |   1|   0|    1|          0|
    |tmp_374_reg_9270                                                  |   1|   0|    1|          0|
    |tmp_380_reg_9304                                                  |   1|   0|    1|          0|
    |tmp_386_reg_9408                                                  |   1|   0|    1|          0|
    |tmp_392_reg_9442                                                  |   1|   0|    1|          0|
    |tmp_398_reg_9546                                                  |   1|   0|    1|          0|
    |tmp_404_reg_9580                                                  |   1|   0|    1|          0|
    |tmp_410_reg_9684                                                  |   1|   0|    1|          0|
    |tmp_416_reg_9718                                                  |   1|   0|    1|          0|
    |tmp_422_reg_9822                                                  |   1|   0|    1|          0|
    |tmp_428_reg_9856                                                  |   1|   0|    1|          0|
    |tmp_434_reg_9960                                                  |   1|   0|    1|          0|
    |tmp_440_reg_9994                                                  |   1|   0|    1|          0|
    |tmp_446_reg_10098                                                 |   1|   0|    1|          0|
    |tmp_452_reg_10132                                                 |   1|   0|    1|          0|
    |tmp_458_reg_10236                                                 |   1|   0|    1|          0|
    |tmp_464_reg_10270                                                 |   1|   0|    1|          0|
    |tmp_470_reg_10374                                                 |   1|   0|    1|          0|
    |tmp_476_reg_10408                                                 |   1|   0|    1|          0|
    |tmp_482_reg_10512                                                 |   1|   0|    1|          0|
    |tmp_488_reg_10546                                                 |   1|   0|    1|          0|
    |tmp_494_reg_10650                                                 |   1|   0|    1|          0|
    |tmp_500_reg_10684                                                 |   1|   0|    1|          0|
    |tmp_506_reg_10778                                                 |   1|   0|    1|          0|
    |tmp_512_reg_10812                                                 |   1|   0|    1|          0|
    |tmp_518_reg_10886                                                 |   1|   0|    1|          0|
    |tmp_524_reg_10920                                                 |   1|   0|    1|          0|
    |tmp_530_reg_10994                                                 |   1|   0|    1|          0|
    |tmp_536_reg_11028                                                 |   1|   0|    1|          0|
    |tmp_reg_9014                                                      |   1|   0|    1|          0|
    +------------------------------------------------------------------+----+----+-----+-----------+
    |Total                                                             |2719|   0| 3687|        968|
    +------------------------------------------------------------------+----+----+-----+-----------+



================================================================
== Interface
================================================================
* Summary: 
+-------------------+-----+-----+------------+---------------+--------------+
|     RTL Ports     | Dir | Bits|  Protocol  | Source Object |    C Type    |
+-------------------+-----+-----+------------+---------------+--------------+
|ap_clk             |   in|    1|  ap_ctrl_hs|  gru_cell_step|  return value|
|ap_rst             |   in|    1|  ap_ctrl_hs|  gru_cell_step|  return value|
|ap_start           |   in|    1|  ap_ctrl_hs|  gru_cell_step|  return value|
|ap_done            |  out|    1|  ap_ctrl_hs|  gru_cell_step|  return value|
|ap_idle            |  out|    1|  ap_ctrl_hs|  gru_cell_step|  return value|
|ap_ready           |  out|    1|  ap_ctrl_hs|  gru_cell_step|  return value|
|x                  |   in|   16|     ap_none|              x|        scalar|
|h_prev_0_address0  |  out|    3|   ap_memory|       h_prev_0|         array|
|h_prev_0_ce0       |  out|    1|   ap_memory|       h_prev_0|         array|
|h_prev_0_q0        |   in|    8|   ap_memory|       h_prev_0|         array|
|h_prev_0_address1  |  out|    3|   ap_memory|       h_prev_0|         array|
|h_prev_0_ce1       |  out|    1|   ap_memory|       h_prev_0|         array|
|h_prev_0_q1        |   in|    8|   ap_memory|       h_prev_0|         array|
|h_prev_1_address0  |  out|    3|   ap_memory|       h_prev_1|         array|
|h_prev_1_ce0       |  out|    1|   ap_memory|       h_prev_1|         array|
|h_prev_1_q0        |   in|    8|   ap_memory|       h_prev_1|         array|
|h_prev_1_address1  |  out|    3|   ap_memory|       h_prev_1|         array|
|h_prev_1_ce1       |  out|    1|   ap_memory|       h_prev_1|         array|
|h_prev_1_q1        |   in|    8|   ap_memory|       h_prev_1|         array|
|h_prev_2_address0  |  out|    3|   ap_memory|       h_prev_2|         array|
|h_prev_2_ce0       |  out|    1|   ap_memory|       h_prev_2|         array|
|h_prev_2_q0        |   in|    8|   ap_memory|       h_prev_2|         array|
|h_prev_2_address1  |  out|    3|   ap_memory|       h_prev_2|         array|
|h_prev_2_ce1       |  out|    1|   ap_memory|       h_prev_2|         array|
|h_prev_2_q1        |   in|    8|   ap_memory|       h_prev_2|         array|
|h_prev_3_address0  |  out|    3|   ap_memory|       h_prev_3|         array|
|h_prev_3_ce0       |  out|    1|   ap_memory|       h_prev_3|         array|
|h_prev_3_q0        |   in|    8|   ap_memory|       h_prev_3|         array|
|h_prev_3_address1  |  out|    3|   ap_memory|       h_prev_3|         array|
|h_prev_3_ce1       |  out|    1|   ap_memory|       h_prev_3|         array|
|h_prev_3_q1        |   in|    8|   ap_memory|       h_prev_3|         array|
|h_new_address0     |  out|    5|   ap_memory|          h_new|         array|
|h_new_ce0          |  out|    1|   ap_memory|          h_new|         array|
|h_new_we0          |  out|    1|   ap_memory|          h_new|         array|
|h_new_d0           |  out|    8|   ap_memory|          h_new|         array|
+-------------------+-----+-----+------------+---------------+--------------+

