

================================================================
== Vitis HLS Report for 'gru_cell_step_1'
================================================================
* Date:           Tue Aug 18 11:36:43 2026

* Version:        2022.2 (Build 3670227 on Oct 13 2022)
* Project:        seq2seqlite_student_proj
* Solution:       solution_streaming8 (Vivado IP Flow Target)
* Product family: kintex7
* Target device:  xc7k410t-ffg676-1


================================================================
== Performance Estimates
================================================================
+ Timing: 
    * Summary: 
    +--------+---------+----------+------------+
    |  Clock |  Target | Estimated| Uncertainty|
    +--------+---------+----------+------------+
    |ap_clk  |  4.50 ns|  3.245 ns|     1.22 ns|
    +--------+---------+----------+------------+

+ Latency: 
    * Summary: 
    +---------+---------+----------+----------+-----+-----+---------+
    |  Latency (cycles) |  Latency (absolute) |  Interval | Pipeline|
    |   min   |   max   |    min   |    max   | min | max |   Type  |
    +---------+---------+----------+----------+-----+-----+---------+
    |      338|      338|  1.521 us|  1.521 us|  338|  338|       no|
    +---------+---------+----------+----------+-----+-----+---------+

    + Detail: 
        * Instance: 
        +-------------------------------------------------------+-------------------------------------------+---------+---------+----------+----------+-----+-----+---------+
        |                                                       |                                           |  Latency (cycles) |  Latency (absolute) |  Interval | Pipeline|
        |                        Instance                       |                   Module                  |   min   |   max   |    min   |    max   | min | max |   Type  |
        +-------------------------------------------------------+-------------------------------------------+---------+---------+----------+----------+-----+-----+---------+
        |grp_gru_cell_step_1_Pipeline_VITIS_LOOP_69_1_fu_903    |gru_cell_step_1_Pipeline_VITIS_LOOP_69_1   |      153|      153|  0.689 us|  0.689 us|  153|  153|       no|
        |grp_gru_cell_step_1_Pipeline_VITIS_LOOP_120_5_fu_1089  |gru_cell_step_1_Pipeline_VITIS_LOOP_120_5  |      157|      157|  0.707 us|  0.707 us|  157|  157|       no|
        +-------------------------------------------------------+-------------------------------------------+---------+---------+----------+----------+-----+-----+---------+

        * Loop: 
        N/A



================================================================
== Utilization Estimates
================================================================
* Summary: 
+-----------------+---------+------+--------+--------+-----+
|       Name      | BRAM_18K|  DSP |   FF   |   LUT  | URAM|
+-----------------+---------+------+--------+--------+-----+
|DSP              |        -|    32|       -|       -|    -|
|Expression       |        -|     -|       0|    4672|    -|
|FIFO             |        -|     -|       -|       -|    -|
|Instance         |        0|    69|   25483|   11731|    -|
|Memory           |        0|     -|      45|      16|    0|
|Multiplexer      |        -|     -|       -|    1726|    -|
|Register         |        -|     -|    2703|       -|    -|
+-----------------+---------+------+--------+--------+-----+
|Total            |        0|   101|   28231|   18145|    0|
+-----------------+---------+------+--------+--------+-----+
|Available        |     1590|  1540|  508400|  254200|    0|
+-----------------+---------+------+--------+--------+-----+
|Utilization (%)  |        0|     6|       5|       7|    0|
+-----------------+---------+------+--------+--------+-----+

+ Detail: 
    * Instance: 
    +-------------------------------------------------------+-------------------------------------------+---------+----+-------+------+-----+
    |                        Instance                       |                   Module                  | BRAM_18K| DSP|   FF  |  LUT | URAM|
    +-------------------------------------------------------+-------------------------------------------+---------+----+-------+------+-----+
    |grp_gru_cell_step_1_Pipeline_VITIS_LOOP_120_5_fu_1089  |gru_cell_step_1_Pipeline_VITIS_LOOP_120_5  |        0|   5|   6817|  3701|    0|
    |grp_gru_cell_step_1_Pipeline_VITIS_LOOP_69_1_fu_903    |gru_cell_step_1_Pipeline_VITIS_LOOP_69_1   |        0|  35|  13765|  6087|    0|
    |mul_23s_21s_44_5_1_U739                                |mul_23s_21s_44_5_1                         |        0|   1|    169|    67|    0|
    |mul_23s_21s_44_5_1_U745                                |mul_23s_21s_44_5_1                         |        0|   1|    169|    67|    0|
    |mul_23s_21s_44_5_1_U761                                |mul_23s_21s_44_5_1                         |        0|   1|    169|    67|    0|
    |mul_23s_21s_44_5_1_U763                                |mul_23s_21s_44_5_1                         |        0|   1|    169|    67|    0|
    |mul_23s_21s_44_5_1_U764                                |mul_23s_21s_44_5_1                         |        0|   1|    169|    67|    0|
    |mul_23s_22s_45_5_1_U737                                |mul_23s_22s_45_5_1                         |        0|   1|    169|    67|    0|
    |mul_23s_22s_45_5_1_U738                                |mul_23s_22s_45_5_1                         |        0|   1|    169|    67|    0|
    |mul_23s_22s_45_5_1_U740                                |mul_23s_22s_45_5_1                         |        0|   1|    169|    67|    0|
    |mul_23s_22s_45_5_1_U741                                |mul_23s_22s_45_5_1                         |        0|   1|    169|    67|    0|
    |mul_23s_22s_45_5_1_U742                                |mul_23s_22s_45_5_1                         |        0|   1|    169|    67|    0|
    |mul_23s_22s_45_5_1_U743                                |mul_23s_22s_45_5_1                         |        0|   1|    169|    67|    0|
    |mul_23s_22s_45_5_1_U744                                |mul_23s_22s_45_5_1                         |        0|   1|    169|    67|    0|
    |mul_23s_22s_45_5_1_U747                                |mul_23s_22s_45_5_1                         |        0|   1|    169|    67|    0|
    |mul_23s_22s_45_5_1_U748                                |mul_23s_22s_45_5_1                         |        0|   1|    169|    67|    0|
    |mul_23s_22s_45_5_1_U749                                |mul_23s_22s_45_5_1                         |        0|   1|    169|    67|    0|
    |mul_23s_22s_45_5_1_U750                                |mul_23s_22s_45_5_1                         |        0|   1|    169|    67|    0|
    |mul_23s_22s_45_5_1_U751                                |mul_23s_22s_45_5_1                         |        0|   1|    169|    67|    0|
    |mul_23s_22s_45_5_1_U752                                |mul_23s_22s_45_5_1                         |        0|   1|    169|    67|    0|
    |mul_23s_22s_45_5_1_U753                                |mul_23s_22s_45_5_1                         |        0|   1|    169|    67|    0|
    |mul_23s_22s_45_5_1_U754                                |mul_23s_22s_45_5_1                         |        0|   1|    169|    67|    0|
    |mul_23s_22s_45_5_1_U755                                |mul_23s_22s_45_5_1                         |        0|   1|    169|    67|    0|
    |mul_23s_22s_45_5_1_U756                                |mul_23s_22s_45_5_1                         |        0|   1|    169|    67|    0|
    |mul_23s_22s_45_5_1_U757                                |mul_23s_22s_45_5_1                         |        0|   1|    169|    67|    0|
    |mul_23s_22s_45_5_1_U758                                |mul_23s_22s_45_5_1                         |        0|   1|    169|    67|    0|
    |mul_23s_22s_45_5_1_U759                                |mul_23s_22s_45_5_1                         |        0|   1|    169|    67|    0|
    |mul_23s_22s_45_5_1_U760                                |mul_23s_22s_45_5_1                         |        0|   1|    169|    67|    0|
    |mul_23s_22s_45_5_1_U762                                |mul_23s_22s_45_5_1                         |        0|   1|    169|    67|    0|
    |mul_23s_23s_46_5_1_U736                                |mul_23s_23s_46_5_1                         |        0|   1|    169|    67|    0|
    |mul_23s_23s_46_5_1_U746                                |mul_23s_23s_46_5_1                         |        0|   1|    169|    67|    0|
    +-------------------------------------------------------+-------------------------------------------+---------+----+-------+------+-----+
    |Total                                                  |                                           |        0|  69|  25483| 11731|    0|
    +-------------------------------------------------------+-------------------------------------------+---------+----+-------+------+-----+

    * DSP: 
    +------------------------------+-------------------------+-----------+
    |           Instance           |          Module         | Expression|
    +------------------------------+-------------------------+-----------+
    |mul_mul_15ns_15s_30_4_1_U704  |mul_mul_15ns_15s_30_4_1  |    i0 * i1|
    |mul_mul_15ns_15s_30_4_1_U705  |mul_mul_15ns_15s_30_4_1  |    i0 * i1|
    |mul_mul_15ns_15s_30_4_1_U706  |mul_mul_15ns_15s_30_4_1  |    i0 * i1|
    |mul_mul_15ns_15s_30_4_1_U707  |mul_mul_15ns_15s_30_4_1  |    i0 * i1|
    |mul_mul_15ns_15s_30_4_1_U708  |mul_mul_15ns_15s_30_4_1  |    i0 * i1|
    |mul_mul_15ns_15s_30_4_1_U709  |mul_mul_15ns_15s_30_4_1  |    i0 * i1|
    |mul_mul_15ns_15s_30_4_1_U710  |mul_mul_15ns_15s_30_4_1  |    i0 * i1|
    |mul_mul_15ns_15s_30_4_1_U711  |mul_mul_15ns_15s_30_4_1  |    i0 * i1|
    |mul_mul_15ns_15s_30_4_1_U712  |mul_mul_15ns_15s_30_4_1  |    i0 * i1|
    |mul_mul_15ns_15s_30_4_1_U713  |mul_mul_15ns_15s_30_4_1  |    i0 * i1|
    |mul_mul_15ns_15s_30_4_1_U714  |mul_mul_15ns_15s_30_4_1  |    i0 * i1|
    |mul_mul_15ns_15s_30_4_1_U715  |mul_mul_15ns_15s_30_4_1  |    i0 * i1|
    |mul_mul_15ns_15s_30_4_1_U716  |mul_mul_15ns_15s_30_4_1  |    i0 * i1|
    |mul_mul_15ns_15s_30_4_1_U717  |mul_mul_15ns_15s_30_4_1  |    i0 * i1|
    |mul_mul_15ns_15s_30_4_1_U718  |mul_mul_15ns_15s_30_4_1  |    i0 * i1|
    |mul_mul_15ns_15s_30_4_1_U719  |mul_mul_15ns_15s_30_4_1  |    i0 * i1|
    |mul_mul_15ns_15s_30_4_1_U720  |mul_mul_15ns_15s_30_4_1  |    i0 * i1|
    |mul_mul_15ns_15s_30_4_1_U721  |mul_mul_15ns_15s_30_4_1  |    i0 * i1|
    |mul_mul_15ns_15s_30_4_1_U722  |mul_mul_15ns_15s_30_4_1  |    i0 * i1|
    |mul_mul_15ns_15s_30_4_1_U723  |mul_mul_15ns_15s_30_4_1  |    i0 * i1|
    |mul_mul_15ns_15s_30_4_1_U724  |mul_mul_15ns_15s_30_4_1  |    i0 * i1|
    |mul_mul_15ns_15s_30_4_1_U725  |mul_mul_15ns_15s_30_4_1  |    i0 * i1|
    |mul_mul_15ns_15s_30_4_1_U726  |mul_mul_15ns_15s_30_4_1  |    i0 * i1|
    |mul_mul_15ns_15s_30_4_1_U727  |mul_mul_15ns_15s_30_4_1  |    i0 * i1|
    |mul_mul_15ns_15s_30_4_1_U728  |mul_mul_15ns_15s_30_4_1  |    i0 * i1|
    |mul_mul_15ns_15s_30_4_1_U729  |mul_mul_15ns_15s_30_4_1  |    i0 * i1|
    |mul_mul_15ns_15s_30_4_1_U730  |mul_mul_15ns_15s_30_4_1  |    i0 * i1|
    |mul_mul_15ns_15s_30_4_1_U731  |mul_mul_15ns_15s_30_4_1  |    i0 * i1|
    |mul_mul_15ns_15s_30_4_1_U732  |mul_mul_15ns_15s_30_4_1  |    i0 * i1|
    |mul_mul_15ns_15s_30_4_1_U733  |mul_mul_15ns_15s_30_4_1  |    i0 * i1|
    |mul_mul_15ns_15s_30_4_1_U734  |mul_mul_15ns_15s_30_4_1  |    i0 * i1|
    |mul_mul_15ns_15s_30_4_1_U735  |mul_mul_15ns_15s_30_4_1  |    i0 * i1|
    +------------------------------+-------------------------+-----------+

    * Memory: 
    +-------+-----------------------------------+---------+----+----+-----+------+-----+------+-------------+
    | Memory|               Module              | BRAM_18K| FF | LUT| URAM| Words| Bits| Banks| W*Bits*Banks|
    +-------+-----------------------------------+---------+----+----+-----+------+-----+------+-------------+
    |z_V_U  |gru_cell_step_1_z_V_RAM_AUTO_1R1W  |        0|  15|   8|    0|    32|   15|     1|          480|
    |r_V_U  |gru_cell_step_r_V_RAM_AUTO_1R1W    |        0|  30|   8|    0|    32|   15|     1|          480|
    +-------+-----------------------------------+---------+----+----+-----+------+-----+------+-------------+
    |Total  |                                   |        0|  45|  16|    0|    64|   30|     2|          960|
    +-------+-----------------------------------+---------+----+----+-----+------+-----+------+-------------+

    * FIFO: 
    N/A

    * Expression: 
    +----------------------------+----------+----+---+----+------------+------------+
    |        Variable Name       | Operation| DSP| FF| LUT| Bitwidth P0| Bitwidth P1|
    +----------------------------+----------+----+---+----+------------+------------+
    |p_Val2_100_fu_3213_p2       |         +|   0|  0|  15|           8|           8|
    |p_Val2_109_fu_3343_p2       |         +|   0|  0|  15|           8|           8|
    |p_Val2_114_fu_3603_p2       |         +|   0|  0|  15|           8|           8|
    |p_Val2_117_fu_3733_p2       |         +|   0|  0|  15|           8|           8|
    |p_Val2_120_fu_3993_p2       |         +|   0|  0|  15|           8|           8|
    |p_Val2_123_fu_4123_p2       |         +|   0|  0|  15|           8|           8|
    |p_Val2_126_fu_4383_p2       |         +|   0|  0|  15|           8|           8|
    |p_Val2_129_fu_4513_p2       |         +|   0|  0|  15|           8|           8|
    |p_Val2_132_fu_4773_p2       |         +|   0|  0|  15|           8|           8|
    |p_Val2_135_fu_4903_p2       |         +|   0|  0|  15|           8|           8|
    |p_Val2_138_fu_5163_p2       |         +|   0|  0|  15|           8|           8|
    |p_Val2_141_fu_5293_p2       |         +|   0|  0|  15|           8|           8|
    |p_Val2_144_fu_5553_p2       |         +|   0|  0|  15|           8|           8|
    |p_Val2_147_fu_5683_p2       |         +|   0|  0|  15|           8|           8|
    |p_Val2_150_fu_5943_p2       |         +|   0|  0|  15|           8|           8|
    |p_Val2_153_fu_6073_p2       |         +|   0|  0|  15|           8|           8|
    |p_Val2_156_fu_6333_p2       |         +|   0|  0|  15|           8|           8|
    |p_Val2_159_fu_6463_p2       |         +|   0|  0|  15|           8|           8|
    |p_Val2_162_fu_6693_p2       |         +|   0|  0|  15|           8|           8|
    |p_Val2_165_fu_6823_p2       |         +|   0|  0|  15|           8|           8|
    |p_Val2_168_fu_7053_p2       |         +|   0|  0|  15|           8|           8|
    |p_Val2_171_fu_7183_p2       |         +|   0|  0|  15|           8|           8|
    |p_Val2_174_fu_7413_p2       |         +|   0|  0|  15|           8|           8|
    |p_Val2_177_fu_7543_p2       |         +|   0|  0|  15|           8|           8|
    |p_Val2_28_fu_1679_p2        |         +|   0|  0|  15|           8|           8|
    |p_Val2_37_fu_1809_p2        |         +|   0|  0|  15|           8|           8|
    |p_Val2_46_fu_2043_p2        |         +|   0|  0|  15|           8|           8|
    |p_Val2_55_fu_2173_p2        |         +|   0|  0|  15|           8|           8|
    |p_Val2_64_fu_2433_p2        |         +|   0|  0|  15|           8|           8|
    |p_Val2_73_fu_2563_p2        |         +|   0|  0|  15|           8|           8|
    |p_Val2_82_fu_2823_p2        |         +|   0|  0|  15|           8|           8|
    |p_Val2_91_fu_2953_p2        |         +|   0|  0|  15|           8|           8|
    |and_ln891_10_fu_3668_p2     |       and|   0|  0|   6|           1|           1|
    |and_ln891_11_fu_3798_p2     |       and|   0|  0|   6|           1|           1|
    |and_ln891_12_fu_4058_p2     |       and|   0|  0|   6|           1|           1|
    |and_ln891_13_fu_4188_p2     |       and|   0|  0|   6|           1|           1|
    |and_ln891_14_fu_4448_p2     |       and|   0|  0|   6|           1|           1|
    |and_ln891_15_fu_4578_p2     |       and|   0|  0|   6|           1|           1|
    |and_ln891_16_fu_4838_p2     |       and|   0|  0|   6|           1|           1|
    |and_ln891_17_fu_4968_p2     |       and|   0|  0|   6|           1|           1|
    |and_ln891_18_fu_5228_p2     |       and|   0|  0|   6|           1|           1|
    |and_ln891_19_fu_5358_p2     |       and|   0|  0|   6|           1|           1|
    |and_ln891_1_fu_1874_p2      |       and|   0|  0|   6|           1|           1|
    |and_ln891_20_fu_5618_p2     |       and|   0|  0|   6|           1|           1|
    |and_ln891_21_fu_5748_p2     |       and|   0|  0|   6|           1|           1|
    |and_ln891_22_fu_6008_p2     |       and|   0|  0|   6|           1|           1|
    |and_ln891_23_fu_6138_p2     |       and|   0|  0|   6|           1|           1|
    |and_ln891_24_fu_6398_p2     |       and|   0|  0|   6|           1|           1|
    |and_ln891_25_fu_6528_p2     |       and|   0|  0|   6|           1|           1|
    |and_ln891_26_fu_6758_p2     |       and|   0|  0|   6|           1|           1|
    |and_ln891_27_fu_6888_p2     |       and|   0|  0|   6|           1|           1|
    |and_ln891_28_fu_7118_p2     |       and|   0|  0|   6|           1|           1|
    |and_ln891_29_fu_7248_p2     |       and|   0|  0|   6|           1|           1|
    |and_ln891_2_fu_2108_p2      |       and|   0|  0|   6|           1|           1|
    |and_ln891_30_fu_7478_p2     |       and|   0|  0|   6|           1|           1|
    |and_ln891_31_fu_7608_p2     |       and|   0|  0|   6|           1|           1|
    |and_ln891_32_fu_1739_p2     |       and|   0|  0|   6|           1|           1|
    |and_ln891_33_fu_1869_p2     |       and|   0|  0|   6|           1|           1|
    |and_ln891_34_fu_2103_p2     |       and|   0|  0|   6|           1|           1|
    |and_ln891_35_fu_2233_p2     |       and|   0|  0|   6|           1|           1|
    |and_ln891_36_fu_2493_p2     |       and|   0|  0|   6|           1|           1|
    |and_ln891_37_fu_2623_p2     |       and|   0|  0|   6|           1|           1|
    |and_ln891_38_fu_2883_p2     |       and|   0|  0|   6|           1|           1|
    |and_ln891_39_fu_3013_p2     |       and|   0|  0|   6|           1|           1|
    |and_ln891_3_fu_2238_p2      |       and|   0|  0|   6|           1|           1|
    |and_ln891_40_fu_3273_p2     |       and|   0|  0|   6|           1|           1|
    |and_ln891_41_fu_3403_p2     |       and|   0|  0|   6|           1|           1|
    |and_ln891_42_fu_3663_p2     |       and|   0|  0|   6|           1|           1|
    |and_ln891_43_fu_3793_p2     |       and|   0|  0|   6|           1|           1|
    |and_ln891_44_fu_4053_p2     |       and|   0|  0|   6|           1|           1|
    |and_ln891_45_fu_4183_p2     |       and|   0|  0|   6|           1|           1|
    |and_ln891_46_fu_4443_p2     |       and|   0|  0|   6|           1|           1|
    |and_ln891_47_fu_4573_p2     |       and|   0|  0|   6|           1|           1|
    |and_ln891_48_fu_4833_p2     |       and|   0|  0|   6|           1|           1|
    |and_ln891_49_fu_4963_p2     |       and|   0|  0|   6|           1|           1|
    |and_ln891_4_fu_2498_p2      |       and|   0|  0|   6|           1|           1|
    |and_ln891_50_fu_5223_p2     |       and|   0|  0|   6|           1|           1|
    |and_ln891_51_fu_5353_p2     |       and|   0|  0|   6|           1|           1|
    |and_ln891_52_fu_5613_p2     |       and|   0|  0|   6|           1|           1|
    |and_ln891_53_fu_5743_p2     |       and|   0|  0|   6|           1|           1|
    |and_ln891_54_fu_6003_p2     |       and|   0|  0|   6|           1|           1|
    |and_ln891_55_fu_6133_p2     |       and|   0|  0|   6|           1|           1|
    |and_ln891_56_fu_6393_p2     |       and|   0|  0|   6|           1|           1|
    |and_ln891_57_fu_6523_p2     |       and|   0|  0|   6|           1|           1|
    |and_ln891_58_fu_6753_p2     |       and|   0|  0|   6|           1|           1|
    |and_ln891_59_fu_6883_p2     |       and|   0|  0|   6|           1|           1|
    |and_ln891_5_fu_2628_p2      |       and|   0|  0|   6|           1|           1|
    |and_ln891_60_fu_7113_p2     |       and|   0|  0|   6|           1|           1|
    |and_ln891_61_fu_7243_p2     |       and|   0|  0|   6|           1|           1|
    |and_ln891_62_fu_7473_p2     |       and|   0|  0|   6|           1|           1|
    |and_ln891_63_fu_7603_p2     |       and|   0|  0|   6|           1|           1|
    |and_ln891_6_fu_2888_p2      |       and|   0|  0|   6|           1|           1|
    |and_ln891_7_fu_3018_p2      |       and|   0|  0|   6|           1|           1|
    |and_ln891_8_fu_3278_p2      |       and|   0|  0|   6|           1|           1|
    |and_ln891_9_fu_3408_p2      |       and|   0|  0|   6|           1|           1|
    |and_ln891_fu_1744_p2        |       and|   0|  0|   6|           1|           1|
    |deleted_ones_32_fu_1864_p2  |       and|   0|  0|   6|           1|           1|
    |deleted_ones_33_fu_2098_p2  |       and|   0|  0|   6|           1|           1|
    |deleted_ones_34_fu_2228_p2  |       and|   0|  0|   6|           1|           1|
    |deleted_ones_35_fu_2488_p2  |       and|   0|  0|   6|           1|           1|
    |deleted_ones_36_fu_2618_p2  |       and|   0|  0|   6|           1|           1|
    |deleted_ones_37_fu_2878_p2  |       and|   0|  0|   6|           1|           1|
    |deleted_ones_38_fu_3008_p2  |       and|   0|  0|   6|           1|           1|
    |deleted_ones_39_fu_3268_p2  |       and|   0|  0|   6|           1|           1|
    |deleted_ones_40_fu_3398_p2  |       and|   0|  0|   6|           1|           1|
    |deleted_ones_41_fu_3658_p2  |       and|   0|  0|   6|           1|           1|
    |deleted_ones_42_fu_3788_p2  |       and|   0|  0|   6|           1|           1|
    |deleted_ones_43_fu_4048_p2  |       and|   0|  0|   6|           1|           1|
    |deleted_ones_44_fu_4178_p2  |       and|   0|  0|   6|           1|           1|
    |deleted_ones_45_fu_4438_p2  |       and|   0|  0|   6|           1|           1|
    |deleted_ones_46_fu_4568_p2  |       and|   0|  0|   6|           1|           1|
    |deleted_ones_47_fu_4828_p2  |       and|   0|  0|   6|           1|           1|
    |deleted_ones_48_fu_4958_p2  |       and|   0|  0|   6|           1|           1|
    |deleted_ones_49_fu_5218_p2  |       and|   0|  0|   6|           1|           1|
    |deleted_ones_50_fu_5348_p2  |       and|   0|  0|   6|           1|           1|
    |deleted_ones_51_fu_5608_p2  |       and|   0|  0|   6|           1|           1|
    |deleted_ones_52_fu_5738_p2  |       and|   0|  0|   6|           1|           1|
    |deleted_ones_53_fu_5998_p2  |       and|   0|  0|   6|           1|           1|
    |deleted_ones_54_fu_6128_p2  |       and|   0|  0|   6|           1|           1|
    |deleted_ones_55_fu_6388_p2  |       and|   0|  0|   6|           1|           1|
    |deleted_ones_56_fu_6518_p2  |       and|   0|  0|   6|           1|           1|
    |deleted_ones_57_fu_6748_p2  |       and|   0|  0|   6|           1|           1|
    |deleted_ones_58_fu_6878_p2  |       and|   0|  0|   6|           1|           1|
    |deleted_ones_59_fu_7108_p2  |       and|   0|  0|   6|           1|           1|
    |deleted_ones_60_fu_7238_p2  |       and|   0|  0|   6|           1|           1|
    |deleted_ones_61_fu_7468_p2  |       and|   0|  0|   6|           1|           1|
    |deleted_ones_62_fu_7598_p2  |       and|   0|  0|   6|           1|           1|
    |deleted_ones_fu_1734_p2     |       and|   0|  0|   6|           1|           1|
    |overflow_32_fu_1901_p2      |       and|   0|  0|   6|           1|           1|
    |overflow_33_fu_2135_p2      |       and|   0|  0|   6|           1|           1|
    |overflow_34_fu_2265_p2      |       and|   0|  0|   6|           1|           1|
    |overflow_35_fu_2525_p2      |       and|   0|  0|   6|           1|           1|
    |overflow_36_fu_2655_p2      |       and|   0|  0|   6|           1|           1|
    |overflow_37_fu_2915_p2      |       and|   0|  0|   6|           1|           1|
    |overflow_38_fu_3045_p2      |       and|   0|  0|   6|           1|           1|
    |overflow_39_fu_3305_p2      |       and|   0|  0|   6|           1|           1|
    |overflow_40_fu_3435_p2      |       and|   0|  0|   6|           1|           1|
    |overflow_41_fu_3695_p2      |       and|   0|  0|   6|           1|           1|
    |overflow_42_fu_3825_p2      |       and|   0|  0|   6|           1|           1|
    |overflow_43_fu_4085_p2      |       and|   0|  0|   6|           1|           1|
    |overflow_44_fu_4215_p2      |       and|   0|  0|   6|           1|           1|
    |overflow_45_fu_4475_p2      |       and|   0|  0|   6|           1|           1|
    |overflow_46_fu_4605_p2      |       and|   0|  0|   6|           1|           1|
    |overflow_47_fu_4865_p2      |       and|   0|  0|   6|           1|           1|
    |overflow_48_fu_4995_p2      |       and|   0|  0|   6|           1|           1|
    |overflow_49_fu_5255_p2      |       and|   0|  0|   6|           1|           1|
    |overflow_50_fu_5385_p2      |       and|   0|  0|   6|           1|           1|
    |overflow_51_fu_5645_p2      |       and|   0|  0|   6|           1|           1|
    |overflow_52_fu_5775_p2      |       and|   0|  0|   6|           1|           1|
    |overflow_53_fu_6035_p2      |       and|   0|  0|   6|           1|           1|
    |overflow_54_fu_6165_p2      |       and|   0|  0|   6|           1|           1|
    |overflow_55_fu_6425_p2      |       and|   0|  0|   6|           1|           1|
    |overflow_56_fu_6555_p2      |       and|   0|  0|   6|           1|           1|
    |overflow_57_fu_6785_p2      |       and|   0|  0|   6|           1|           1|
    |overflow_58_fu_6915_p2      |       and|   0|  0|   6|           1|           1|
    |overflow_59_fu_7145_p2      |       and|   0|  0|   6|           1|           1|
    |overflow_60_fu_7275_p2      |       and|   0|  0|   6|           1|           1|
    |overflow_61_fu_7505_p2      |       and|   0|  0|   6|           1|           1|
    |overflow_62_fu_7635_p2      |       and|   0|  0|   6|           1|           1|
    |overflow_fu_1771_p2         |       and|   0|  0|   6|           1|           1|
    |underflow_32_fu_1925_p2     |       and|   0|  0|   6|           1|           1|
    |underflow_33_fu_2159_p2     |       and|   0|  0|   6|           1|           1|
    |underflow_34_fu_2289_p2     |       and|   0|  0|   6|           1|           1|
    |underflow_35_fu_2549_p2     |       and|   0|  0|   6|           1|           1|
    |underflow_36_fu_2679_p2     |       and|   0|  0|   6|           1|           1|
    |underflow_37_fu_2939_p2     |       and|   0|  0|   6|           1|           1|
    |underflow_38_fu_3069_p2     |       and|   0|  0|   6|           1|           1|
    |underflow_39_fu_3329_p2     |       and|   0|  0|   6|           1|           1|
    |underflow_40_fu_3459_p2     |       and|   0|  0|   6|           1|           1|
    |underflow_41_fu_3719_p2     |       and|   0|  0|   6|           1|           1|
    |underflow_42_fu_3849_p2     |       and|   0|  0|   6|           1|           1|
    |underflow_43_fu_4109_p2     |       and|   0|  0|   6|           1|           1|
    |underflow_44_fu_4239_p2     |       and|   0|  0|   6|           1|           1|
    |underflow_45_fu_4499_p2     |       and|   0|  0|   6|           1|           1|
    |underflow_46_fu_4629_p2     |       and|   0|  0|   6|           1|           1|
    |underflow_47_fu_4889_p2     |       and|   0|  0|   6|           1|           1|
    |underflow_48_fu_5019_p2     |       and|   0|  0|   6|           1|           1|
    |underflow_49_fu_5279_p2     |       and|   0|  0|   6|           1|           1|
    |underflow_50_fu_5409_p2     |       and|   0|  0|   6|           1|           1|
    |underflow_51_fu_5669_p2     |       and|   0|  0|   6|           1|           1|
    |underflow_52_fu_5799_p2     |       and|   0|  0|   6|           1|           1|
    |underflow_53_fu_6059_p2     |       and|   0|  0|   6|           1|           1|
    |underflow_54_fu_6189_p2     |       and|   0|  0|   6|           1|           1|
    |underflow_55_fu_6449_p2     |       and|   0|  0|   6|           1|           1|
    |underflow_56_fu_6579_p2     |       and|   0|  0|   6|           1|           1|
    |underflow_57_fu_6809_p2     |       and|   0|  0|   6|           1|           1|
    |underflow_58_fu_6939_p2     |       and|   0|  0|   6|           1|           1|
    |underflow_59_fu_7169_p2     |       and|   0|  0|   6|           1|           1|
    |underflow_60_fu_7299_p2     |       and|   0|  0|   6|           1|           1|
    |underflow_61_fu_7529_p2     |       and|   0|  0|   6|           1|           1|
    |underflow_62_fu_7659_p2     |       and|   0|  0|   6|           1|           1|
    |underflow_fu_1795_p2        |       and|   0|  0|   6|           1|           1|
    |or_ln346_10_fu_3724_p2      |        or|   0|  0|   6|           1|           1|
    |or_ln346_11_fu_3854_p2      |        or|   0|  0|   6|           1|           1|
    |or_ln346_12_fu_4114_p2      |        or|   0|  0|   6|           1|           1|
    |or_ln346_13_fu_4244_p2      |        or|   0|  0|   6|           1|           1|
    |or_ln346_14_fu_4504_p2      |        or|   0|  0|   6|           1|           1|
    |or_ln346_15_fu_4634_p2      |        or|   0|  0|   6|           1|           1|
    |or_ln346_16_fu_4894_p2      |        or|   0|  0|   6|           1|           1|
    |or_ln346_17_fu_5024_p2      |        or|   0|  0|   6|           1|           1|
    |or_ln346_18_fu_5284_p2      |        or|   0|  0|   6|           1|           1|
    |or_ln346_19_fu_5414_p2      |        or|   0|  0|   6|           1|           1|
    |or_ln346_1_fu_1930_p2       |        or|   0|  0|   6|           1|           1|
    |or_ln346_20_fu_5674_p2      |        or|   0|  0|   6|           1|           1|
    |or_ln346_21_fu_5804_p2      |        or|   0|  0|   6|           1|           1|
    |or_ln346_22_fu_6064_p2      |        or|   0|  0|   6|           1|           1|
    |or_ln346_23_fu_6194_p2      |        or|   0|  0|   6|           1|           1|
    |or_ln346_24_fu_6454_p2      |        or|   0|  0|   6|           1|           1|
    |or_ln346_25_fu_6584_p2      |        or|   0|  0|   6|           1|           1|
    |or_ln346_26_fu_6814_p2      |        or|   0|  0|   6|           1|           1|
    |or_ln346_27_fu_6944_p2      |        or|   0|  0|   6|           1|           1|
    |or_ln346_28_fu_7174_p2      |        or|   0|  0|   6|           1|           1|
    |or_ln346_29_fu_7304_p2      |        or|   0|  0|   6|           1|           1|
    |or_ln346_2_fu_2164_p2       |        or|   0|  0|   6|           1|           1|
    |or_ln346_30_fu_7534_p2      |        or|   0|  0|   6|           1|           1|
    |or_ln346_31_fu_7664_p2      |        or|   0|  0|   6|           1|           1|
    |or_ln346_3_fu_2294_p2       |        or|   0|  0|   6|           1|           1|
    |or_ln346_4_fu_2554_p2       |        or|   0|  0|   6|           1|           1|
    |or_ln346_5_fu_2684_p2       |        or|   0|  0|   6|           1|           1|
    |or_ln346_6_fu_2944_p2       |        or|   0|  0|   6|           1|           1|
    |or_ln346_7_fu_3074_p2       |        or|   0|  0|   6|           1|           1|
    |or_ln346_8_fu_3334_p2       |        or|   0|  0|   6|           1|           1|
    |or_ln346_9_fu_3464_p2       |        or|   0|  0|   6|           1|           1|
    |or_ln346_fu_1800_p2         |        or|   0|  0|   6|           1|           1|
    |or_ln888_10_fu_3627_p2      |        or|   0|  0|   6|           1|           1|
    |or_ln888_11_fu_3757_p2      |        or|   0|  0|   6|           1|           1|
    |or_ln888_12_fu_4017_p2      |        or|   0|  0|   6|           1|           1|
    |or_ln888_13_fu_4147_p2      |        or|   0|  0|   6|           1|           1|
    |or_ln888_14_fu_4407_p2      |        or|   0|  0|   6|           1|           1|
    |or_ln888_15_fu_4537_p2      |        or|   0|  0|   6|           1|           1|
    |or_ln888_16_fu_4797_p2      |        or|   0|  0|   6|           1|           1|
    |or_ln888_17_fu_4927_p2      |        or|   0|  0|   6|           1|           1|
    |or_ln888_18_fu_5187_p2      |        or|   0|  0|   6|           1|           1|
    |or_ln888_19_fu_5317_p2      |        or|   0|  0|   6|           1|           1|
    |or_ln888_1_fu_1833_p2       |        or|   0|  0|   6|           1|           1|
    |or_ln888_20_fu_5577_p2      |        or|   0|  0|   6|           1|           1|
    |or_ln888_21_fu_5707_p2      |        or|   0|  0|   6|           1|           1|
    |or_ln888_22_fu_5967_p2      |        or|   0|  0|   6|           1|           1|
    |or_ln888_23_fu_6097_p2      |        or|   0|  0|   6|           1|           1|
    |or_ln888_24_fu_6357_p2      |        or|   0|  0|   6|           1|           1|
    |or_ln888_25_fu_6487_p2      |        or|   0|  0|   6|           1|           1|
    |or_ln888_26_fu_6717_p2      |        or|   0|  0|   6|           1|           1|
    |or_ln888_27_fu_6847_p2      |        or|   0|  0|   6|           1|           1|
    |or_ln888_28_fu_7077_p2      |        or|   0|  0|   6|           1|           1|
    |or_ln888_29_fu_7207_p2      |        or|   0|  0|   6|           1|           1|
    |or_ln888_2_fu_2067_p2       |        or|   0|  0|   6|           1|           1|
    |or_ln888_30_fu_7437_p2      |        or|   0|  0|   6|           1|           1|
    |or_ln888_31_fu_7567_p2      |        or|   0|  0|   6|           1|           1|
    |or_ln888_3_fu_2197_p2       |        or|   0|  0|   6|           1|           1|
    |or_ln888_4_fu_2457_p2       |        or|   0|  0|   6|           1|           1|
    |or_ln888_5_fu_2587_p2       |        or|   0|  0|   6|           1|           1|
    |or_ln888_6_fu_2847_p2       |        or|   0|  0|   6|           1|           1|
    |or_ln888_7_fu_2977_p2       |        or|   0|  0|   6|           1|           1|
    |or_ln888_8_fu_3237_p2       |        or|   0|  0|   6|           1|           1|
    |or_ln888_9_fu_3367_p2       |        or|   0|  0|   6|           1|           1|
    |or_ln888_fu_1703_p2         |        or|   0|  0|   6|           1|           1|
    |or_ln890_10_fu_2606_p2      |        or|   0|  0|   6|           1|           1|
    |or_ln890_11_fu_2612_p2      |        or|   0|  0|   6|           1|           1|
    |or_ln890_12_fu_2866_p2      |        or|   0|  0|   6|           1|           1|
    |or_ln890_13_fu_2872_p2      |        or|   0|  0|   6|           1|           1|
    |or_ln890_14_fu_2996_p2      |        or|   0|  0|   6|           1|           1|
    |or_ln890_15_fu_3002_p2      |        or|   0|  0|   6|           1|           1|
    |or_ln890_16_fu_3256_p2      |        or|   0|  0|   6|           1|           1|
    |or_ln890_17_fu_3262_p2      |        or|   0|  0|   6|           1|           1|
    |or_ln890_18_fu_3386_p2      |        or|   0|  0|   6|           1|           1|
    |or_ln890_19_fu_3392_p2      |        or|   0|  0|   6|           1|           1|
    |or_ln890_1_fu_1728_p2       |        or|   0|  0|   6|           1|           1|
    |or_ln890_20_fu_3646_p2      |        or|   0|  0|   6|           1|           1|
    |or_ln890_21_fu_3652_p2      |        or|   0|  0|   6|           1|           1|
    |or_ln890_22_fu_3776_p2      |        or|   0|  0|   6|           1|           1|
    |or_ln890_23_fu_3782_p2      |        or|   0|  0|   6|           1|           1|
    |or_ln890_24_fu_4036_p2      |        or|   0|  0|   6|           1|           1|
    |or_ln890_25_fu_4042_p2      |        or|   0|  0|   6|           1|           1|
    |or_ln890_26_fu_4166_p2      |        or|   0|  0|   6|           1|           1|
    |or_ln890_27_fu_4172_p2      |        or|   0|  0|   6|           1|           1|
    |or_ln890_28_fu_4426_p2      |        or|   0|  0|   6|           1|           1|
    |or_ln890_29_fu_4432_p2      |        or|   0|  0|   6|           1|           1|
    |or_ln890_2_fu_1852_p2       |        or|   0|  0|   6|           1|           1|
    |or_ln890_30_fu_4556_p2      |        or|   0|  0|   6|           1|           1|
    |or_ln890_31_fu_4562_p2      |        or|   0|  0|   6|           1|           1|
    |or_ln890_32_fu_4816_p2      |        or|   0|  0|   6|           1|           1|
    |or_ln890_33_fu_4822_p2      |        or|   0|  0|   6|           1|           1|
    |or_ln890_34_fu_4946_p2      |        or|   0|  0|   6|           1|           1|
    |or_ln890_35_fu_4952_p2      |        or|   0|  0|   6|           1|           1|
    |or_ln890_36_fu_5206_p2      |        or|   0|  0|   6|           1|           1|
    |or_ln890_37_fu_5212_p2      |        or|   0|  0|   6|           1|           1|
    |or_ln890_38_fu_5336_p2      |        or|   0|  0|   6|           1|           1|
    |or_ln890_39_fu_5342_p2      |        or|   0|  0|   6|           1|           1|
    |or_ln890_3_fu_1858_p2       |        or|   0|  0|   6|           1|           1|
    |or_ln890_40_fu_5596_p2      |        or|   0|  0|   6|           1|           1|
    |or_ln890_41_fu_5602_p2      |        or|   0|  0|   6|           1|           1|
    |or_ln890_42_fu_5726_p2      |        or|   0|  0|   6|           1|           1|
    |or_ln890_43_fu_5732_p2      |        or|   0|  0|   6|           1|           1|
    |or_ln890_44_fu_5986_p2      |        or|   0|  0|   6|           1|           1|
    |or_ln890_45_fu_5992_p2      |        or|   0|  0|   6|           1|           1|
    |or_ln890_46_fu_6116_p2      |        or|   0|  0|   6|           1|           1|
    |or_ln890_47_fu_6122_p2      |        or|   0|  0|   6|           1|           1|
    |or_ln890_48_fu_6376_p2      |        or|   0|  0|   6|           1|           1|
    |or_ln890_49_fu_6382_p2      |        or|   0|  0|   6|           1|           1|
    |or_ln890_4_fu_2086_p2       |        or|   0|  0|   6|           1|           1|
    |or_ln890_50_fu_6506_p2      |        or|   0|  0|   6|           1|           1|
    |or_ln890_51_fu_6512_p2      |        or|   0|  0|   6|           1|           1|
    |or_ln890_52_fu_6736_p2      |        or|   0|  0|   6|           1|           1|
    |or_ln890_53_fu_6742_p2      |        or|   0|  0|   6|           1|           1|
    |or_ln890_54_fu_6866_p2      |        or|   0|  0|   6|           1|           1|
    |or_ln890_55_fu_6872_p2      |        or|   0|  0|   6|           1|           1|
    |or_ln890_56_fu_7096_p2      |        or|   0|  0|   6|           1|           1|
    |or_ln890_57_fu_7102_p2      |        or|   0|  0|   6|           1|           1|
    |or_ln890_58_fu_7226_p2      |        or|   0|  0|   6|           1|           1|
    |or_ln890_59_fu_7232_p2      |        or|   0|  0|   6|           1|           1|
    |or_ln890_5_fu_2092_p2       |        or|   0|  0|   6|           1|           1|
    |or_ln890_60_fu_7456_p2      |        or|   0|  0|   6|           1|           1|
    |or_ln890_61_fu_7462_p2      |        or|   0|  0|   6|           1|           1|
    |or_ln890_62_fu_7586_p2      |        or|   0|  0|   6|           1|           1|
    |or_ln890_63_fu_7592_p2      |        or|   0|  0|   6|           1|           1|
    |or_ln890_6_fu_2216_p2       |        or|   0|  0|   6|           1|           1|
    |or_ln890_7_fu_2222_p2       |        or|   0|  0|   6|           1|           1|
    |or_ln890_8_fu_2476_p2       |        or|   0|  0|   6|           1|           1|
    |or_ln890_9_fu_2482_p2       |        or|   0|  0|   6|           1|           1|
    |or_ln890_fu_1722_p2         |        or|   0|  0|   6|           1|           1|
    |or_ln895_10_fu_3684_p2      |        or|   0|  0|   6|           1|           1|
    |or_ln895_11_fu_3814_p2      |        or|   0|  0|   6|           1|           1|
    |or_ln895_12_fu_4074_p2      |        or|   0|  0|   6|           1|           1|
    |or_ln895_13_fu_4204_p2      |        or|   0|  0|   6|           1|           1|
    |or_ln895_14_fu_4464_p2      |        or|   0|  0|   6|           1|           1|
    |or_ln895_15_fu_4594_p2      |        or|   0|  0|   6|           1|           1|
    |or_ln895_16_fu_4854_p2      |        or|   0|  0|   6|           1|           1|
    |or_ln895_17_fu_4984_p2      |        or|   0|  0|   6|           1|           1|
    |or_ln895_18_fu_5244_p2      |        or|   0|  0|   6|           1|           1|
    |or_ln895_19_fu_5374_p2      |        or|   0|  0|   6|           1|           1|
    |or_ln895_1_fu_1890_p2       |        or|   0|  0|   6|           1|           1|
    |or_ln895_20_fu_5634_p2      |        or|   0|  0|   6|           1|           1|
    |or_ln895_21_fu_5764_p2      |        or|   0|  0|   6|           1|           1|
    |or_ln895_22_fu_6024_p2      |        or|   0|  0|   6|           1|           1|
    |or_ln895_23_fu_6154_p2      |        or|   0|  0|   6|           1|           1|
    |or_ln895_24_fu_6414_p2      |        or|   0|  0|   6|           1|           1|
    |or_ln895_25_fu_6544_p2      |        or|   0|  0|   6|           1|           1|
    |or_ln895_26_fu_6774_p2      |        or|   0|  0|   6|           1|           1|
    |or_ln895_27_fu_6904_p2      |        or|   0|  0|   6|           1|           1|
    |or_ln895_28_fu_7134_p2      |        or|   0|  0|   6|           1|           1|
    |or_ln895_29_fu_7264_p2      |        or|   0|  0|   6|           1|           1|
    |or_ln895_2_fu_2124_p2       |        or|   0|  0|   6|           1|           1|
    |or_ln895_30_fu_7494_p2      |        or|   0|  0|   6|           1|           1|
    |or_ln895_31_fu_7624_p2      |        or|   0|  0|   6|           1|           1|
    |or_ln895_3_fu_2254_p2       |        or|   0|  0|   6|           1|           1|
    |or_ln895_4_fu_2514_p2       |        or|   0|  0|   6|           1|           1|
    |or_ln895_5_fu_2644_p2       |        or|   0|  0|   6|           1|           1|
    |or_ln895_6_fu_2904_p2       |        or|   0|  0|   6|           1|           1|
    |or_ln895_7_fu_3034_p2       |        or|   0|  0|   6|           1|           1|
    |or_ln895_8_fu_3294_p2       |        or|   0|  0|   6|           1|           1|
    |or_ln895_9_fu_3424_p2       |        or|   0|  0|   6|           1|           1|
    |or_ln895_fu_1760_p2         |        or|   0|  0|   6|           1|           1|
    |or_ln896_10_fu_3707_p2      |        or|   0|  0|   6|           1|           1|
    |or_ln896_11_fu_3837_p2      |        or|   0|  0|   6|           1|           1|
    |or_ln896_12_fu_4097_p2      |        or|   0|  0|   6|           1|           1|
    |or_ln896_13_fu_4227_p2      |        or|   0|  0|   6|           1|           1|
    |or_ln896_14_fu_4487_p2      |        or|   0|  0|   6|           1|           1|
    |or_ln896_15_fu_4617_p2      |        or|   0|  0|   6|           1|           1|
    |or_ln896_16_fu_4877_p2      |        or|   0|  0|   6|           1|           1|
    |or_ln896_17_fu_5007_p2      |        or|   0|  0|   6|           1|           1|
    |or_ln896_18_fu_5267_p2      |        or|   0|  0|   6|           1|           1|
    |or_ln896_19_fu_5397_p2      |        or|   0|  0|   6|           1|           1|
    |or_ln896_1_fu_1913_p2       |        or|   0|  0|   6|           1|           1|
    |or_ln896_20_fu_5657_p2      |        or|   0|  0|   6|           1|           1|
    |or_ln896_21_fu_5787_p2      |        or|   0|  0|   6|           1|           1|
    |or_ln896_22_fu_6047_p2      |        or|   0|  0|   6|           1|           1|
    |or_ln896_23_fu_6177_p2      |        or|   0|  0|   6|           1|           1|
    |or_ln896_24_fu_6437_p2      |        or|   0|  0|   6|           1|           1|
    |or_ln896_25_fu_6567_p2      |        or|   0|  0|   6|           1|           1|
    |or_ln896_26_fu_6797_p2      |        or|   0|  0|   6|           1|           1|
    |or_ln896_27_fu_6927_p2      |        or|   0|  0|   6|           1|           1|
    |or_ln896_28_fu_7157_p2      |        or|   0|  0|   6|           1|           1|
    |or_ln896_29_fu_7287_p2      |        or|   0|  0|   6|           1|           1|
    |or_ln896_2_fu_2147_p2       |        or|   0|  0|   6|           1|           1|
    |or_ln896_30_fu_7517_p2      |        or|   0|  0|   6|           1|           1|
    |or_ln896_31_fu_7647_p2      |        or|   0|  0|   6|           1|           1|
    |or_ln896_3_fu_2277_p2       |        or|   0|  0|   6|           1|           1|
    |or_ln896_4_fu_2537_p2       |        or|   0|  0|   6|           1|           1|
    |or_ln896_5_fu_2667_p2       |        or|   0|  0|   6|           1|           1|
    |or_ln896_6_fu_2927_p2       |        or|   0|  0|   6|           1|           1|
    |or_ln896_7_fu_3057_p2       |        or|   0|  0|   6|           1|           1|
    |or_ln896_8_fu_3317_p2       |        or|   0|  0|   6|           1|           1|
    |or_ln896_9_fu_3447_p2       |        or|   0|  0|   6|           1|           1|
    |or_ln896_fu_1783_p2         |        or|   0|  0|   6|           1|           1|
    |select_ln346_10_fu_2417_p3  |    select|   0|  0|   9|           1|           7|
    |select_ln346_11_fu_2424_p3  |    select|   0|  0|   8|           1|           8|
    |select_ln346_12_fu_2794_p3  |    select|   0|  0|   9|           1|           7|
    |select_ln346_13_fu_2801_p3  |    select|   0|  0|   8|           1|           8|
    |select_ln346_14_fu_2807_p3  |    select|   0|  0|   9|           1|           7|
    |select_ln346_15_fu_2814_p3  |    select|   0|  0|   8|           1|           8|
    |select_ln346_16_fu_3184_p3  |    select|   0|  0|   9|           1|           7|
    |select_ln346_17_fu_3191_p3  |    select|   0|  0|   8|           1|           8|
    |select_ln346_18_fu_3197_p3  |    select|   0|  0|   9|           1|           7|
    |select_ln346_19_fu_3204_p3  |    select|   0|  0|   8|           1|           8|
    |select_ln346_20_fu_3574_p3  |    select|   0|  0|   9|           1|           7|
    |select_ln346_21_fu_3581_p3  |    select|   0|  0|   8|           1|           8|
    |select_ln346_22_fu_3587_p3  |    select|   0|  0|   9|           1|           7|
    |select_ln346_23_fu_3594_p3  |    select|   0|  0|   8|           1|           8|
    |select_ln346_24_fu_3964_p3  |    select|   0|  0|   9|           1|           7|
    |select_ln346_25_fu_3971_p3  |    select|   0|  0|   8|           1|           8|
    |select_ln346_26_fu_3977_p3  |    select|   0|  0|   9|           1|           7|
    |select_ln346_27_fu_3984_p3  |    select|   0|  0|   8|           1|           8|
    |select_ln346_28_fu_4354_p3  |    select|   0|  0|   9|           1|           7|
    |select_ln346_29_fu_4361_p3  |    select|   0|  0|   8|           1|           8|
    |select_ln346_30_fu_4367_p3  |    select|   0|  0|   9|           1|           7|
    |select_ln346_31_fu_4374_p3  |    select|   0|  0|   8|           1|           8|
    |select_ln346_32_fu_4744_p3  |    select|   0|  0|   9|           1|           7|
    |select_ln346_33_fu_4751_p3  |    select|   0|  0|   8|           1|           8|
    |select_ln346_34_fu_4757_p3  |    select|   0|  0|   9|           1|           7|
    |select_ln346_35_fu_4764_p3  |    select|   0|  0|   8|           1|           8|
    |select_ln346_36_fu_5134_p3  |    select|   0|  0|   9|           1|           7|
    |select_ln346_37_fu_5141_p3  |    select|   0|  0|   8|           1|           8|
    |select_ln346_38_fu_5147_p3  |    select|   0|  0|   9|           1|           7|
    |select_ln346_39_fu_5154_p3  |    select|   0|  0|   8|           1|           8|
    |select_ln346_40_fu_5524_p3  |    select|   0|  0|   9|           1|           7|
    |select_ln346_41_fu_5531_p3  |    select|   0|  0|   8|           1|           8|
    |select_ln346_42_fu_5537_p3  |    select|   0|  0|   9|           1|           7|
    |select_ln346_43_fu_5544_p3  |    select|   0|  0|   8|           1|           8|
    |select_ln346_44_fu_5914_p3  |    select|   0|  0|   9|           1|           7|
    |select_ln346_45_fu_5921_p3  |    select|   0|  0|   8|           1|           8|
    |select_ln346_46_fu_5927_p3  |    select|   0|  0|   9|           1|           7|
    |select_ln346_47_fu_5934_p3  |    select|   0|  0|   8|           1|           8|
    |select_ln346_48_fu_6304_p3  |    select|   0|  0|   9|           1|           7|
    |select_ln346_49_fu_6311_p3  |    select|   0|  0|   8|           1|           8|
    |select_ln346_50_fu_6317_p3  |    select|   0|  0|   9|           1|           7|
    |select_ln346_51_fu_6324_p3  |    select|   0|  0|   8|           1|           8|
    |select_ln346_52_fu_6664_p3  |    select|   0|  0|   9|           1|           7|
    |select_ln346_53_fu_6671_p3  |    select|   0|  0|   8|           1|           8|
    |select_ln346_54_fu_6677_p3  |    select|   0|  0|   9|           1|           7|
    |select_ln346_55_fu_6684_p3  |    select|   0|  0|   8|           1|           8|
    |select_ln346_56_fu_7024_p3  |    select|   0|  0|   9|           1|           7|
    |select_ln346_57_fu_7031_p3  |    select|   0|  0|   8|           1|           8|
    |select_ln346_58_fu_7037_p3  |    select|   0|  0|   9|           1|           7|
    |select_ln346_59_fu_7044_p3  |    select|   0|  0|   8|           1|           8|
    |select_ln346_60_fu_7384_p3  |    select|   0|  0|   9|           1|           7|
    |select_ln346_61_fu_7391_p3  |    select|   0|  0|   8|           1|           8|
    |select_ln346_62_fu_7397_p3  |    select|   0|  0|   9|           1|           7|
    |select_ln346_63_fu_7404_p3  |    select|   0|  0|   8|           1|           8|
    |select_ln346_64_fu_7670_p3  |    select|   0|  0|   9|           1|           7|
    |select_ln346_65_fu_7677_p3  |    select|   0|  0|   8|           1|           8|
    |select_ln346_66_fu_7683_p3  |    select|   0|  0|   9|           1|           7|
    |select_ln346_67_fu_7690_p3  |    select|   0|  0|   8|           1|           8|
    |select_ln346_68_fu_7936_p3  |    select|   0|  0|   9|           1|           7|
    |select_ln346_69_fu_7943_p3  |    select|   0|  0|   8|           1|           8|
    |select_ln346_70_fu_7958_p3  |    select|   0|  0|   9|           1|           7|
    |select_ln346_71_fu_7965_p3  |    select|   0|  0|   8|           1|           8|
    |select_ln346_9_fu_2411_p3   |    select|   0|  0|   8|           1|           8|
    |select_ln346_fu_2404_p3     |    select|   0|  0|   9|           1|           7|
    |xor_ln888_10_fu_3622_p2     |       xor|   0|  0|   6|           1|           2|
    |xor_ln888_11_fu_3752_p2     |       xor|   0|  0|   6|           1|           2|
    |xor_ln888_12_fu_4012_p2     |       xor|   0|  0|   6|           1|           2|
    |xor_ln888_13_fu_4142_p2     |       xor|   0|  0|   6|           1|           2|
    |xor_ln888_14_fu_4402_p2     |       xor|   0|  0|   6|           1|           2|
    |xor_ln888_15_fu_4532_p2     |       xor|   0|  0|   6|           1|           2|
    |xor_ln888_16_fu_4792_p2     |       xor|   0|  0|   6|           1|           2|
    |xor_ln888_17_fu_4922_p2     |       xor|   0|  0|   6|           1|           2|
    |xor_ln888_18_fu_5182_p2     |       xor|   0|  0|   6|           1|           2|
    |xor_ln888_19_fu_5312_p2     |       xor|   0|  0|   6|           1|           2|
    |xor_ln888_1_fu_1828_p2      |       xor|   0|  0|   6|           1|           2|
    |xor_ln888_20_fu_5572_p2     |       xor|   0|  0|   6|           1|           2|
    |xor_ln888_21_fu_5702_p2     |       xor|   0|  0|   6|           1|           2|
    |xor_ln888_22_fu_5962_p2     |       xor|   0|  0|   6|           1|           2|
    |xor_ln888_23_fu_6092_p2     |       xor|   0|  0|   6|           1|           2|
    |xor_ln888_24_fu_6352_p2     |       xor|   0|  0|   6|           1|           2|
    |xor_ln888_25_fu_6482_p2     |       xor|   0|  0|   6|           1|           2|
    |xor_ln888_26_fu_6712_p2     |       xor|   0|  0|   6|           1|           2|
    |xor_ln888_27_fu_6842_p2     |       xor|   0|  0|   6|           1|           2|
    |xor_ln888_28_fu_7072_p2     |       xor|   0|  0|   6|           1|           2|
    |xor_ln888_29_fu_7202_p2     |       xor|   0|  0|   6|           1|           2|
    |xor_ln888_2_fu_2062_p2      |       xor|   0|  0|   6|           1|           2|
    |xor_ln888_30_fu_7432_p2     |       xor|   0|  0|   6|           1|           2|
    |xor_ln888_31_fu_7562_p2     |       xor|   0|  0|   6|           1|           2|
    |xor_ln888_3_fu_2192_p2      |       xor|   0|  0|   6|           1|           2|
    |xor_ln888_4_fu_2452_p2      |       xor|   0|  0|   6|           1|           2|
    |xor_ln888_5_fu_2582_p2      |       xor|   0|  0|   6|           1|           2|
    |xor_ln888_6_fu_2842_p2      |       xor|   0|  0|   6|           1|           2|
    |xor_ln888_7_fu_2972_p2      |       xor|   0|  0|   6|           1|           2|
    |xor_ln888_8_fu_3232_p2      |       xor|   0|  0|   6|           1|           2|
    |xor_ln888_9_fu_3362_p2      |       xor|   0|  0|   6|           1|           2|
    |xor_ln888_fu_1698_p2        |       xor|   0|  0|   6|           1|           2|
    |xor_ln890_10_fu_3250_p2     |       xor|   0|  0|   6|           1|           2|
    |xor_ln890_11_fu_3380_p2     |       xor|   0|  0|   6|           1|           2|
    |xor_ln890_12_fu_3640_p2     |       xor|   0|  0|   6|           1|           2|
    |xor_ln890_13_fu_3770_p2     |       xor|   0|  0|   6|           1|           2|
    |xor_ln890_14_fu_4030_p2     |       xor|   0|  0|   6|           1|           2|
    |xor_ln890_15_fu_4160_p2     |       xor|   0|  0|   6|           1|           2|
    |xor_ln890_16_fu_4420_p2     |       xor|   0|  0|   6|           1|           2|
    |xor_ln890_17_fu_4550_p2     |       xor|   0|  0|   6|           1|           2|
    |xor_ln890_18_fu_4810_p2     |       xor|   0|  0|   6|           1|           2|
    |xor_ln890_19_fu_4940_p2     |       xor|   0|  0|   6|           1|           2|
    |xor_ln890_20_fu_5200_p2     |       xor|   0|  0|   6|           1|           2|
    |xor_ln890_21_fu_5330_p2     |       xor|   0|  0|   6|           1|           2|
    |xor_ln890_22_fu_5590_p2     |       xor|   0|  0|   6|           1|           2|
    |xor_ln890_23_fu_5720_p2     |       xor|   0|  0|   6|           1|           2|
    |xor_ln890_24_fu_5980_p2     |       xor|   0|  0|   6|           1|           2|
    |xor_ln890_25_fu_6110_p2     |       xor|   0|  0|   6|           1|           2|
    |xor_ln890_26_fu_6370_p2     |       xor|   0|  0|   6|           1|           2|
    |xor_ln890_27_fu_6500_p2     |       xor|   0|  0|   6|           1|           2|
    |xor_ln890_28_fu_6730_p2     |       xor|   0|  0|   6|           1|           2|
    |xor_ln890_29_fu_6860_p2     |       xor|   0|  0|   6|           1|           2|
    |xor_ln890_30_fu_7090_p2     |       xor|   0|  0|   6|           1|           2|
    |xor_ln890_31_fu_7220_p2     |       xor|   0|  0|   6|           1|           2|
    |xor_ln890_32_fu_7450_p2     |       xor|   0|  0|   6|           1|           2|
    |xor_ln890_33_fu_7580_p2     |       xor|   0|  0|   6|           1|           2|
    |xor_ln890_3_fu_1846_p2      |       xor|   0|  0|   6|           1|           2|
    |xor_ln890_4_fu_2080_p2      |       xor|   0|  0|   6|           1|           2|
    |xor_ln890_5_fu_2210_p2      |       xor|   0|  0|   6|           1|           2|
    |xor_ln890_6_fu_2470_p2      |       xor|   0|  0|   6|           1|           2|
    |xor_ln890_7_fu_2600_p2      |       xor|   0|  0|   6|           1|           2|
    |xor_ln890_8_fu_2860_p2      |       xor|   0|  0|   6|           1|           2|
    |xor_ln890_9_fu_2990_p2      |       xor|   0|  0|   6|           1|           2|
    |xor_ln890_fu_1716_p2        |       xor|   0|  0|   6|           1|           2|
    |xor_ln895_100_fu_7123_p2    |       xor|   0|  0|   6|           1|           1|
    |xor_ln895_101_fu_7253_p2    |       xor|   0|  0|   6|           1|           1|
    |xor_ln895_102_fu_7483_p2    |       xor|   0|  0|   6|           1|           1|
    |xor_ln895_103_fu_7613_p2    |       xor|   0|  0|   6|           1|           1|
    |xor_ln895_10_fu_1884_p2     |       xor|   0|  0|   6|           1|           2|
    |xor_ln895_11_fu_1896_p2     |       xor|   0|  0|   6|           1|           2|
    |xor_ln895_12_fu_2118_p2     |       xor|   0|  0|   6|           1|           2|
    |xor_ln895_13_fu_2130_p2     |       xor|   0|  0|   6|           1|           2|
    |xor_ln895_14_fu_2248_p2     |       xor|   0|  0|   6|           1|           2|
    |xor_ln895_15_fu_2260_p2     |       xor|   0|  0|   6|           1|           2|
    |xor_ln895_16_fu_2508_p2     |       xor|   0|  0|   6|           1|           2|
    |xor_ln895_17_fu_2520_p2     |       xor|   0|  0|   6|           1|           2|
    |xor_ln895_18_fu_2638_p2     |       xor|   0|  0|   6|           1|           2|
    |xor_ln895_19_fu_2650_p2     |       xor|   0|  0|   6|           1|           2|
    |xor_ln895_20_fu_2898_p2     |       xor|   0|  0|   6|           1|           2|
    |xor_ln895_21_fu_2910_p2     |       xor|   0|  0|   6|           1|           2|
    |xor_ln895_22_fu_3028_p2     |       xor|   0|  0|   6|           1|           2|
    |xor_ln895_23_fu_3040_p2     |       xor|   0|  0|   6|           1|           2|
    |xor_ln895_24_fu_3288_p2     |       xor|   0|  0|   6|           1|           2|
    |xor_ln895_25_fu_3300_p2     |       xor|   0|  0|   6|           1|           2|
    |xor_ln895_26_fu_3418_p2     |       xor|   0|  0|   6|           1|           2|
    |xor_ln895_27_fu_3430_p2     |       xor|   0|  0|   6|           1|           2|
    |xor_ln895_28_fu_3678_p2     |       xor|   0|  0|   6|           1|           2|
    |xor_ln895_29_fu_3690_p2     |       xor|   0|  0|   6|           1|           2|
    |xor_ln895_30_fu_3808_p2     |       xor|   0|  0|   6|           1|           2|
    |xor_ln895_31_fu_3820_p2     |       xor|   0|  0|   6|           1|           2|
    |xor_ln895_32_fu_4068_p2     |       xor|   0|  0|   6|           1|           2|
    |xor_ln895_33_fu_4080_p2     |       xor|   0|  0|   6|           1|           2|
    |xor_ln895_34_fu_4198_p2     |       xor|   0|  0|   6|           1|           2|
    |xor_ln895_35_fu_4210_p2     |       xor|   0|  0|   6|           1|           2|
    |xor_ln895_36_fu_4458_p2     |       xor|   0|  0|   6|           1|           2|
    |xor_ln895_37_fu_4470_p2     |       xor|   0|  0|   6|           1|           2|
    |xor_ln895_38_fu_4588_p2     |       xor|   0|  0|   6|           1|           2|
    |xor_ln895_39_fu_4600_p2     |       xor|   0|  0|   6|           1|           2|
    |xor_ln895_40_fu_4848_p2     |       xor|   0|  0|   6|           1|           2|
    |xor_ln895_41_fu_4860_p2     |       xor|   0|  0|   6|           1|           2|
    |xor_ln895_42_fu_4978_p2     |       xor|   0|  0|   6|           1|           2|
    |xor_ln895_43_fu_4990_p2     |       xor|   0|  0|   6|           1|           2|
    |xor_ln895_44_fu_5238_p2     |       xor|   0|  0|   6|           1|           2|
    |xor_ln895_45_fu_5250_p2     |       xor|   0|  0|   6|           1|           2|
    |xor_ln895_46_fu_5368_p2     |       xor|   0|  0|   6|           1|           2|
    |xor_ln895_47_fu_5380_p2     |       xor|   0|  0|   6|           1|           2|
    |xor_ln895_48_fu_5628_p2     |       xor|   0|  0|   6|           1|           2|
    |xor_ln895_49_fu_5640_p2     |       xor|   0|  0|   6|           1|           2|
    |xor_ln895_50_fu_5758_p2     |       xor|   0|  0|   6|           1|           2|
    |xor_ln895_51_fu_5770_p2     |       xor|   0|  0|   6|           1|           2|
    |xor_ln895_52_fu_6018_p2     |       xor|   0|  0|   6|           1|           2|
    |xor_ln895_53_fu_6030_p2     |       xor|   0|  0|   6|           1|           2|
    |xor_ln895_54_fu_6148_p2     |       xor|   0|  0|   6|           1|           2|
    |xor_ln895_55_fu_6160_p2     |       xor|   0|  0|   6|           1|           2|
    |xor_ln895_56_fu_6408_p2     |       xor|   0|  0|   6|           1|           2|
    |xor_ln895_57_fu_6420_p2     |       xor|   0|  0|   6|           1|           2|
    |xor_ln895_58_fu_6538_p2     |       xor|   0|  0|   6|           1|           2|
    |xor_ln895_59_fu_6550_p2     |       xor|   0|  0|   6|           1|           2|
    |xor_ln895_60_fu_6768_p2     |       xor|   0|  0|   6|           1|           2|
    |xor_ln895_61_fu_6780_p2     |       xor|   0|  0|   6|           1|           2|
    |xor_ln895_62_fu_6898_p2     |       xor|   0|  0|   6|           1|           2|
    |xor_ln895_63_fu_6910_p2     |       xor|   0|  0|   6|           1|           2|
    |xor_ln895_64_fu_7128_p2     |       xor|   0|  0|   6|           1|           2|
    |xor_ln895_65_fu_7140_p2     |       xor|   0|  0|   6|           1|           2|
    |xor_ln895_66_fu_7258_p2     |       xor|   0|  0|   6|           1|           2|
    |xor_ln895_67_fu_7270_p2     |       xor|   0|  0|   6|           1|           2|
    |xor_ln895_68_fu_7488_p2     |       xor|   0|  0|   6|           1|           2|
    |xor_ln895_69_fu_7500_p2     |       xor|   0|  0|   6|           1|           2|
    |xor_ln895_70_fu_7618_p2     |       xor|   0|  0|   6|           1|           2|
    |xor_ln895_71_fu_7630_p2     |       xor|   0|  0|   6|           1|           2|
    |xor_ln895_72_fu_1749_p2     |       xor|   0|  0|   6|           1|           1|
    |xor_ln895_73_fu_1879_p2     |       xor|   0|  0|   6|           1|           1|
    |xor_ln895_74_fu_2113_p2     |       xor|   0|  0|   6|           1|           1|
    |xor_ln895_75_fu_2243_p2     |       xor|   0|  0|   6|           1|           1|
    |xor_ln895_76_fu_2503_p2     |       xor|   0|  0|   6|           1|           1|
    |xor_ln895_77_fu_2633_p2     |       xor|   0|  0|   6|           1|           1|
    |xor_ln895_78_fu_2893_p2     |       xor|   0|  0|   6|           1|           1|
    |xor_ln895_79_fu_3023_p2     |       xor|   0|  0|   6|           1|           1|
    |xor_ln895_80_fu_3283_p2     |       xor|   0|  0|   6|           1|           1|
    |xor_ln895_81_fu_3413_p2     |       xor|   0|  0|   6|           1|           1|
    |xor_ln895_82_fu_3673_p2     |       xor|   0|  0|   6|           1|           1|
    |xor_ln895_83_fu_3803_p2     |       xor|   0|  0|   6|           1|           1|
    |xor_ln895_84_fu_4063_p2     |       xor|   0|  0|   6|           1|           1|
    |xor_ln895_85_fu_4193_p2     |       xor|   0|  0|   6|           1|           1|
    |xor_ln895_86_fu_4453_p2     |       xor|   0|  0|   6|           1|           1|
    |xor_ln895_87_fu_4583_p2     |       xor|   0|  0|   6|           1|           1|
    |xor_ln895_88_fu_4843_p2     |       xor|   0|  0|   6|           1|           1|
    |xor_ln895_89_fu_4973_p2     |       xor|   0|  0|   6|           1|           1|
    |xor_ln895_90_fu_5233_p2     |       xor|   0|  0|   6|           1|           1|
    |xor_ln895_91_fu_5363_p2     |       xor|   0|  0|   6|           1|           1|
    |xor_ln895_92_fu_5623_p2     |       xor|   0|  0|   6|           1|           1|
    |xor_ln895_93_fu_5753_p2     |       xor|   0|  0|   6|           1|           1|
    |xor_ln895_94_fu_6013_p2     |       xor|   0|  0|   6|           1|           1|
    |xor_ln895_95_fu_6143_p2     |       xor|   0|  0|   6|           1|           1|
    |xor_ln895_96_fu_6403_p2     |       xor|   0|  0|   6|           1|           1|
    |xor_ln895_97_fu_6533_p2     |       xor|   0|  0|   6|           1|           1|
    |xor_ln895_98_fu_6763_p2     |       xor|   0|  0|   6|           1|           1|
    |xor_ln895_99_fu_6893_p2     |       xor|   0|  0|   6|           1|           1|
    |xor_ln895_9_fu_1766_p2      |       xor|   0|  0|   6|           1|           2|
    |xor_ln895_fu_1754_p2        |       xor|   0|  0|   6|           1|           2|
    |xor_ln896_100_fu_7163_p2    |       xor|   0|  0|   6|           1|           1|
    |xor_ln896_101_fu_7293_p2    |       xor|   0|  0|   6|           1|           1|
    |xor_ln896_102_fu_7523_p2    |       xor|   0|  0|   6|           1|           1|
    |xor_ln896_103_fu_7653_p2    |       xor|   0|  0|   6|           1|           1|
    |xor_ln896_10_fu_1822_p2     |       xor|   0|  0|   6|           1|           2|
    |xor_ln896_11_fu_1907_p2     |       xor|   0|  0|   6|           1|           2|
    |xor_ln896_12_fu_2056_p2     |       xor|   0|  0|   6|           1|           2|
    |xor_ln896_13_fu_2141_p2     |       xor|   0|  0|   6|           1|           2|
    |xor_ln896_14_fu_2186_p2     |       xor|   0|  0|   6|           1|           2|
    |xor_ln896_15_fu_2271_p2     |       xor|   0|  0|   6|           1|           2|
    |xor_ln896_16_fu_2446_p2     |       xor|   0|  0|   6|           1|           2|
    |xor_ln896_17_fu_2531_p2     |       xor|   0|  0|   6|           1|           2|
    |xor_ln896_18_fu_2576_p2     |       xor|   0|  0|   6|           1|           2|
    |xor_ln896_19_fu_2661_p2     |       xor|   0|  0|   6|           1|           2|
    |xor_ln896_20_fu_2836_p2     |       xor|   0|  0|   6|           1|           2|
    |xor_ln896_21_fu_2921_p2     |       xor|   0|  0|   6|           1|           2|
    |xor_ln896_22_fu_2966_p2     |       xor|   0|  0|   6|           1|           2|
    |xor_ln896_23_fu_3051_p2     |       xor|   0|  0|   6|           1|           2|
    |xor_ln896_24_fu_3226_p2     |       xor|   0|  0|   6|           1|           2|
    |xor_ln896_25_fu_3311_p2     |       xor|   0|  0|   6|           1|           2|
    |xor_ln896_26_fu_3356_p2     |       xor|   0|  0|   6|           1|           2|
    |xor_ln896_27_fu_3441_p2     |       xor|   0|  0|   6|           1|           2|
    |xor_ln896_28_fu_3616_p2     |       xor|   0|  0|   6|           1|           2|
    |xor_ln896_29_fu_3701_p2     |       xor|   0|  0|   6|           1|           2|
    |xor_ln896_30_fu_3746_p2     |       xor|   0|  0|   6|           1|           2|
    |xor_ln896_31_fu_3831_p2     |       xor|   0|  0|   6|           1|           2|
    |xor_ln896_32_fu_4006_p2     |       xor|   0|  0|   6|           1|           2|
    |xor_ln896_33_fu_4091_p2     |       xor|   0|  0|   6|           1|           2|
    |xor_ln896_34_fu_4136_p2     |       xor|   0|  0|   6|           1|           2|
    |xor_ln896_35_fu_4221_p2     |       xor|   0|  0|   6|           1|           2|
    |xor_ln896_36_fu_4396_p2     |       xor|   0|  0|   6|           1|           2|
    |xor_ln896_37_fu_4481_p2     |       xor|   0|  0|   6|           1|           2|
    |xor_ln896_38_fu_4526_p2     |       xor|   0|  0|   6|           1|           2|
    |xor_ln896_39_fu_4611_p2     |       xor|   0|  0|   6|           1|           2|
    |xor_ln896_40_fu_4786_p2     |       xor|   0|  0|   6|           1|           2|
    |xor_ln896_41_fu_4871_p2     |       xor|   0|  0|   6|           1|           2|
    |xor_ln896_42_fu_4916_p2     |       xor|   0|  0|   6|           1|           2|
    |xor_ln896_43_fu_5001_p2     |       xor|   0|  0|   6|           1|           2|
    |xor_ln896_44_fu_5176_p2     |       xor|   0|  0|   6|           1|           2|
    |xor_ln896_45_fu_5261_p2     |       xor|   0|  0|   6|           1|           2|
    |xor_ln896_46_fu_5306_p2     |       xor|   0|  0|   6|           1|           2|
    |xor_ln896_47_fu_5391_p2     |       xor|   0|  0|   6|           1|           2|
    |xor_ln896_48_fu_5566_p2     |       xor|   0|  0|   6|           1|           2|
    |xor_ln896_49_fu_5651_p2     |       xor|   0|  0|   6|           1|           2|
    |xor_ln896_50_fu_5696_p2     |       xor|   0|  0|   6|           1|           2|
    |xor_ln896_51_fu_5781_p2     |       xor|   0|  0|   6|           1|           2|
    |xor_ln896_52_fu_5956_p2     |       xor|   0|  0|   6|           1|           2|
    |xor_ln896_53_fu_6041_p2     |       xor|   0|  0|   6|           1|           2|
    |xor_ln896_54_fu_6086_p2     |       xor|   0|  0|   6|           1|           2|
    |xor_ln896_55_fu_6171_p2     |       xor|   0|  0|   6|           1|           2|
    |xor_ln896_56_fu_6346_p2     |       xor|   0|  0|   6|           1|           2|
    |xor_ln896_57_fu_6431_p2     |       xor|   0|  0|   6|           1|           2|
    |xor_ln896_58_fu_6476_p2     |       xor|   0|  0|   6|           1|           2|
    |xor_ln896_59_fu_6561_p2     |       xor|   0|  0|   6|           1|           2|
    |xor_ln896_60_fu_6706_p2     |       xor|   0|  0|   6|           1|           2|
    |xor_ln896_61_fu_6791_p2     |       xor|   0|  0|   6|           1|           2|
    |xor_ln896_62_fu_6836_p2     |       xor|   0|  0|   6|           1|           2|
    |xor_ln896_63_fu_6921_p2     |       xor|   0|  0|   6|           1|           2|
    |xor_ln896_64_fu_7066_p2     |       xor|   0|  0|   6|           1|           2|
    |xor_ln896_65_fu_7151_p2     |       xor|   0|  0|   6|           1|           2|
    |xor_ln896_66_fu_7196_p2     |       xor|   0|  0|   6|           1|           2|
    |xor_ln896_67_fu_7281_p2     |       xor|   0|  0|   6|           1|           2|
    |xor_ln896_68_fu_7426_p2     |       xor|   0|  0|   6|           1|           2|
    |xor_ln896_69_fu_7511_p2     |       xor|   0|  0|   6|           1|           2|
    |xor_ln896_70_fu_7556_p2     |       xor|   0|  0|   6|           1|           2|
    |xor_ln896_71_fu_7641_p2     |       xor|   0|  0|   6|           1|           2|
    |xor_ln896_72_fu_1789_p2     |       xor|   0|  0|   6|           1|           1|
    |xor_ln896_73_fu_1919_p2     |       xor|   0|  0|   6|           1|           1|
    |xor_ln896_74_fu_2153_p2     |       xor|   0|  0|   6|           1|           1|
    |xor_ln896_75_fu_2283_p2     |       xor|   0|  0|   6|           1|           1|
    |xor_ln896_76_fu_2543_p2     |       xor|   0|  0|   6|           1|           1|
    |xor_ln896_77_fu_2673_p2     |       xor|   0|  0|   6|           1|           1|
    |xor_ln896_78_fu_2933_p2     |       xor|   0|  0|   6|           1|           1|
    |xor_ln896_79_fu_3063_p2     |       xor|   0|  0|   6|           1|           1|
    |xor_ln896_80_fu_3323_p2     |       xor|   0|  0|   6|           1|           1|
    |xor_ln896_81_fu_3453_p2     |       xor|   0|  0|   6|           1|           1|
    |xor_ln896_82_fu_3713_p2     |       xor|   0|  0|   6|           1|           1|
    |xor_ln896_83_fu_3843_p2     |       xor|   0|  0|   6|           1|           1|
    |xor_ln896_84_fu_4103_p2     |       xor|   0|  0|   6|           1|           1|
    |xor_ln896_85_fu_4233_p2     |       xor|   0|  0|   6|           1|           1|
    |xor_ln896_86_fu_4493_p2     |       xor|   0|  0|   6|           1|           1|
    |xor_ln896_87_fu_4623_p2     |       xor|   0|  0|   6|           1|           1|
    |xor_ln896_88_fu_4883_p2     |       xor|   0|  0|   6|           1|           1|
    |xor_ln896_89_fu_5013_p2     |       xor|   0|  0|   6|           1|           1|
    |xor_ln896_90_fu_5273_p2     |       xor|   0|  0|   6|           1|           1|
    |xor_ln896_91_fu_5403_p2     |       xor|   0|  0|   6|           1|           1|
    |xor_ln896_92_fu_5663_p2     |       xor|   0|  0|   6|           1|           1|
    |xor_ln896_93_fu_5793_p2     |       xor|   0|  0|   6|           1|           1|
    |xor_ln896_94_fu_6053_p2     |       xor|   0|  0|   6|           1|           1|
    |xor_ln896_95_fu_6183_p2     |       xor|   0|  0|   6|           1|           1|
    |xor_ln896_96_fu_6443_p2     |       xor|   0|  0|   6|           1|           1|
    |xor_ln896_97_fu_6573_p2     |       xor|   0|  0|   6|           1|           1|
    |xor_ln896_98_fu_6803_p2     |       xor|   0|  0|   6|           1|           1|
    |xor_ln896_99_fu_6933_p2     |       xor|   0|  0|   6|           1|           1|
    |xor_ln896_9_fu_1777_p2      |       xor|   0|  0|   6|           1|           2|
    |xor_ln896_fu_1692_p2        |       xor|   0|  0|   6|           1|           2|
    +----------------------------+----------+----+---+----+------------+------------+
    |Total                       |          |   0|  0|4672|         928|        1536|
    +----------------------------+----------+----+---+----+------------+------------+

    * Multiplexer: 
    +-------------------+-----+-----------+-----+-----------+
    |        Name       | LUT | Input Size| Bits| Total Bits|
    +-------------------+-----+-----------+-----+-----------+
    |ap_NS_fsm          |  134|         30|    1|         30|
    |grp_fu_11210_ce    |   13|          3|    1|          3|
    |grp_fu_11210_p0    |   13|          3|   23|         69|
    |grp_fu_11210_p1    |   13|          3|   23|         69|
    |grp_fu_11214_ce    |   13|          3|    1|          3|
    |grp_fu_11214_p0    |   13|          3|   23|         69|
    |grp_fu_11214_p1    |   13|          3|   22|         66|
    |grp_fu_11218_ce    |   13|          3|    1|          3|
    |grp_fu_11218_p0    |   13|          3|   23|         69|
    |grp_fu_11218_p1    |   13|          3|   22|         66|
    |grp_fu_11222_ce    |   13|          3|    1|          3|
    |grp_fu_11222_p0    |   13|          3|   23|         69|
    |grp_fu_11222_p1    |   13|          3|   21|         63|
    |grp_fu_11226_ce    |   13|          3|    1|          3|
    |grp_fu_11226_p0    |   13|          3|   23|         69|
    |grp_fu_11226_p1    |   13|          3|   22|         66|
    |grp_fu_11230_ce    |   13|          3|    1|          3|
    |grp_fu_11230_p0    |   13|          3|   23|         69|
    |grp_fu_11230_p1    |   13|          3|   22|         66|
    |grp_fu_11234_ce    |   13|          3|    1|          3|
    |grp_fu_11234_p0    |   13|          3|   23|         69|
    |grp_fu_11234_p1    |   13|          3|   22|         66|
    |grp_fu_11238_ce    |   13|          3|    1|          3|
    |grp_fu_11238_p0    |   13|          3|   23|         69|
    |grp_fu_11238_p1    |   13|          3|   22|         66|
    |grp_fu_11242_ce    |   13|          3|    1|          3|
    |grp_fu_11242_p0    |   13|          3|   23|         69|
    |grp_fu_11242_p1    |   13|          3|   22|         66|
    |grp_fu_11246_ce    |   13|          3|    1|          3|
    |grp_fu_11246_p0    |   13|          3|   23|         69|
    |grp_fu_11246_p1    |   13|          3|   21|         63|
    |grp_fu_11250_ce    |   13|          3|    1|          3|
    |grp_fu_11250_p0    |   13|          3|   23|         69|
    |grp_fu_11250_p1    |   13|          3|   23|         69|
    |grp_fu_11254_ce    |   13|          3|    1|          3|
    |grp_fu_11254_p0    |   13|          3|   23|         69|
    |grp_fu_11254_p1    |   13|          3|   22|         66|
    |grp_fu_11258_ce    |   13|          3|    1|          3|
    |grp_fu_11258_p0    |   13|          3|   23|         69|
    |grp_fu_11258_p1    |   13|          3|   22|         66|
    |grp_fu_11262_ce    |   13|          3|    1|          3|
    |grp_fu_11262_p0    |   13|          3|   23|         69|
    |grp_fu_11262_p1    |   13|          3|   22|         66|
    |grp_fu_11266_ce    |   13|          3|    1|          3|
    |grp_fu_11266_p0    |   13|          3|   23|         69|
    |grp_fu_11266_p1    |   13|          3|   22|         66|
    |grp_fu_11270_ce    |   13|          3|    1|          3|
    |grp_fu_11270_p0    |   13|          3|   23|         69|
    |grp_fu_11270_p1    |   13|          3|   22|         66|
    |grp_fu_11274_ce    |   13|          3|    1|          3|
    |grp_fu_11274_p0    |   13|          3|   23|         69|
    |grp_fu_11274_p1    |   13|          3|   22|         66|
    |grp_fu_11278_ce    |   13|          3|    1|          3|
    |grp_fu_11278_p0    |   13|          3|   23|         69|
    |grp_fu_11278_p1    |   13|          3|   22|         66|
    |grp_fu_11282_ce    |   13|          3|    1|          3|
    |grp_fu_11282_p0    |   13|          3|   23|         69|
    |grp_fu_11282_p1    |   13|          3|   22|         66|
    |grp_fu_11286_ce    |   13|          3|    1|          3|
    |grp_fu_11286_p0    |   13|          3|   23|         69|
    |grp_fu_11286_p1    |   13|          3|   22|         66|
    |grp_fu_11290_ce    |   13|          3|    1|          3|
    |grp_fu_11290_p0    |   13|          3|   23|         69|
    |grp_fu_11290_p1    |   13|          3|   22|         66|
    |grp_fu_11294_ce    |   13|          3|    1|          3|
    |grp_fu_11294_p0    |   13|          3|   23|         69|
    |grp_fu_11294_p1    |   13|          3|   22|         66|
    |grp_fu_11298_ce    |   13|          3|    1|          3|
    |grp_fu_11298_p0    |   13|          3|   23|         69|
    |grp_fu_11298_p1    |   13|          3|   22|         66|
    |grp_fu_11302_ce    |   13|          3|    1|          3|
    |grp_fu_11302_p0    |   13|          3|   23|         69|
    |grp_fu_11302_p1    |   13|          3|   22|         66|
    |grp_fu_11306_ce    |   13|          3|    1|          3|
    |grp_fu_11306_p0    |   13|          3|   23|         69|
    |grp_fu_11306_p1    |   13|          3|   22|         66|
    |grp_fu_11310_ce    |   13|          3|    1|          3|
    |grp_fu_11310_p0    |   13|          3|   23|         69|
    |grp_fu_11310_p1    |   13|          3|   21|         63|
    |grp_fu_11314_ce    |   13|          3|    1|          3|
    |grp_fu_11314_p0    |   13|          3|   23|         69|
    |grp_fu_11314_p1    |   13|          3|   22|         66|
    |grp_fu_11318_ce    |   13|          3|    1|          3|
    |grp_fu_11318_p0    |   13|          3|   23|         69|
    |grp_fu_11318_p1    |   13|          3|   21|         63|
    |grp_fu_11322_ce    |   13|          3|    1|          3|
    |grp_fu_11322_p0    |   13|          3|   23|         69|
    |grp_fu_11322_p1    |   13|          3|   21|         63|
    |h_prev_0_address0  |   25|          6|    3|         18|
    |h_prev_0_address1  |   21|          5|    3|         15|
    |h_prev_0_ce0       |   13|          3|    1|          3|
    |h_prev_1_address0  |   25|          6|    3|         18|
    |h_prev_1_address1  |   21|          5|    3|         15|
    |h_prev_1_ce0       |   13|          3|    1|          3|
    |h_prev_2_address0  |   25|          6|    3|         18|
    |h_prev_2_address1  |   21|          5|    3|         15|
    |h_prev_2_ce0       |   13|          3|    1|          3|
    |h_prev_3_address0  |   25|          6|    3|         18|
    |h_prev_3_address1  |   21|          5|    3|         15|
    |h_prev_3_ce0       |   13|          3|    1|          3|
    |r_V_address0       |   87|         18|    5|         90|
    |r_V_address1       |   81|         17|    5|         85|
    |r_V_ce0            |   13|          3|    1|          3|
    |r_V_we0            |    9|          2|    1|          2|
    |z_V_address0       |   13|          3|    5|         15|
    |z_V_ce0            |   13|          3|    1|          3|
    |z_V_we0            |    9|          2|    1|          2|
    +-------------------+-----+-----------+-----+-----------+
    |Total              | 1726|        395| 1379|       4367|
    +-------------------+-----+-----------+-----+-----------+

    * Register: 
    +--------------------------------------------------------------------+----+----+-----+-----------+
    |                                Name                                | FF | LUT| Bits| Const Bits|
    +--------------------------------------------------------------------+----+----+-----+-----------+
    |Range2_all_ones_10_reg_9511                                         |   1|   0|    1|          0|
    |Range2_all_ones_11_reg_9545                                         |   1|   0|    1|          0|
    |Range2_all_ones_12_reg_9649                                         |   1|   0|    1|          0|
    |Range2_all_ones_13_reg_9683                                         |   1|   0|    1|          0|
    |Range2_all_ones_14_reg_9787                                         |   1|   0|    1|          0|
    |Range2_all_ones_15_reg_9821                                         |   1|   0|    1|          0|
    |Range2_all_ones_16_reg_9925                                         |   1|   0|    1|          0|
    |Range2_all_ones_17_reg_9959                                         |   1|   0|    1|          0|
    |Range2_all_ones_18_reg_10063                                        |   1|   0|    1|          0|
    |Range2_all_ones_19_reg_10097                                        |   1|   0|    1|          0|
    |Range2_all_ones_20_reg_10201                                        |   1|   0|    1|          0|
    |Range2_all_ones_21_reg_10235                                        |   1|   0|    1|          0|
    |Range2_all_ones_22_reg_10339                                        |   1|   0|    1|          0|
    |Range2_all_ones_23_reg_10373                                        |   1|   0|    1|          0|
    |Range2_all_ones_24_reg_10477                                        |   1|   0|    1|          0|
    |Range2_all_ones_25_reg_10511                                        |   1|   0|    1|          0|
    |Range2_all_ones_26_reg_10615                                        |   1|   0|    1|          0|
    |Range2_all_ones_27_reg_10649                                        |   1|   0|    1|          0|
    |Range2_all_ones_28_reg_10743                                        |   1|   0|    1|          0|
    |Range2_all_ones_29_reg_10777                                        |   1|   0|    1|          0|
    |Range2_all_ones_30_reg_10851                                        |   1|   0|    1|          0|
    |Range2_all_ones_31_reg_10885                                        |   1|   0|    1|          0|
    |Range2_all_ones_32_reg_10959                                        |   1|   0|    1|          0|
    |Range2_all_ones_33_reg_10993                                        |   1|   0|    1|          0|
    |Range2_all_ones_3_reg_9013                                          |   1|   0|    1|          0|
    |Range2_all_ones_4_reg_9107                                          |   1|   0|    1|          0|
    |Range2_all_ones_5_reg_9141                                          |   1|   0|    1|          0|
    |Range2_all_ones_6_reg_9235                                          |   1|   0|    1|          0|
    |Range2_all_ones_7_reg_9269                                          |   1|   0|    1|          0|
    |Range2_all_ones_8_reg_9373                                          |   1|   0|    1|          0|
    |Range2_all_ones_9_reg_9407                                          |   1|   0|    1|          0|
    |Range2_all_ones_reg_8979                                            |   1|   0|    1|          0|
    |ap_CS_fsm                                                           |  29|   0|   29|          0|
    |grp_gru_cell_step_1_Pipeline_VITIS_LOOP_120_5_fu_1089_ap_start_reg  |   1|   0|    1|          0|
    |grp_gru_cell_step_1_Pipeline_VITIS_LOOP_69_1_fu_903_ap_start_reg    |   1|   0|    1|          0|
    |h_prev_0_load_1_reg_8436                                            |   8|   0|    8|          0|
    |h_prev_0_load_2_reg_8500                                            |   8|   0|    8|          0|
    |h_prev_0_load_3_reg_8524                                            |   8|   0|    8|          0|
    |h_prev_0_load_4_reg_8588                                            |   8|   0|    8|          0|
    |h_prev_0_load_5_reg_8612                                            |   8|   0|    8|          0|
    |h_prev_0_load_6_reg_8769                                            |   8|   0|    8|          0|
    |h_prev_0_load_7_reg_8810                                            |   8|   0|    8|          0|
    |h_prev_0_load_reg_8412                                              |   8|   0|    8|          0|
    |h_prev_1_load_1_reg_8442                                            |   8|   0|    8|          0|
    |h_prev_1_load_2_reg_8506                                            |   8|   0|    8|          0|
    |h_prev_1_load_3_reg_8530                                            |   8|   0|    8|          0|
    |h_prev_1_load_4_reg_8594                                            |   8|   0|    8|          0|
    |h_prev_1_load_5_reg_8618                                            |   8|   0|    8|          0|
    |h_prev_1_load_6_reg_8779                                            |   8|   0|    8|          0|
    |h_prev_1_load_7_reg_8820                                            |   8|   0|    8|          0|
    |h_prev_1_load_reg_8418                                              |   8|   0|    8|          0|
    |h_prev_2_load_1_reg_8448                                            |   8|   0|    8|          0|
    |h_prev_2_load_2_reg_8512                                            |   8|   0|    8|          0|
    |h_prev_2_load_3_reg_8536                                            |   8|   0|    8|          0|
    |h_prev_2_load_4_reg_8600                                            |   8|   0|    8|          0|
    |h_prev_2_load_5_reg_8624                                            |   8|   0|    8|          0|
    |h_prev_2_load_6_reg_8789                                            |   8|   0|    8|          0|
    |h_prev_2_load_7_reg_8831                                            |   8|   0|    8|          0|
    |h_prev_2_load_reg_8424                                              |   8|   0|    8|          0|
    |h_prev_3_load_1_reg_8454                                            |   8|   0|    8|          0|
    |h_prev_3_load_2_reg_8518                                            |   8|   0|    8|          0|
    |h_prev_3_load_3_reg_8542                                            |   8|   0|    8|          0|
    |h_prev_3_load_4_reg_8606                                            |   8|   0|    8|          0|
    |h_prev_3_load_5_reg_8630                                            |   8|   0|    8|          0|
    |h_prev_3_load_6_reg_8800                                            |   8|   0|    8|          0|
    |h_prev_3_load_7_reg_8842                                            |   8|   0|    8|          0|
    |h_prev_3_load_reg_8430                                              |   8|   0|    8|          0|
    |or_ln346_10_reg_9740                                                |   1|   0|    1|          0|
    |or_ln346_11_reg_9755                                                |   1|   0|    1|          0|
    |or_ln346_12_reg_9878                                                |   1|   0|    1|          0|
    |or_ln346_13_reg_9893                                                |   1|   0|    1|          0|
    |or_ln346_14_reg_10016                                               |   1|   0|    1|          0|
    |or_ln346_15_reg_10031                                               |   1|   0|    1|          0|
    |or_ln346_16_reg_10154                                               |   1|   0|    1|          0|
    |or_ln346_17_reg_10169                                               |   1|   0|    1|          0|
    |or_ln346_18_reg_10292                                               |   1|   0|    1|          0|
    |or_ln346_19_reg_10307                                               |   1|   0|    1|          0|
    |or_ln346_1_reg_9075                                                 |   1|   0|    1|          0|
    |or_ln346_20_reg_10430                                               |   1|   0|    1|          0|
    |or_ln346_21_reg_10445                                               |   1|   0|    1|          0|
    |or_ln346_22_reg_10568                                               |   1|   0|    1|          0|
    |or_ln346_23_reg_10583                                               |   1|   0|    1|          0|
    |or_ln346_24_reg_10696                                               |   1|   0|    1|          0|
    |or_ln346_25_reg_10711                                               |   1|   0|    1|          0|
    |or_ln346_26_reg_10804                                               |   1|   0|    1|          0|
    |or_ln346_27_reg_10819                                               |   1|   0|    1|          0|
    |or_ln346_28_reg_10912                                               |   1|   0|    1|          0|
    |or_ln346_29_reg_10927                                               |   1|   0|    1|          0|
    |or_ln346_2_reg_9188                                                 |   1|   0|    1|          0|
    |or_ln346_30_reg_11020                                               |   1|   0|    1|          0|
    |or_ln346_31_reg_11035                                               |   1|   0|    1|          0|
    |or_ln346_3_reg_9203                                                 |   1|   0|    1|          0|
    |or_ln346_4_reg_9326                                                 |   1|   0|    1|          0|
    |or_ln346_5_reg_9341                                                 |   1|   0|    1|          0|
    |or_ln346_6_reg_9464                                                 |   1|   0|    1|          0|
    |or_ln346_7_reg_9479                                                 |   1|   0|    1|          0|
    |or_ln346_8_reg_9602                                                 |   1|   0|    1|          0|
    |or_ln346_9_reg_9617                                                 |   1|   0|    1|          0|
    |or_ln346_reg_9060                                                   |   1|   0|    1|          0|
    |overflow_32_reg_9070                                                |   1|   0|    1|          0|
    |overflow_33_reg_9183                                                |   1|   0|    1|          0|
    |overflow_34_reg_9198                                                |   1|   0|    1|          0|
    |overflow_35_reg_9321                                                |   1|   0|    1|          0|
    |overflow_36_reg_9336                                                |   1|   0|    1|          0|
    |overflow_37_reg_9459                                                |   1|   0|    1|          0|
    |overflow_38_reg_9474                                                |   1|   0|    1|          0|
    |overflow_39_reg_9597                                                |   1|   0|    1|          0|
    |overflow_40_reg_9612                                                |   1|   0|    1|          0|
    |overflow_41_reg_9735                                                |   1|   0|    1|          0|
    |overflow_42_reg_9750                                                |   1|   0|    1|          0|
    |overflow_43_reg_9873                                                |   1|   0|    1|          0|
    |overflow_44_reg_9888                                                |   1|   0|    1|          0|
    |overflow_45_reg_10011                                               |   1|   0|    1|          0|
    |overflow_46_reg_10026                                               |   1|   0|    1|          0|
    |overflow_47_reg_10149                                               |   1|   0|    1|          0|
    |overflow_48_reg_10164                                               |   1|   0|    1|          0|
    |overflow_49_reg_10287                                               |   1|   0|    1|          0|
    |overflow_50_reg_10302                                               |   1|   0|    1|          0|
    |overflow_51_reg_10425                                               |   1|   0|    1|          0|
    |overflow_52_reg_10440                                               |   1|   0|    1|          0|
    |overflow_53_reg_10563                                               |   1|   0|    1|          0|
    |overflow_54_reg_10578                                               |   1|   0|    1|          0|
    |overflow_55_reg_10691                                               |   1|   0|    1|          0|
    |overflow_56_reg_10706                                               |   1|   0|    1|          0|
    |overflow_57_reg_10799                                               |   1|   0|    1|          0|
    |overflow_58_reg_10814                                               |   1|   0|    1|          0|
    |overflow_59_reg_10907                                               |   1|   0|    1|          0|
    |overflow_60_reg_10922                                               |   1|   0|    1|          0|
    |overflow_61_reg_11015                                               |   1|   0|    1|          0|
    |overflow_62_reg_11030                                               |   1|   0|    1|          0|
    |overflow_reg_9055                                                   |   1|   0|    1|          0|
    |p_Result_101_reg_10627                                              |   1|   0|    1|          0|
    |p_Result_102_reg_10638                                              |   1|   0|    1|          0|
    |p_Result_104_reg_10721                                              |   1|   0|    1|          0|
    |p_Result_105_reg_10732                                              |   1|   0|    1|          0|
    |p_Result_107_reg_10755                                              |   1|   0|    1|          0|
    |p_Result_108_reg_10766                                              |   1|   0|    1|          0|
    |p_Result_110_reg_10829                                              |   1|   0|    1|          0|
    |p_Result_111_reg_10840                                              |   1|   0|    1|          0|
    |p_Result_113_reg_10863                                              |   1|   0|    1|          0|
    |p_Result_114_reg_10874                                              |   1|   0|    1|          0|
    |p_Result_116_reg_10937                                              |   1|   0|    1|          0|
    |p_Result_117_reg_10948                                              |   1|   0|    1|          0|
    |p_Result_119_reg_10971                                              |   1|   0|    1|          0|
    |p_Result_120_reg_10982                                              |   1|   0|    1|          0|
    |p_Result_27_reg_8968                                                |   1|   0|    1|          0|
    |p_Result_29_reg_8991                                                |   1|   0|    1|          0|
    |p_Result_30_reg_9002                                                |   1|   0|    1|          0|
    |p_Result_32_reg_9085                                                |   1|   0|    1|          0|
    |p_Result_33_reg_9096                                                |   1|   0|    1|          0|
    |p_Result_35_reg_9119                                                |   1|   0|    1|          0|
    |p_Result_36_reg_9130                                                |   1|   0|    1|          0|
    |p_Result_38_reg_9213                                                |   1|   0|    1|          0|
    |p_Result_39_reg_9224                                                |   1|   0|    1|          0|
    |p_Result_41_reg_9247                                                |   1|   0|    1|          0|
    |p_Result_42_reg_9258                                                |   1|   0|    1|          0|
    |p_Result_44_reg_9351                                                |   1|   0|    1|          0|
    |p_Result_45_reg_9362                                                |   1|   0|    1|          0|
    |p_Result_47_reg_9385                                                |   1|   0|    1|          0|
    |p_Result_48_reg_9396                                                |   1|   0|    1|          0|
    |p_Result_50_reg_9489                                                |   1|   0|    1|          0|
    |p_Result_51_reg_9500                                                |   1|   0|    1|          0|
    |p_Result_53_reg_9523                                                |   1|   0|    1|          0|
    |p_Result_54_reg_9534                                                |   1|   0|    1|          0|
    |p_Result_56_reg_9627                                                |   1|   0|    1|          0|
    |p_Result_57_reg_9638                                                |   1|   0|    1|          0|
    |p_Result_59_reg_9661                                                |   1|   0|    1|          0|
    |p_Result_60_reg_9672                                                |   1|   0|    1|          0|
    |p_Result_62_reg_9765                                                |   1|   0|    1|          0|
    |p_Result_63_reg_9776                                                |   1|   0|    1|          0|
    |p_Result_65_reg_9799                                                |   1|   0|    1|          0|
    |p_Result_66_reg_9810                                                |   1|   0|    1|          0|
    |p_Result_68_reg_9903                                                |   1|   0|    1|          0|
    |p_Result_69_reg_9914                                                |   1|   0|    1|          0|
    |p_Result_71_reg_9937                                                |   1|   0|    1|          0|
    |p_Result_72_reg_9948                                                |   1|   0|    1|          0|
    |p_Result_74_reg_10041                                               |   1|   0|    1|          0|
    |p_Result_75_reg_10052                                               |   1|   0|    1|          0|
    |p_Result_77_reg_10075                                               |   1|   0|    1|          0|
    |p_Result_78_reg_10086                                               |   1|   0|    1|          0|
    |p_Result_80_reg_10179                                               |   1|   0|    1|          0|
    |p_Result_81_reg_10190                                               |   1|   0|    1|          0|
    |p_Result_83_reg_10213                                               |   1|   0|    1|          0|
    |p_Result_84_reg_10224                                               |   1|   0|    1|          0|
    |p_Result_86_reg_10317                                               |   1|   0|    1|          0|
    |p_Result_87_reg_10328                                               |   1|   0|    1|          0|
    |p_Result_89_reg_10351                                               |   1|   0|    1|          0|
    |p_Result_90_reg_10362                                               |   1|   0|    1|          0|
    |p_Result_92_reg_10455                                               |   1|   0|    1|          0|
    |p_Result_93_reg_10466                                               |   1|   0|    1|          0|
    |p_Result_95_reg_10489                                               |   1|   0|    1|          0|
    |p_Result_96_reg_10500                                               |   1|   0|    1|          0|
    |p_Result_98_reg_10593                                               |   1|   0|    1|          0|
    |p_Result_99_reg_10604                                               |   1|   0|    1|          0|
    |p_Result_s_reg_8957                                                 |   1|   0|    1|          0|
    |p_Val2_100_reg_9592                                                 |   8|   0|    8|          0|
    |p_Val2_106_reg_9529                                                 |   8|   0|    8|          0|
    |p_Val2_109_reg_9607                                                 |   8|   0|    8|          0|
    |p_Val2_113_reg_9633                                                 |   8|   0|    8|          0|
    |p_Val2_114_reg_9730                                                 |   8|   0|    8|          0|
    |p_Val2_116_reg_9667                                                 |   8|   0|    8|          0|
    |p_Val2_117_reg_9745                                                 |   8|   0|    8|          0|
    |p_Val2_119_reg_9771                                                 |   8|   0|    8|          0|
    |p_Val2_120_reg_9868                                                 |   8|   0|    8|          0|
    |p_Val2_122_reg_9805                                                 |   8|   0|    8|          0|
    |p_Val2_123_reg_9883                                                 |   8|   0|    8|          0|
    |p_Val2_125_reg_9909                                                 |   8|   0|    8|          0|
    |p_Val2_126_reg_10006                                                |   8|   0|    8|          0|
    |p_Val2_128_reg_9943                                                 |   8|   0|    8|          0|
    |p_Val2_129_reg_10021                                                |   8|   0|    8|          0|
    |p_Val2_131_reg_10047                                                |   8|   0|    8|          0|
    |p_Val2_132_reg_10144                                                |   8|   0|    8|          0|
    |p_Val2_134_reg_10081                                                |   8|   0|    8|          0|
    |p_Val2_135_reg_10159                                                |   8|   0|    8|          0|
    |p_Val2_137_reg_10185                                                |   8|   0|    8|          0|
    |p_Val2_138_reg_10282                                                |   8|   0|    8|          0|
    |p_Val2_140_reg_10219                                                |   8|   0|    8|          0|
    |p_Val2_141_reg_10297                                                |   8|   0|    8|          0|
    |p_Val2_143_reg_10323                                                |   8|   0|    8|          0|
    |p_Val2_144_reg_10420                                                |   8|   0|    8|          0|
    |p_Val2_146_reg_10357                                                |   8|   0|    8|          0|
    |p_Val2_147_reg_10435                                                |   8|   0|    8|          0|
    |p_Val2_149_reg_10461                                                |   8|   0|    8|          0|
    |p_Val2_150_reg_10558                                                |   8|   0|    8|          0|
    |p_Val2_152_reg_10495                                                |   8|   0|    8|          0|
    |p_Val2_153_reg_10573                                                |   8|   0|    8|          0|
    |p_Val2_155_reg_10599                                                |   8|   0|    8|          0|
    |p_Val2_156_reg_10686                                                |   8|   0|    8|          0|
    |p_Val2_158_reg_10633                                                |   8|   0|    8|          0|
    |p_Val2_159_reg_10701                                                |   8|   0|    8|          0|
    |p_Val2_161_reg_10727                                                |   8|   0|    8|          0|
    |p_Val2_162_reg_10794                                                |   8|   0|    8|          0|
    |p_Val2_164_reg_10761                                                |   8|   0|    8|          0|
    |p_Val2_165_reg_10809                                                |   8|   0|    8|          0|
    |p_Val2_167_reg_10835                                                |   8|   0|    8|          0|
    |p_Val2_168_reg_10902                                                |   8|   0|    8|          0|
    |p_Val2_170_reg_10869                                                |   8|   0|    8|          0|
    |p_Val2_171_reg_10917                                                |   8|   0|    8|          0|
    |p_Val2_173_reg_10943                                                |   8|   0|    8|          0|
    |p_Val2_174_reg_11010                                                |   8|   0|    8|          0|
    |p_Val2_176_reg_10977                                                |   8|   0|    8|          0|
    |p_Val2_177_reg_11025                                                |   8|   0|    8|          0|
    |p_Val2_25_reg_8963                                                  |   8|   0|    8|          0|
    |p_Val2_28_reg_9050                                                  |   8|   0|    8|          0|
    |p_Val2_34_reg_8997                                                  |   8|   0|    8|          0|
    |p_Val2_37_reg_9065                                                  |   8|   0|    8|          0|
    |p_Val2_43_reg_9091                                                  |   8|   0|    8|          0|
    |p_Val2_46_reg_9178                                                  |   8|   0|    8|          0|
    |p_Val2_52_reg_9125                                                  |   8|   0|    8|          0|
    |p_Val2_55_reg_9193                                                  |   8|   0|    8|          0|
    |p_Val2_61_reg_9219                                                  |   8|   0|    8|          0|
    |p_Val2_64_reg_9316                                                  |   8|   0|    8|          0|
    |p_Val2_70_reg_9253                                                  |   8|   0|    8|          0|
    |p_Val2_73_reg_9331                                                  |   8|   0|    8|          0|
    |p_Val2_79_reg_9357                                                  |   8|   0|    8|          0|
    |p_Val2_82_reg_9454                                                  |   8|   0|    8|          0|
    |p_Val2_88_reg_9391                                                  |   8|   0|    8|          0|
    |p_Val2_91_reg_9469                                                  |   8|   0|    8|          0|
    |p_Val2_97_reg_9495                                                  |   8|   0|    8|          0|
    |r_V_241_reg_8642                                                    |   8|   0|   23|         15|
    |r_V_242_reg_8648                                                    |   8|   0|   23|         15|
    |r_V_243_reg_8653                                                    |   8|   0|   23|         15|
    |r_V_244_reg_8658                                                    |   8|   0|   23|         15|
    |r_V_245_reg_8664                                                    |   8|   0|   23|         15|
    |r_V_246_reg_8670                                                    |   8|   0|   23|         15|
    |r_V_247_reg_8675                                                    |   8|   0|   23|         15|
    |r_V_248_reg_8680                                                    |   8|   0|   23|         15|
    |r_V_249_reg_8685                                                    |   8|   0|   23|         15|
    |r_V_250_reg_8690                                                    |   8|   0|   23|         15|
    |r_V_251_reg_8696                                                    |   8|   0|   23|         15|
    |r_V_252_reg_8701                                                    |   8|   0|   23|         15|
    |r_V_253_reg_8706                                                    |   8|   0|   23|         15|
    |r_V_254_reg_8711                                                    |   8|   0|   23|         15|
    |r_V_255_reg_8717                                                    |   8|   0|   23|         15|
    |r_V_256_reg_8723                                                    |   8|   0|   23|         15|
    |r_V_257_reg_8729                                                    |   8|   0|   23|         15|
    |r_V_258_reg_8735                                                    |   8|   0|   23|         15|
    |r_V_259_reg_8741                                                    |   8|   0|   23|         15|
    |r_V_260_reg_8746                                                    |   8|   0|   23|         15|
    |r_V_261_reg_8752                                                    |   8|   0|   23|         15|
    |r_V_262_reg_8758                                                    |   8|   0|   23|         15|
    |r_V_263_reg_8763                                                    |   8|   0|   23|         15|
    |r_V_264_reg_8774                                                    |   8|   0|   23|         15|
    |r_V_265_reg_8784                                                    |   8|   0|   23|         15|
    |r_V_266_reg_8794                                                    |   8|   0|   23|         15|
    |r_V_267_reg_8805                                                    |   8|   0|   23|         15|
    |r_V_268_reg_8815                                                    |   8|   0|   23|         15|
    |r_V_269_reg_8825                                                    |   8|   0|   23|         15|
    |r_V_270_reg_8836                                                    |   8|   0|   23|         15|
    |r_V_271_reg_8847                                                    |   8|   0|   23|         15|
    |r_V_272_reg_11050                                                   |   8|   0|   23|         15|
    |r_V_273_reg_11055                                                   |   8|   0|   23|         15|
    |r_V_274_reg_11060                                                   |   8|   0|   23|         15|
    |r_V_275_reg_11065                                                   |   8|   0|   23|         15|
    |r_V_276_reg_11070                                                   |   8|   0|   23|         15|
    |r_V_277_reg_11075                                                   |   8|   0|   23|         15|
    |r_V_278_reg_11080                                                   |   8|   0|   23|         15|
    |r_V_279_reg_11085                                                   |   8|   0|   23|         15|
    |r_V_280_reg_11090                                                   |   8|   0|   23|         15|
    |r_V_281_reg_11095                                                   |   8|   0|   23|         15|
    |r_V_282_reg_11100                                                   |   8|   0|   23|         15|
    |r_V_283_reg_11105                                                   |   8|   0|   23|         15|
    |r_V_284_reg_11110                                                   |   8|   0|   23|         15|
    |r_V_285_reg_11115                                                   |   8|   0|   23|         15|
    |r_V_286_reg_11120                                                   |   8|   0|   23|         15|
    |r_V_287_reg_11125                                                   |   8|   0|   23|         15|
    |r_V_288_reg_11130                                                   |   8|   0|   23|         15|
    |r_V_289_reg_11135                                                   |   8|   0|   23|         15|
    |r_V_290_reg_11140                                                   |   8|   0|   23|         15|
    |r_V_291_reg_11145                                                   |   8|   0|   23|         15|
    |r_V_292_reg_11150                                                   |   8|   0|   23|         15|
    |r_V_293_reg_11155                                                   |   8|   0|   23|         15|
    |r_V_294_reg_11160                                                   |   8|   0|   23|         15|
    |r_V_295_reg_11165                                                   |   8|   0|   23|         15|
    |r_V_296_reg_11170                                                   |   8|   0|   23|         15|
    |r_V_297_reg_11175                                                   |   8|   0|   23|         15|
    |r_V_298_reg_11180                                                   |   8|   0|   23|         15|
    |r_V_299_reg_11185                                                   |   8|   0|   23|         15|
    |r_V_300_reg_11190                                                   |   8|   0|   23|         15|
    |r_V_301_reg_11195                                                   |   8|   0|   23|         15|
    |r_V_302_reg_11200                                                   |   8|   0|   23|         15|
    |r_V_303_reg_11205                                                   |   8|   0|   23|         15|
    |r_V_528_reg_8952                                                    |  30|   0|   30|          0|
    |r_V_529_reg_8986                                                    |  30|   0|   30|          0|
    |r_V_530_reg_9080                                                    |  30|   0|   30|          0|
    |r_V_531_reg_9114                                                    |  30|   0|   30|          0|
    |r_V_532_reg_9208                                                    |  30|   0|   30|          0|
    |r_V_533_reg_9242                                                    |  30|   0|   30|          0|
    |r_V_534_reg_9346                                                    |  30|   0|   30|          0|
    |r_V_535_reg_9380                                                    |  30|   0|   30|          0|
    |r_V_536_reg_9484                                                    |  30|   0|   30|          0|
    |r_V_537_reg_9518                                                    |  30|   0|   30|          0|
    |r_V_538_reg_9622                                                    |  30|   0|   30|          0|
    |r_V_539_reg_9656                                                    |  30|   0|   30|          0|
    |r_V_540_reg_9760                                                    |  30|   0|   30|          0|
    |r_V_541_reg_9794                                                    |  30|   0|   30|          0|
    |r_V_542_reg_9898                                                    |  30|   0|   30|          0|
    |r_V_543_reg_9932                                                    |  30|   0|   30|          0|
    |r_V_544_reg_10036                                                   |  30|   0|   30|          0|
    |r_V_545_reg_10070                                                   |  30|   0|   30|          0|
    |r_V_546_reg_10174                                                   |  30|   0|   30|          0|
    |r_V_547_reg_10208                                                   |  30|   0|   30|          0|
    |r_V_548_reg_10312                                                   |  30|   0|   30|          0|
    |r_V_549_reg_10346                                                   |  30|   0|   30|          0|
    |r_V_550_reg_10450                                                   |  30|   0|   30|          0|
    |r_V_551_reg_10484                                                   |  30|   0|   30|          0|
    |r_V_552_reg_10588                                                   |  30|   0|   30|          0|
    |r_V_553_reg_10622                                                   |  30|   0|   30|          0|
    |r_V_554_reg_10716                                                   |  30|   0|   30|          0|
    |r_V_555_reg_10750                                                   |  30|   0|   30|          0|
    |r_V_556_reg_10824                                                   |  30|   0|   30|          0|
    |r_V_557_reg_10858                                                   |  30|   0|   30|          0|
    |r_V_558_reg_10932                                                   |  30|   0|   30|          0|
    |r_V_559_reg_10966                                                   |  30|   0|   30|          0|
    |r_V_s_reg_8636                                                      |   8|   0|   23|         15|
    |select_ln346_11_reg_9311                                            |   8|   0|    8|          0|
    |select_ln346_13_reg_9444                                            |   8|   0|    8|          0|
    |select_ln346_15_reg_9449                                            |   8|   0|    8|          0|
    |select_ln346_17_reg_9582                                            |   8|   0|    8|          0|
    |select_ln346_19_reg_9587                                            |   8|   0|    8|          0|
    |select_ln346_21_reg_9720                                            |   8|   0|    8|          0|
    |select_ln346_23_reg_9725                                            |   8|   0|    8|          0|
    |select_ln346_25_reg_9858                                            |   8|   0|    8|          0|
    |select_ln346_27_reg_9863                                            |   8|   0|    8|          0|
    |select_ln346_29_reg_9996                                            |   8|   0|    8|          0|
    |select_ln346_31_reg_10001                                           |   8|   0|    8|          0|
    |select_ln346_33_reg_10134                                           |   8|   0|    8|          0|
    |select_ln346_35_reg_10139                                           |   8|   0|    8|          0|
    |select_ln346_37_reg_10272                                           |   8|   0|    8|          0|
    |select_ln346_39_reg_10277                                           |   8|   0|    8|          0|
    |select_ln346_41_reg_10410                                           |   8|   0|    8|          0|
    |select_ln346_43_reg_10415                                           |   8|   0|    8|          0|
    |select_ln346_45_reg_10548                                           |   8|   0|    8|          0|
    |select_ln346_47_reg_10553                                           |   8|   0|    8|          0|
    |select_ln346_49_reg_10676                                           |   8|   0|    8|          0|
    |select_ln346_51_reg_10681                                           |   8|   0|    8|          0|
    |select_ln346_53_reg_10784                                           |   8|   0|    8|          0|
    |select_ln346_55_reg_10789                                           |   8|   0|    8|          0|
    |select_ln346_57_reg_10892                                           |   8|   0|    8|          0|
    |select_ln346_59_reg_10897                                           |   8|   0|    8|          0|
    |select_ln346_61_reg_11000                                           |   8|   0|    8|          0|
    |select_ln346_63_reg_11005                                           |   8|   0|    8|          0|
    |select_ln346_65_reg_11040                                           |   8|   0|    8|          0|
    |select_ln346_67_reg_11045                                           |   8|   0|    8|          0|
    |select_ln346_9_reg_9306                                             |   8|   0|    8|          0|
    |tmp_167_reg_9008                                                    |   1|   0|    1|          0|
    |tmp_173_reg_9102                                                    |   1|   0|    1|          0|
    |tmp_179_reg_9136                                                    |   1|   0|    1|          0|
    |tmp_185_reg_9230                                                    |   1|   0|    1|          0|
    |tmp_191_reg_9264                                                    |   1|   0|    1|          0|
    |tmp_197_reg_9368                                                    |   1|   0|    1|          0|
    |tmp_203_reg_9402                                                    |   1|   0|    1|          0|
    |tmp_209_reg_9506                                                    |   1|   0|    1|          0|
    |tmp_215_reg_9540                                                    |   1|   0|    1|          0|
    |tmp_221_reg_9644                                                    |   1|   0|    1|          0|
    |tmp_227_reg_9678                                                    |   1|   0|    1|          0|
    |tmp_233_reg_9782                                                    |   1|   0|    1|          0|
    |tmp_239_reg_9816                                                    |   1|   0|    1|          0|
    |tmp_245_reg_9920                                                    |   1|   0|    1|          0|
    |tmp_251_reg_9954                                                    |   1|   0|    1|          0|
    |tmp_257_reg_10058                                                   |   1|   0|    1|          0|
    |tmp_263_reg_10092                                                   |   1|   0|    1|          0|
    |tmp_269_reg_10196                                                   |   1|   0|    1|          0|
    |tmp_275_reg_10230                                                   |   1|   0|    1|          0|
    |tmp_281_reg_10334                                                   |   1|   0|    1|          0|
    |tmp_287_reg_10368                                                   |   1|   0|    1|          0|
    |tmp_293_reg_10472                                                   |   1|   0|    1|          0|
    |tmp_299_reg_10506                                                   |   1|   0|    1|          0|
    |tmp_305_reg_10610                                                   |   1|   0|    1|          0|
    |tmp_311_reg_10644                                                   |   1|   0|    1|          0|
    |tmp_317_reg_10738                                                   |   1|   0|    1|          0|
    |tmp_323_reg_10772                                                   |   1|   0|    1|          0|
    |tmp_329_reg_10846                                                   |   1|   0|    1|          0|
    |tmp_335_reg_10880                                                   |   1|   0|    1|          0|
    |tmp_341_reg_10954                                                   |   1|   0|    1|          0|
    |tmp_347_reg_10988                                                   |   1|   0|    1|          0|
    |tmp_reg_8974                                                        |   1|   0|    1|          0|
    +--------------------------------------------------------------------+----+----+-----+-----------+
    |Total                                                               |2703|   0| 3663|        960|
    +--------------------------------------------------------------------+----+----+-----+-----------+



================================================================
== Interface
================================================================
* Summary: 
+-------------------+-----+-----+------------+-----------------+--------------+
|     RTL Ports     | Dir | Bits|  Protocol  |  Source Object  |    C Type    |
+-------------------+-----+-----+------------+-----------------+--------------+
|ap_clk             |   in|    1|  ap_ctrl_hs|  gru_cell_step.1|  return value|
|ap_rst             |   in|    1|  ap_ctrl_hs|  gru_cell_step.1|  return value|
|ap_start           |   in|    1|  ap_ctrl_hs|  gru_cell_step.1|  return value|
|ap_done            |  out|    1|  ap_ctrl_hs|  gru_cell_step.1|  return value|
|ap_idle            |  out|    1|  ap_ctrl_hs|  gru_cell_step.1|  return value|
|ap_ready           |  out|    1|  ap_ctrl_hs|  gru_cell_step.1|  return value|
|h_prev_0_address0  |  out|    3|   ap_memory|         h_prev_0|         array|
|h_prev_0_ce0       |  out|    1|   ap_memory|         h_prev_0|         array|
|h_prev_0_q0        |   in|    8|   ap_memory|         h_prev_0|         array|
|h_prev_0_address1  |  out|    3|   ap_memory|         h_prev_0|         array|
|h_prev_0_ce1       |  out|    1|   ap_memory|         h_prev_0|         array|
|h_prev_0_q1        |   in|    8|   ap_memory|         h_prev_0|         array|
|h_prev_1_address0  |  out|    3|   ap_memory|         h_prev_1|         array|
|h_prev_1_ce0       |  out|    1|   ap_memory|         h_prev_1|         array|
|h_prev_1_q0        |   in|    8|   ap_memory|         h_prev_1|         array|
|h_prev_1_address1  |  out|    3|   ap_memory|         h_prev_1|         array|
|h_prev_1_ce1       |  out|    1|   ap_memory|         h_prev_1|         array|
|h_prev_1_q1        |   in|    8|   ap_memory|         h_prev_1|         array|
|h_prev_2_address0  |  out|    3|   ap_memory|         h_prev_2|         array|
|h_prev_2_ce0       |  out|    1|   ap_memory|         h_prev_2|         array|
|h_prev_2_q0        |   in|    8|   ap_memory|         h_prev_2|         array|
|h_prev_2_address1  |  out|    3|   ap_memory|         h_prev_2|         array|
|h_prev_2_ce1       |  out|    1|   ap_memory|         h_prev_2|         array|
|h_prev_2_q1        |   in|    8|   ap_memory|         h_prev_2|         array|
|h_prev_3_address0  |  out|    3|   ap_memory|         h_prev_3|         array|
|h_prev_3_ce0       |  out|    1|   ap_memory|         h_prev_3|         array|
|h_prev_3_q0        |   in|    8|   ap_memory|         h_prev_3|         array|
|h_prev_3_address1  |  out|    3|   ap_memory|         h_prev_3|         array|
|h_prev_3_ce1       |  out|    1|   ap_memory|         h_prev_3|         array|
|h_prev_3_q1        |   in|    8|   ap_memory|         h_prev_3|         array|
|h_new_address0     |  out|    5|   ap_memory|            h_new|         array|
|h_new_ce0          |  out|    1|   ap_memory|            h_new|         array|
|h_new_we0          |  out|    1|   ap_memory|            h_new|         array|
|h_new_d0           |  out|    8|   ap_memory|            h_new|         array|
+-------------------+-----+-----+------------+-----------------+--------------+

