

================================================================
== Vitis HLS Report for 'gru_cell_step_1'
================================================================
* Date:           Fri Aug 14 15:46:44 2026

* Version:        2022.2 (Build 3670227 on Oct 13 2022)
* Project:        seq2seqlite_student_proj
* Solution:       solution1 (Vivado IP Flow Target)
* Product family: kintex7
* Target device:  xc7k410t-ffg676-1


================================================================
== Performance Estimates
================================================================
+ Timing: 
    * Summary: 
    +--------+---------+----------+------------+
    |  Clock |  Target | Estimated| Uncertainty|
    +--------+---------+----------+------------+
    |ap_clk  |  4.50 ns|  3.245 ns|     1.22 ns|
    +--------+---------+----------+------------+

+ Latency: 
    * Summary: 
    +---------+---------+----------+----------+-----+-----+---------+
    |  Latency (cycles) |  Latency (absolute) |  Interval | Pipeline|
    |   min   |   max   |    min   |    max   | min | max |   Type  |
    +---------+---------+----------+----------+-----+-----+---------+
    |      359|      359|  1.615 us|  1.615 us|  359|  359|       no|
    +---------+---------+----------+----------+-----+-----+---------+

    + Detail: 
        * Instance: 
        +------------------------------------------------------+------------------------------------------+---------+---------+----------+----------+-----+-----+---------+
        |                                                      |                                          |  Latency (cycles) |  Latency (absolute) |  Interval | Pipeline|
        |                       Instance                       |                  Module                  |   min   |   max   |    min   |    max   | min | max |   Type  |
        +------------------------------------------------------+------------------------------------------+---------+---------+----------+----------+-----+-----+---------+
        |grp_gru_cell_step_1_Pipeline_VITIS_LOOP_48_1_fu_901   |gru_cell_step_1_Pipeline_VITIS_LOOP_48_1  |      159|      159|  0.716 us|  0.716 us|  159|  159|       no|
        |grp_gru_cell_step_1_Pipeline_VITIS_LOOP_94_5_fu_1087  |gru_cell_step_1_Pipeline_VITIS_LOOP_94_5  |      172|      172|  0.774 us|  0.774 us|  172|  172|       no|
        +------------------------------------------------------+------------------------------------------+---------+---------+----------+----------+-----+-----+---------+

        * Loop: 
        N/A



================================================================
== Utilization Estimates
================================================================
* Summary: 
+-----------------+---------+------+--------+--------+-----+
|       Name      | BRAM_18K|  DSP |   FF   |   LUT  | URAM|
+-----------------+---------+------+--------+--------+-----+
|DSP              |        -|    32|       -|       -|    -|
|Expression       |        -|     -|       0|    4480|    -|
|FIFO             |        -|     -|       -|       -|    -|
|Instance         |        0|    18|   14916|    7405|    -|
|Memory           |        0|     -|      42|      14|    0|
|Multiplexer      |        -|     -|       -|    1942|    -|
|Register         |        -|     -|    2671|       -|    -|
+-----------------+---------+------+--------+--------+-----+
|Total            |        0|    50|   17629|   13841|    0|
+-----------------+---------+------+--------+--------+-----+
|Available        |     1590|  1540|  508400|  254200|    0|
+-----------------+---------+------+--------+--------+-----+
|Utilization (%)  |        0|     3|       3|       5|    0|
+-----------------+---------+------+--------+--------+-----+

+ Detail: 
    * Instance: 
    +------------------------------------------------------+------------------------------------------+---------+----+-------+------+-----+
    |                       Instance                       |                  Module                  | BRAM_18K| DSP|   FF  |  LUT | URAM|
    +------------------------------------------------------+------------------------------------------+---------+----+-------+------+-----+
    |grp_gru_cell_step_1_Pipeline_VITIS_LOOP_48_1_fu_901   |gru_cell_step_1_Pipeline_VITIS_LOOP_48_1  |        0|  16|  10025|  4511|    0|
    |grp_gru_cell_step_1_Pipeline_VITIS_LOOP_94_5_fu_1087  |gru_cell_step_1_Pipeline_VITIS_LOOP_94_5  |        0|   2|   4891|  2894|    0|
    +------------------------------------------------------+------------------------------------------+---------+----+-------+------+-----+
    |Total                                                 |                                          |        0|  18|  14916|  7405|    0|
    +------------------------------------------------------+------------------------------------------+---------+----+-------+------+-----+

    * DSP: 
    +------------------------------+-------------------------+-----------+
    |           Instance           |          Module         | Expression|
    +------------------------------+-------------------------+-----------+
    |mul_mul_14ns_15s_29_4_1_U694  |mul_mul_14ns_15s_29_4_1  |    i0 * i1|
    |mul_mul_14ns_15s_29_4_1_U695  |mul_mul_14ns_15s_29_4_1  |    i0 * i1|
    |mul_mul_14ns_15s_29_4_1_U696  |mul_mul_14ns_15s_29_4_1  |    i0 * i1|
    |mul_mul_14ns_15s_29_4_1_U697  |mul_mul_14ns_15s_29_4_1  |    i0 * i1|
    |mul_mul_14ns_15s_29_4_1_U698  |mul_mul_14ns_15s_29_4_1  |    i0 * i1|
    |mul_mul_14ns_15s_29_4_1_U699  |mul_mul_14ns_15s_29_4_1  |    i0 * i1|
    |mul_mul_14ns_15s_29_4_1_U700  |mul_mul_14ns_15s_29_4_1  |    i0 * i1|
    |mul_mul_14ns_15s_29_4_1_U701  |mul_mul_14ns_15s_29_4_1  |    i0 * i1|
    |mul_mul_14ns_15s_29_4_1_U702  |mul_mul_14ns_15s_29_4_1  |    i0 * i1|
    |mul_mul_14ns_15s_29_4_1_U703  |mul_mul_14ns_15s_29_4_1  |    i0 * i1|
    |mul_mul_14ns_15s_29_4_1_U704  |mul_mul_14ns_15s_29_4_1  |    i0 * i1|
    |mul_mul_14ns_15s_29_4_1_U705  |mul_mul_14ns_15s_29_4_1  |    i0 * i1|
    |mul_mul_14ns_15s_29_4_1_U706  |mul_mul_14ns_15s_29_4_1  |    i0 * i1|
    |mul_mul_14ns_15s_29_4_1_U707  |mul_mul_14ns_15s_29_4_1  |    i0 * i1|
    |mul_mul_14ns_15s_29_4_1_U708  |mul_mul_14ns_15s_29_4_1  |    i0 * i1|
    |mul_mul_14ns_15s_29_4_1_U709  |mul_mul_14ns_15s_29_4_1  |    i0 * i1|
    |mul_mul_14ns_15s_29_4_1_U710  |mul_mul_14ns_15s_29_4_1  |    i0 * i1|
    |mul_mul_14ns_15s_29_4_1_U711  |mul_mul_14ns_15s_29_4_1  |    i0 * i1|
    |mul_mul_14ns_15s_29_4_1_U712  |mul_mul_14ns_15s_29_4_1  |    i0 * i1|
    |mul_mul_14ns_15s_29_4_1_U713  |mul_mul_14ns_15s_29_4_1  |    i0 * i1|
    |mul_mul_14ns_15s_29_4_1_U714  |mul_mul_14ns_15s_29_4_1  |    i0 * i1|
    |mul_mul_14ns_15s_29_4_1_U715  |mul_mul_14ns_15s_29_4_1  |    i0 * i1|
    |mul_mul_14ns_15s_29_4_1_U716  |mul_mul_14ns_15s_29_4_1  |    i0 * i1|
    |mul_mul_14ns_15s_29_4_1_U717  |mul_mul_14ns_15s_29_4_1  |    i0 * i1|
    |mul_mul_14ns_15s_29_4_1_U718  |mul_mul_14ns_15s_29_4_1  |    i0 * i1|
    |mul_mul_14ns_15s_29_4_1_U719  |mul_mul_14ns_15s_29_4_1  |    i0 * i1|
    |mul_mul_14ns_15s_29_4_1_U720  |mul_mul_14ns_15s_29_4_1  |    i0 * i1|
    |mul_mul_14ns_15s_29_4_1_U721  |mul_mul_14ns_15s_29_4_1  |    i0 * i1|
    |mul_mul_14ns_15s_29_4_1_U722  |mul_mul_14ns_15s_29_4_1  |    i0 * i1|
    |mul_mul_14ns_15s_29_4_1_U723  |mul_mul_14ns_15s_29_4_1  |    i0 * i1|
    |mul_mul_14ns_15s_29_4_1_U724  |mul_mul_14ns_15s_29_4_1  |    i0 * i1|
    |mul_mul_14ns_15s_29_4_1_U725  |mul_mul_14ns_15s_29_4_1  |    i0 * i1|
    +------------------------------+-------------------------+-----------+

    * Memory: 
    +-------+-----------------------------------+---------+----+----+-----+------+-----+------+-------------+
    | Memory|               Module              | BRAM_18K| FF | LUT| URAM| Words| Bits| Banks| W*Bits*Banks|
    +-------+-----------------------------------+---------+----+----+-----+------+-----+------+-------------+
    |z_V_U  |gru_cell_step_1_z_V_RAM_AUTO_1R1W  |        0|  14|   7|    0|    32|   14|     1|          448|
    |r_V_U  |gru_cell_step_r_V_RAM_AUTO_1R1W    |        0|  28|   7|    0|    32|   14|     1|          448|
    +-------+-----------------------------------+---------+----+----+-----+------+-----+------+-------------+
    |Total  |                                   |        0|  42|  14|    0|    64|   28|     2|          896|
    +-------+-----------------------------------+---------+----+----+-----+------+-----+------+-------------+

    * FIFO: 
    N/A

    * Expression: 
    +-----------------------------+----------+----+---+----+------------+------------+
    |        Variable Name        | Operation| DSP| FF| LUT| Bitwidth P0| Bitwidth P1|
    +-----------------------------+----------+----+---+----+------------+------------+
    |p_Val2_101_fu_3665_p2        |         +|   0|  0|  15|           8|           8|
    |p_Val2_104_fu_3919_p2        |         +|   0|  0|  15|           8|           8|
    |p_Val2_107_fu_4043_p2        |         +|   0|  0|  15|           8|           8|
    |p_Val2_110_fu_4297_p2        |         +|   0|  0|  15|           8|           8|
    |p_Val2_113_fu_4421_p2        |         +|   0|  0|  15|           8|           8|
    |p_Val2_116_fu_4675_p2        |         +|   0|  0|  15|           8|           8|
    |p_Val2_119_fu_4799_p2        |         +|   0|  0|  15|           8|           8|
    |p_Val2_122_fu_5053_p2        |         +|   0|  0|  15|           8|           8|
    |p_Val2_125_fu_5177_p2        |         +|   0|  0|  15|           8|           8|
    |p_Val2_128_fu_5431_p2        |         +|   0|  0|  15|           8|           8|
    |p_Val2_131_fu_5555_p2        |         +|   0|  0|  15|           8|           8|
    |p_Val2_134_fu_5809_p2        |         +|   0|  0|  15|           8|           8|
    |p_Val2_137_fu_5933_p2        |         +|   0|  0|  15|           8|           8|
    |p_Val2_140_fu_6187_p2        |         +|   0|  0|  15|           8|           8|
    |p_Val2_143_fu_6311_p2        |         +|   0|  0|  15|           8|           8|
    |p_Val2_146_fu_6535_p2        |         +|   0|  0|  15|           8|           8|
    |p_Val2_149_fu_6659_p2        |         +|   0|  0|  15|           8|           8|
    |p_Val2_14_fu_1677_p2         |         +|   0|  0|  15|           8|           8|
    |p_Val2_152_fu_6883_p2        |         +|   0|  0|  15|           8|           8|
    |p_Val2_155_fu_7007_p2        |         +|   0|  0|  15|           8|           8|
    |p_Val2_158_fu_7231_p2        |         +|   0|  0|  15|           8|           8|
    |p_Val2_161_fu_7355_p2        |         +|   0|  0|  15|           8|           8|
    |p_Val2_20_fu_1801_p2         |         +|   0|  0|  15|           8|           8|
    |p_Val2_26_fu_2029_p2         |         +|   0|  0|  15|           8|           8|
    |p_Val2_35_fu_2153_p2         |         +|   0|  0|  15|           8|           8|
    |p_Val2_44_fu_2407_p2         |         +|   0|  0|  15|           8|           8|
    |p_Val2_53_fu_2531_p2         |         +|   0|  0|  15|           8|           8|
    |p_Val2_62_fu_2785_p2         |         +|   0|  0|  15|           8|           8|
    |p_Val2_71_fu_2909_p2         |         +|   0|  0|  15|           8|           8|
    |p_Val2_80_fu_3163_p2         |         +|   0|  0|  15|           8|           8|
    |p_Val2_89_fu_3287_p2         |         +|   0|  0|  15|           8|           8|
    |p_Val2_98_fu_3541_p2         |         +|   0|  0|  15|           8|           8|
    |and_ln891_10_fu_3605_p2      |       and|   0|  0|   6|           1|           1|
    |and_ln891_11_fu_3729_p2      |       and|   0|  0|   6|           1|           1|
    |and_ln891_12_fu_3983_p2      |       and|   0|  0|   6|           1|           1|
    |and_ln891_13_fu_4107_p2      |       and|   0|  0|   6|           1|           1|
    |and_ln891_14_fu_4361_p2      |       and|   0|  0|   6|           1|           1|
    |and_ln891_15_fu_4485_p2      |       and|   0|  0|   6|           1|           1|
    |and_ln891_16_fu_4739_p2      |       and|   0|  0|   6|           1|           1|
    |and_ln891_17_fu_4863_p2      |       and|   0|  0|   6|           1|           1|
    |and_ln891_18_fu_5117_p2      |       and|   0|  0|   6|           1|           1|
    |and_ln891_19_fu_5241_p2      |       and|   0|  0|   6|           1|           1|
    |and_ln891_1_fu_1865_p2       |       and|   0|  0|   6|           1|           1|
    |and_ln891_20_fu_5495_p2      |       and|   0|  0|   6|           1|           1|
    |and_ln891_21_fu_5619_p2      |       and|   0|  0|   6|           1|           1|
    |and_ln891_22_fu_5873_p2      |       and|   0|  0|   6|           1|           1|
    |and_ln891_23_fu_5997_p2      |       and|   0|  0|   6|           1|           1|
    |and_ln891_24_fu_6251_p2      |       and|   0|  0|   6|           1|           1|
    |and_ln891_25_fu_6375_p2      |       and|   0|  0|   6|           1|           1|
    |and_ln891_26_fu_6599_p2      |       and|   0|  0|   6|           1|           1|
    |and_ln891_27_fu_6723_p2      |       and|   0|  0|   6|           1|           1|
    |and_ln891_28_fu_6947_p2      |       and|   0|  0|   6|           1|           1|
    |and_ln891_29_fu_7071_p2      |       and|   0|  0|   6|           1|           1|
    |and_ln891_2_fu_2093_p2       |       and|   0|  0|   6|           1|           1|
    |and_ln891_30_fu_7295_p2      |       and|   0|  0|   6|           1|           1|
    |and_ln891_31_fu_7419_p2      |       and|   0|  0|   6|           1|           1|
    |and_ln891_3_fu_2217_p2       |       and|   0|  0|   6|           1|           1|
    |and_ln891_4_fu_2471_p2       |       and|   0|  0|   6|           1|           1|
    |and_ln891_5_fu_2595_p2       |       and|   0|  0|   6|           1|           1|
    |and_ln891_6_fu_2849_p2       |       and|   0|  0|   6|           1|           1|
    |and_ln891_7_fu_2973_p2       |       and|   0|  0|   6|           1|           1|
    |and_ln891_8_fu_3227_p2       |       and|   0|  0|   6|           1|           1|
    |and_ln891_9_fu_3351_p2       |       and|   0|  0|   6|           1|           1|
    |and_ln891_fu_1741_p2         |       and|   0|  0|   6|           1|           1|
    |carry_13_fu_1820_p2          |       and|   0|  0|   6|           1|           1|
    |carry_17_fu_2048_p2          |       and|   0|  0|   6|           1|           1|
    |carry_21_fu_2172_p2          |       and|   0|  0|   6|           1|           1|
    |carry_25_fu_2426_p2          |       and|   0|  0|   6|           1|           1|
    |carry_29_fu_2550_p2          |       and|   0|  0|   6|           1|           1|
    |carry_33_fu_2804_p2          |       and|   0|  0|   6|           1|           1|
    |carry_37_fu_2928_p2          |       and|   0|  0|   6|           1|           1|
    |carry_41_fu_3182_p2          |       and|   0|  0|   6|           1|           1|
    |carry_45_fu_3306_p2          |       and|   0|  0|   6|           1|           1|
    |carry_49_fu_3560_p2          |       and|   0|  0|   6|           1|           1|
    |carry_53_fu_3684_p2          |       and|   0|  0|   6|           1|           1|
    |carry_57_fu_3938_p2          |       and|   0|  0|   6|           1|           1|
    |carry_61_fu_4062_p2          |       and|   0|  0|   6|           1|           1|
    |carry_65_fu_4316_p2          |       and|   0|  0|   6|           1|           1|
    |carry_67_fu_4440_p2          |       and|   0|  0|   6|           1|           1|
    |carry_69_fu_4694_p2          |       and|   0|  0|   6|           1|           1|
    |carry_71_fu_4818_p2          |       and|   0|  0|   6|           1|           1|
    |carry_73_fu_5072_p2          |       and|   0|  0|   6|           1|           1|
    |carry_75_fu_5196_p2          |       and|   0|  0|   6|           1|           1|
    |carry_77_fu_5450_p2          |       and|   0|  0|   6|           1|           1|
    |carry_79_fu_5574_p2          |       and|   0|  0|   6|           1|           1|
    |carry_81_fu_5828_p2          |       and|   0|  0|   6|           1|           1|
    |carry_83_fu_5952_p2          |       and|   0|  0|   6|           1|           1|
    |carry_85_fu_6206_p2          |       and|   0|  0|   6|           1|           1|
    |carry_87_fu_6330_p2          |       and|   0|  0|   6|           1|           1|
    |carry_89_fu_6554_p2          |       and|   0|  0|   6|           1|           1|
    |carry_91_fu_6678_p2          |       and|   0|  0|   6|           1|           1|
    |carry_93_fu_6902_p2          |       and|   0|  0|   6|           1|           1|
    |carry_95_fu_7026_p2          |       and|   0|  0|   6|           1|           1|
    |carry_97_fu_7250_p2          |       and|   0|  0|   6|           1|           1|
    |carry_99_fu_7374_p2          |       and|   0|  0|   6|           1|           1|
    |carry_9_fu_1696_p2           |       and|   0|  0|   6|           1|           1|
    |deleted_ones_32_fu_1860_p2   |       and|   0|  0|   6|           1|           1|
    |deleted_ones_33_fu_2088_p2   |       and|   0|  0|   6|           1|           1|
    |deleted_ones_34_fu_2212_p2   |       and|   0|  0|   6|           1|           1|
    |deleted_ones_35_fu_2466_p2   |       and|   0|  0|   6|           1|           1|
    |deleted_ones_36_fu_2590_p2   |       and|   0|  0|   6|           1|           1|
    |deleted_ones_37_fu_2844_p2   |       and|   0|  0|   6|           1|           1|
    |deleted_ones_38_fu_2968_p2   |       and|   0|  0|   6|           1|           1|
    |deleted_ones_39_fu_3222_p2   |       and|   0|  0|   6|           1|           1|
    |deleted_ones_40_fu_3346_p2   |       and|   0|  0|   6|           1|           1|
    |deleted_ones_41_fu_3600_p2   |       and|   0|  0|   6|           1|           1|
    |deleted_ones_42_fu_3724_p2   |       and|   0|  0|   6|           1|           1|
    |deleted_ones_43_fu_3978_p2   |       and|   0|  0|   6|           1|           1|
    |deleted_ones_44_fu_4102_p2   |       and|   0|  0|   6|           1|           1|
    |deleted_ones_45_fu_4356_p2   |       and|   0|  0|   6|           1|           1|
    |deleted_ones_46_fu_4480_p2   |       and|   0|  0|   6|           1|           1|
    |deleted_ones_47_fu_4734_p2   |       and|   0|  0|   6|           1|           1|
    |deleted_ones_48_fu_4858_p2   |       and|   0|  0|   6|           1|           1|
    |deleted_ones_49_fu_5112_p2   |       and|   0|  0|   6|           1|           1|
    |deleted_ones_50_fu_5236_p2   |       and|   0|  0|   6|           1|           1|
    |deleted_ones_51_fu_5490_p2   |       and|   0|  0|   6|           1|           1|
    |deleted_ones_52_fu_5614_p2   |       and|   0|  0|   6|           1|           1|
    |deleted_ones_53_fu_5868_p2   |       and|   0|  0|   6|           1|           1|
    |deleted_ones_54_fu_5992_p2   |       and|   0|  0|   6|           1|           1|
    |deleted_ones_55_fu_6246_p2   |       and|   0|  0|   6|           1|           1|
    |deleted_ones_56_fu_6370_p2   |       and|   0|  0|   6|           1|           1|
    |deleted_ones_57_fu_6594_p2   |       and|   0|  0|   6|           1|           1|
    |deleted_ones_58_fu_6718_p2   |       and|   0|  0|   6|           1|           1|
    |deleted_ones_59_fu_6942_p2   |       and|   0|  0|   6|           1|           1|
    |deleted_ones_60_fu_7066_p2   |       and|   0|  0|   6|           1|           1|
    |deleted_ones_61_fu_7290_p2   |       and|   0|  0|   6|           1|           1|
    |deleted_ones_62_fu_7414_p2   |       and|   0|  0|   6|           1|           1|
    |deleted_ones_fu_1736_p2      |       and|   0|  0|   6|           1|           1|
    |overflow_32_fu_1887_p2       |       and|   0|  0|   6|           1|           1|
    |overflow_33_fu_2115_p2       |       and|   0|  0|   6|           1|           1|
    |overflow_34_fu_2239_p2       |       and|   0|  0|   6|           1|           1|
    |overflow_35_fu_2493_p2       |       and|   0|  0|   6|           1|           1|
    |overflow_36_fu_2617_p2       |       and|   0|  0|   6|           1|           1|
    |overflow_37_fu_2871_p2       |       and|   0|  0|   6|           1|           1|
    |overflow_38_fu_2995_p2       |       and|   0|  0|   6|           1|           1|
    |overflow_39_fu_3249_p2       |       and|   0|  0|   6|           1|           1|
    |overflow_40_fu_3373_p2       |       and|   0|  0|   6|           1|           1|
    |overflow_41_fu_3627_p2       |       and|   0|  0|   6|           1|           1|
    |overflow_42_fu_3751_p2       |       and|   0|  0|   6|           1|           1|
    |overflow_43_fu_4005_p2       |       and|   0|  0|   6|           1|           1|
    |overflow_44_fu_4129_p2       |       and|   0|  0|   6|           1|           1|
    |overflow_45_fu_4383_p2       |       and|   0|  0|   6|           1|           1|
    |overflow_46_fu_4507_p2       |       and|   0|  0|   6|           1|           1|
    |overflow_47_fu_4761_p2       |       and|   0|  0|   6|           1|           1|
    |overflow_48_fu_4885_p2       |       and|   0|  0|   6|           1|           1|
    |overflow_49_fu_5139_p2       |       and|   0|  0|   6|           1|           1|
    |overflow_50_fu_5263_p2       |       and|   0|  0|   6|           1|           1|
    |overflow_51_fu_5517_p2       |       and|   0|  0|   6|           1|           1|
    |overflow_52_fu_5641_p2       |       and|   0|  0|   6|           1|           1|
    |overflow_53_fu_5895_p2       |       and|   0|  0|   6|           1|           1|
    |overflow_54_fu_6019_p2       |       and|   0|  0|   6|           1|           1|
    |overflow_55_fu_6273_p2       |       and|   0|  0|   6|           1|           1|
    |overflow_56_fu_6397_p2       |       and|   0|  0|   6|           1|           1|
    |overflow_57_fu_6621_p2       |       and|   0|  0|   6|           1|           1|
    |overflow_58_fu_6745_p2       |       and|   0|  0|   6|           1|           1|
    |overflow_59_fu_6969_p2       |       and|   0|  0|   6|           1|           1|
    |overflow_60_fu_7093_p2       |       and|   0|  0|   6|           1|           1|
    |overflow_61_fu_7317_p2       |       and|   0|  0|   6|           1|           1|
    |overflow_62_fu_7441_p2       |       and|   0|  0|   6|           1|           1|
    |overflow_fu_1763_p2          |       and|   0|  0|   6|           1|           1|
    |underflow_32_fu_1911_p2      |       and|   0|  0|   6|           1|           1|
    |underflow_33_fu_2139_p2      |       and|   0|  0|   6|           1|           1|
    |underflow_34_fu_2263_p2      |       and|   0|  0|   6|           1|           1|
    |underflow_35_fu_2517_p2      |       and|   0|  0|   6|           1|           1|
    |underflow_36_fu_2641_p2      |       and|   0|  0|   6|           1|           1|
    |underflow_37_fu_2895_p2      |       and|   0|  0|   6|           1|           1|
    |underflow_38_fu_3019_p2      |       and|   0|  0|   6|           1|           1|
    |underflow_39_fu_3273_p2      |       and|   0|  0|   6|           1|           1|
    |underflow_40_fu_3397_p2      |       and|   0|  0|   6|           1|           1|
    |underflow_41_fu_3651_p2      |       and|   0|  0|   6|           1|           1|
    |underflow_42_fu_3775_p2      |       and|   0|  0|   6|           1|           1|
    |underflow_43_fu_4029_p2      |       and|   0|  0|   6|           1|           1|
    |underflow_44_fu_4153_p2      |       and|   0|  0|   6|           1|           1|
    |underflow_45_fu_4407_p2      |       and|   0|  0|   6|           1|           1|
    |underflow_46_fu_4531_p2      |       and|   0|  0|   6|           1|           1|
    |underflow_47_fu_4785_p2      |       and|   0|  0|   6|           1|           1|
    |underflow_48_fu_4909_p2      |       and|   0|  0|   6|           1|           1|
    |underflow_49_fu_5163_p2      |       and|   0|  0|   6|           1|           1|
    |underflow_50_fu_5287_p2      |       and|   0|  0|   6|           1|           1|
    |underflow_51_fu_5541_p2      |       and|   0|  0|   6|           1|           1|
    |underflow_52_fu_5665_p2      |       and|   0|  0|   6|           1|           1|
    |underflow_53_fu_5919_p2      |       and|   0|  0|   6|           1|           1|
    |underflow_54_fu_6043_p2      |       and|   0|  0|   6|           1|           1|
    |underflow_55_fu_6297_p2      |       and|   0|  0|   6|           1|           1|
    |underflow_56_fu_6421_p2      |       and|   0|  0|   6|           1|           1|
    |underflow_57_fu_6645_p2      |       and|   0|  0|   6|           1|           1|
    |underflow_58_fu_6769_p2      |       and|   0|  0|   6|           1|           1|
    |underflow_59_fu_6993_p2      |       and|   0|  0|   6|           1|           1|
    |underflow_60_fu_7117_p2      |       and|   0|  0|   6|           1|           1|
    |underflow_61_fu_7341_p2      |       and|   0|  0|   6|           1|           1|
    |underflow_62_fu_7465_p2      |       and|   0|  0|   6|           1|           1|
    |underflow_fu_1787_p2         |       and|   0|  0|   6|           1|           1|
    |or_ln346_10_fu_3656_p2       |        or|   0|  0|   6|           1|           1|
    |or_ln346_11_fu_3780_p2       |        or|   0|  0|   6|           1|           1|
    |or_ln346_12_fu_4034_p2       |        or|   0|  0|   6|           1|           1|
    |or_ln346_13_fu_4158_p2       |        or|   0|  0|   6|           1|           1|
    |or_ln346_14_fu_4412_p2       |        or|   0|  0|   6|           1|           1|
    |or_ln346_15_fu_4536_p2       |        or|   0|  0|   6|           1|           1|
    |or_ln346_16_fu_4790_p2       |        or|   0|  0|   6|           1|           1|
    |or_ln346_17_fu_4914_p2       |        or|   0|  0|   6|           1|           1|
    |or_ln346_18_fu_5168_p2       |        or|   0|  0|   6|           1|           1|
    |or_ln346_19_fu_5292_p2       |        or|   0|  0|   6|           1|           1|
    |or_ln346_1_fu_1916_p2        |        or|   0|  0|   6|           1|           1|
    |or_ln346_20_fu_5546_p2       |        or|   0|  0|   6|           1|           1|
    |or_ln346_21_fu_5670_p2       |        or|   0|  0|   6|           1|           1|
    |or_ln346_22_fu_5924_p2       |        or|   0|  0|   6|           1|           1|
    |or_ln346_23_fu_6048_p2       |        or|   0|  0|   6|           1|           1|
    |or_ln346_24_fu_6302_p2       |        or|   0|  0|   6|           1|           1|
    |or_ln346_25_fu_6426_p2       |        or|   0|  0|   6|           1|           1|
    |or_ln346_26_fu_6650_p2       |        or|   0|  0|   6|           1|           1|
    |or_ln346_27_fu_6774_p2       |        or|   0|  0|   6|           1|           1|
    |or_ln346_28_fu_6998_p2       |        or|   0|  0|   6|           1|           1|
    |or_ln346_29_fu_7122_p2       |        or|   0|  0|   6|           1|           1|
    |or_ln346_2_fu_2144_p2        |        or|   0|  0|   6|           1|           1|
    |or_ln346_30_fu_7346_p2       |        or|   0|  0|   6|           1|           1|
    |or_ln346_31_fu_7470_p2       |        or|   0|  0|   6|           1|           1|
    |or_ln346_3_fu_2268_p2        |        or|   0|  0|   6|           1|           1|
    |or_ln346_4_fu_2522_p2        |        or|   0|  0|   6|           1|           1|
    |or_ln346_5_fu_2646_p2        |        or|   0|  0|   6|           1|           1|
    |or_ln346_6_fu_2900_p2        |        or|   0|  0|   6|           1|           1|
    |or_ln346_7_fu_3024_p2        |        or|   0|  0|   6|           1|           1|
    |or_ln346_8_fu_3278_p2        |        or|   0|  0|   6|           1|           1|
    |or_ln346_9_fu_3402_p2        |        or|   0|  0|   6|           1|           1|
    |or_ln346_fu_1792_p2          |        or|   0|  0|   6|           1|           1|
    |or_ln888_10_fu_3570_p2       |        or|   0|  0|   6|           1|           1|
    |or_ln888_11_fu_3694_p2       |        or|   0|  0|   6|           1|           1|
    |or_ln888_12_fu_3948_p2       |        or|   0|  0|   6|           1|           1|
    |or_ln888_13_fu_4072_p2       |        or|   0|  0|   6|           1|           1|
    |or_ln888_14_fu_4326_p2       |        or|   0|  0|   6|           1|           1|
    |or_ln888_15_fu_4450_p2       |        or|   0|  0|   6|           1|           1|
    |or_ln888_16_fu_4704_p2       |        or|   0|  0|   6|           1|           1|
    |or_ln888_17_fu_4828_p2       |        or|   0|  0|   6|           1|           1|
    |or_ln888_18_fu_5082_p2       |        or|   0|  0|   6|           1|           1|
    |or_ln888_19_fu_5206_p2       |        or|   0|  0|   6|           1|           1|
    |or_ln888_1_fu_1830_p2        |        or|   0|  0|   6|           1|           1|
    |or_ln888_20_fu_5460_p2       |        or|   0|  0|   6|           1|           1|
    |or_ln888_21_fu_5584_p2       |        or|   0|  0|   6|           1|           1|
    |or_ln888_22_fu_5838_p2       |        or|   0|  0|   6|           1|           1|
    |or_ln888_23_fu_5962_p2       |        or|   0|  0|   6|           1|           1|
    |or_ln888_24_fu_6216_p2       |        or|   0|  0|   6|           1|           1|
    |or_ln888_25_fu_6340_p2       |        or|   0|  0|   6|           1|           1|
    |or_ln888_26_fu_6564_p2       |        or|   0|  0|   6|           1|           1|
    |or_ln888_27_fu_6688_p2       |        or|   0|  0|   6|           1|           1|
    |or_ln888_28_fu_6912_p2       |        or|   0|  0|   6|           1|           1|
    |or_ln888_29_fu_7036_p2       |        or|   0|  0|   6|           1|           1|
    |or_ln888_2_fu_2058_p2        |        or|   0|  0|   6|           1|           1|
    |or_ln888_30_fu_7260_p2       |        or|   0|  0|   6|           1|           1|
    |or_ln888_31_fu_7384_p2       |        or|   0|  0|   6|           1|           1|
    |or_ln888_3_fu_2182_p2        |        or|   0|  0|   6|           1|           1|
    |or_ln888_4_fu_2436_p2        |        or|   0|  0|   6|           1|           1|
    |or_ln888_5_fu_2560_p2        |        or|   0|  0|   6|           1|           1|
    |or_ln888_6_fu_2814_p2        |        or|   0|  0|   6|           1|           1|
    |or_ln888_7_fu_2938_p2        |        or|   0|  0|   6|           1|           1|
    |or_ln888_8_fu_3192_p2        |        or|   0|  0|   6|           1|           1|
    |or_ln888_9_fu_3316_p2        |        or|   0|  0|   6|           1|           1|
    |or_ln888_fu_1706_p2          |        or|   0|  0|   6|           1|           1|
    |or_ln890_10_fu_3594_p2       |        or|   0|  0|   6|           1|           1|
    |or_ln890_11_fu_3718_p2       |        or|   0|  0|   6|           1|           1|
    |or_ln890_12_fu_3972_p2       |        or|   0|  0|   6|           1|           1|
    |or_ln890_13_fu_4096_p2       |        or|   0|  0|   6|           1|           1|
    |or_ln890_14_fu_4350_p2       |        or|   0|  0|   6|           1|           1|
    |or_ln890_15_fu_4474_p2       |        or|   0|  0|   6|           1|           1|
    |or_ln890_16_fu_4728_p2       |        or|   0|  0|   6|           1|           1|
    |or_ln890_17_fu_4852_p2       |        or|   0|  0|   6|           1|           1|
    |or_ln890_18_fu_5106_p2       |        or|   0|  0|   6|           1|           1|
    |or_ln890_19_fu_5230_p2       |        or|   0|  0|   6|           1|           1|
    |or_ln890_1_fu_1854_p2        |        or|   0|  0|   6|           1|           1|
    |or_ln890_20_fu_5484_p2       |        or|   0|  0|   6|           1|           1|
    |or_ln890_21_fu_5608_p2       |        or|   0|  0|   6|           1|           1|
    |or_ln890_22_fu_5862_p2       |        or|   0|  0|   6|           1|           1|
    |or_ln890_23_fu_5986_p2       |        or|   0|  0|   6|           1|           1|
    |or_ln890_24_fu_6240_p2       |        or|   0|  0|   6|           1|           1|
    |or_ln890_25_fu_6364_p2       |        or|   0|  0|   6|           1|           1|
    |or_ln890_26_fu_6588_p2       |        or|   0|  0|   6|           1|           1|
    |or_ln890_27_fu_6712_p2       |        or|   0|  0|   6|           1|           1|
    |or_ln890_28_fu_6936_p2       |        or|   0|  0|   6|           1|           1|
    |or_ln890_29_fu_7060_p2       |        or|   0|  0|   6|           1|           1|
    |or_ln890_2_fu_2082_p2        |        or|   0|  0|   6|           1|           1|
    |or_ln890_30_fu_7284_p2       |        or|   0|  0|   6|           1|           1|
    |or_ln890_31_fu_7408_p2       |        or|   0|  0|   6|           1|           1|
    |or_ln890_3_fu_2206_p2        |        or|   0|  0|   6|           1|           1|
    |or_ln890_4_fu_2460_p2        |        or|   0|  0|   6|           1|           1|
    |or_ln890_5_fu_2584_p2        |        or|   0|  0|   6|           1|           1|
    |or_ln890_6_fu_2838_p2        |        or|   0|  0|   6|           1|           1|
    |or_ln890_7_fu_2962_p2        |        or|   0|  0|   6|           1|           1|
    |or_ln890_8_fu_3216_p2        |        or|   0|  0|   6|           1|           1|
    |or_ln890_9_fu_3340_p2        |        or|   0|  0|   6|           1|           1|
    |or_ln890_fu_1730_p2          |        or|   0|  0|   6|           1|           1|
    |or_ln895_10_fu_3616_p2       |        or|   0|  0|   6|           1|           1|
    |or_ln895_11_fu_3740_p2       |        or|   0|  0|   6|           1|           1|
    |or_ln895_12_fu_3994_p2       |        or|   0|  0|   6|           1|           1|
    |or_ln895_13_fu_4118_p2       |        or|   0|  0|   6|           1|           1|
    |or_ln895_14_fu_4372_p2       |        or|   0|  0|   6|           1|           1|
    |or_ln895_15_fu_4496_p2       |        or|   0|  0|   6|           1|           1|
    |or_ln895_16_fu_4750_p2       |        or|   0|  0|   6|           1|           1|
    |or_ln895_17_fu_4874_p2       |        or|   0|  0|   6|           1|           1|
    |or_ln895_18_fu_5128_p2       |        or|   0|  0|   6|           1|           1|
    |or_ln895_19_fu_5252_p2       |        or|   0|  0|   6|           1|           1|
    |or_ln895_1_fu_1876_p2        |        or|   0|  0|   6|           1|           1|
    |or_ln895_20_fu_5506_p2       |        or|   0|  0|   6|           1|           1|
    |or_ln895_21_fu_5630_p2       |        or|   0|  0|   6|           1|           1|
    |or_ln895_22_fu_5884_p2       |        or|   0|  0|   6|           1|           1|
    |or_ln895_23_fu_6008_p2       |        or|   0|  0|   6|           1|           1|
    |or_ln895_24_fu_6262_p2       |        or|   0|  0|   6|           1|           1|
    |or_ln895_25_fu_6386_p2       |        or|   0|  0|   6|           1|           1|
    |or_ln895_26_fu_6610_p2       |        or|   0|  0|   6|           1|           1|
    |or_ln895_27_fu_6734_p2       |        or|   0|  0|   6|           1|           1|
    |or_ln895_28_fu_6958_p2       |        or|   0|  0|   6|           1|           1|
    |or_ln895_29_fu_7082_p2       |        or|   0|  0|   6|           1|           1|
    |or_ln895_2_fu_2104_p2        |        or|   0|  0|   6|           1|           1|
    |or_ln895_30_fu_7306_p2       |        or|   0|  0|   6|           1|           1|
    |or_ln895_31_fu_7430_p2       |        or|   0|  0|   6|           1|           1|
    |or_ln895_3_fu_2228_p2        |        or|   0|  0|   6|           1|           1|
    |or_ln895_4_fu_2482_p2        |        or|   0|  0|   6|           1|           1|
    |or_ln895_5_fu_2606_p2        |        or|   0|  0|   6|           1|           1|
    |or_ln895_6_fu_2860_p2        |        or|   0|  0|   6|           1|           1|
    |or_ln895_7_fu_2984_p2        |        or|   0|  0|   6|           1|           1|
    |or_ln895_8_fu_3238_p2        |        or|   0|  0|   6|           1|           1|
    |or_ln895_9_fu_3362_p2        |        or|   0|  0|   6|           1|           1|
    |or_ln895_fu_1752_p2          |        or|   0|  0|   6|           1|           1|
    |or_ln896_10_fu_3639_p2       |        or|   0|  0|   6|           1|           1|
    |or_ln896_11_fu_3763_p2       |        or|   0|  0|   6|           1|           1|
    |or_ln896_12_fu_4017_p2       |        or|   0|  0|   6|           1|           1|
    |or_ln896_13_fu_4141_p2       |        or|   0|  0|   6|           1|           1|
    |or_ln896_14_fu_4395_p2       |        or|   0|  0|   6|           1|           1|
    |or_ln896_15_fu_4519_p2       |        or|   0|  0|   6|           1|           1|
    |or_ln896_16_fu_4773_p2       |        or|   0|  0|   6|           1|           1|
    |or_ln896_17_fu_4897_p2       |        or|   0|  0|   6|           1|           1|
    |or_ln896_18_fu_5151_p2       |        or|   0|  0|   6|           1|           1|
    |or_ln896_19_fu_5275_p2       |        or|   0|  0|   6|           1|           1|
    |or_ln896_1_fu_1899_p2        |        or|   0|  0|   6|           1|           1|
    |or_ln896_20_fu_5529_p2       |        or|   0|  0|   6|           1|           1|
    |or_ln896_21_fu_5653_p2       |        or|   0|  0|   6|           1|           1|
    |or_ln896_22_fu_5907_p2       |        or|   0|  0|   6|           1|           1|
    |or_ln896_23_fu_6031_p2       |        or|   0|  0|   6|           1|           1|
    |or_ln896_24_fu_6285_p2       |        or|   0|  0|   6|           1|           1|
    |or_ln896_25_fu_6409_p2       |        or|   0|  0|   6|           1|           1|
    |or_ln896_26_fu_6633_p2       |        or|   0|  0|   6|           1|           1|
    |or_ln896_27_fu_6757_p2       |        or|   0|  0|   6|           1|           1|
    |or_ln896_28_fu_6981_p2       |        or|   0|  0|   6|           1|           1|
    |or_ln896_29_fu_7105_p2       |        or|   0|  0|   6|           1|           1|
    |or_ln896_2_fu_2127_p2        |        or|   0|  0|   6|           1|           1|
    |or_ln896_30_fu_7329_p2       |        or|   0|  0|   6|           1|           1|
    |or_ln896_31_fu_7453_p2       |        or|   0|  0|   6|           1|           1|
    |or_ln896_3_fu_2251_p2        |        or|   0|  0|   6|           1|           1|
    |or_ln896_4_fu_2505_p2        |        or|   0|  0|   6|           1|           1|
    |or_ln896_5_fu_2629_p2        |        or|   0|  0|   6|           1|           1|
    |or_ln896_6_fu_2883_p2        |        or|   0|  0|   6|           1|           1|
    |or_ln896_7_fu_3007_p2        |        or|   0|  0|   6|           1|           1|
    |or_ln896_8_fu_3261_p2        |        or|   0|  0|   6|           1|           1|
    |or_ln896_9_fu_3385_p2        |        or|   0|  0|   6|           1|           1|
    |or_ln896_fu_1775_p2          |        or|   0|  0|   6|           1|           1|
    |select_ln346_10_fu_3141_p3   |    select|   0|  0|   8|           1|           8|
    |select_ln346_11_fu_3147_p3   |    select|   0|  0|   9|           1|           7|
    |select_ln346_12_fu_3154_p3   |    select|   0|  0|   8|           1|           8|
    |select_ln346_13_fu_3512_p3   |    select|   0|  0|   9|           1|           7|
    |select_ln346_14_fu_3519_p3   |    select|   0|  0|   8|           1|           8|
    |select_ln346_15_fu_3525_p3   |    select|   0|  0|   9|           1|           7|
    |select_ln346_16_fu_3532_p3   |    select|   0|  0|   8|           1|           8|
    |select_ln346_17_fu_3890_p3   |    select|   0|  0|   9|           1|           7|
    |select_ln346_18_fu_3897_p3   |    select|   0|  0|   8|           1|           8|
    |select_ln346_19_fu_3903_p3   |    select|   0|  0|   9|           1|           7|
    |select_ln346_20_fu_3910_p3   |    select|   0|  0|   8|           1|           8|
    |select_ln346_21_fu_4268_p3   |    select|   0|  0|   9|           1|           7|
    |select_ln346_22_fu_4275_p3   |    select|   0|  0|   8|           1|           8|
    |select_ln346_23_fu_4281_p3   |    select|   0|  0|   9|           1|           7|
    |select_ln346_24_fu_4288_p3   |    select|   0|  0|   8|           1|           8|
    |select_ln346_25_fu_4646_p3   |    select|   0|  0|   9|           1|           7|
    |select_ln346_26_fu_4653_p3   |    select|   0|  0|   8|           1|           8|
    |select_ln346_27_fu_4659_p3   |    select|   0|  0|   9|           1|           7|
    |select_ln346_28_fu_4666_p3   |    select|   0|  0|   8|           1|           8|
    |select_ln346_29_fu_5024_p3   |    select|   0|  0|   9|           1|           7|
    |select_ln346_2_fu_2385_p3    |    select|   0|  0|   8|           1|           8|
    |select_ln346_30_fu_5031_p3   |    select|   0|  0|   8|           1|           8|
    |select_ln346_31_fu_5037_p3   |    select|   0|  0|   9|           1|           7|
    |select_ln346_32_fu_5044_p3   |    select|   0|  0|   8|           1|           8|
    |select_ln346_33_fu_5402_p3   |    select|   0|  0|   9|           1|           7|
    |select_ln346_34_fu_5409_p3   |    select|   0|  0|   8|           1|           8|
    |select_ln346_35_fu_5415_p3   |    select|   0|  0|   9|           1|           7|
    |select_ln346_36_fu_5422_p3   |    select|   0|  0|   8|           1|           8|
    |select_ln346_37_fu_5780_p3   |    select|   0|  0|   9|           1|           7|
    |select_ln346_38_fu_5787_p3   |    select|   0|  0|   8|           1|           8|
    |select_ln346_39_fu_5793_p3   |    select|   0|  0|   9|           1|           7|
    |select_ln346_3_fu_2391_p3    |    select|   0|  0|   9|           1|           7|
    |select_ln346_40_fu_5800_p3   |    select|   0|  0|   8|           1|           8|
    |select_ln346_41_fu_6158_p3   |    select|   0|  0|   9|           1|           7|
    |select_ln346_42_fu_6165_p3   |    select|   0|  0|   8|           1|           8|
    |select_ln346_43_fu_6171_p3   |    select|   0|  0|   9|           1|           7|
    |select_ln346_44_fu_6178_p3   |    select|   0|  0|   8|           1|           8|
    |select_ln346_45_fu_6506_p3   |    select|   0|  0|   9|           1|           7|
    |select_ln346_46_fu_6513_p3   |    select|   0|  0|   8|           1|           8|
    |select_ln346_47_fu_6519_p3   |    select|   0|  0|   9|           1|           7|
    |select_ln346_48_fu_6526_p3   |    select|   0|  0|   8|           1|           8|
    |select_ln346_49_fu_6854_p3   |    select|   0|  0|   9|           1|           7|
    |select_ln346_4_fu_2398_p3    |    select|   0|  0|   8|           1|           8|
    |select_ln346_50_fu_6861_p3   |    select|   0|  0|   8|           1|           8|
    |select_ln346_51_fu_6867_p3   |    select|   0|  0|   9|           1|           7|
    |select_ln346_52_fu_6874_p3   |    select|   0|  0|   8|           1|           8|
    |select_ln346_53_fu_7202_p3   |    select|   0|  0|   9|           1|           7|
    |select_ln346_54_fu_7209_p3   |    select|   0|  0|   8|           1|           8|
    |select_ln346_55_fu_7215_p3   |    select|   0|  0|   9|           1|           7|
    |select_ln346_56_fu_7222_p3   |    select|   0|  0|   8|           1|           8|
    |select_ln346_57_fu_7476_p3   |    select|   0|  0|   9|           1|           7|
    |select_ln346_58_fu_7483_p3   |    select|   0|  0|   8|           1|           8|
    |select_ln346_59_fu_7489_p3   |    select|   0|  0|   9|           1|           7|
    |select_ln346_5_fu_2756_p3    |    select|   0|  0|   9|           1|           7|
    |select_ln346_60_fu_7496_p3   |    select|   0|  0|   8|           1|           8|
    |select_ln346_61_fu_7742_p3   |    select|   0|  0|   9|           1|           7|
    |select_ln346_62_fu_7749_p3   |    select|   0|  0|   8|           1|           8|
    |select_ln346_63_fu_7764_p3   |    select|   0|  0|   9|           1|           7|
    |select_ln346_64_fu_7771_p3   |    select|   0|  0|   8|           1|           8|
    |select_ln346_6_fu_2763_p3    |    select|   0|  0|   8|           1|           8|
    |select_ln346_7_fu_2769_p3    |    select|   0|  0|   9|           1|           7|
    |select_ln346_8_fu_2776_p3    |    select|   0|  0|   8|           1|           8|
    |select_ln346_9_fu_3134_p3    |    select|   0|  0|   9|           1|           7|
    |select_ln346_fu_2378_p3      |    select|   0|  0|   9|           1|           7|
    |deleted_zeros_32_fu_1836_p2  |       xor|   0|  0|   6|           1|           1|
    |deleted_zeros_33_fu_2064_p2  |       xor|   0|  0|   6|           1|           1|
    |deleted_zeros_34_fu_2188_p2  |       xor|   0|  0|   6|           1|           1|
    |deleted_zeros_35_fu_2442_p2  |       xor|   0|  0|   6|           1|           1|
    |deleted_zeros_36_fu_2566_p2  |       xor|   0|  0|   6|           1|           1|
    |deleted_zeros_37_fu_2820_p2  |       xor|   0|  0|   6|           1|           1|
    |deleted_zeros_38_fu_2944_p2  |       xor|   0|  0|   6|           1|           1|
    |deleted_zeros_39_fu_3198_p2  |       xor|   0|  0|   6|           1|           1|
    |deleted_zeros_40_fu_3322_p2  |       xor|   0|  0|   6|           1|           1|
    |deleted_zeros_41_fu_3576_p2  |       xor|   0|  0|   6|           1|           1|
    |deleted_zeros_42_fu_3700_p2  |       xor|   0|  0|   6|           1|           1|
    |deleted_zeros_43_fu_3954_p2  |       xor|   0|  0|   6|           1|           1|
    |deleted_zeros_44_fu_4078_p2  |       xor|   0|  0|   6|           1|           1|
    |deleted_zeros_45_fu_4332_p2  |       xor|   0|  0|   6|           1|           1|
    |deleted_zeros_46_fu_4456_p2  |       xor|   0|  0|   6|           1|           1|
    |deleted_zeros_47_fu_4710_p2  |       xor|   0|  0|   6|           1|           1|
    |deleted_zeros_48_fu_4834_p2  |       xor|   0|  0|   6|           1|           1|
    |deleted_zeros_49_fu_5088_p2  |       xor|   0|  0|   6|           1|           1|
    |deleted_zeros_50_fu_5212_p2  |       xor|   0|  0|   6|           1|           1|
    |deleted_zeros_51_fu_5466_p2  |       xor|   0|  0|   6|           1|           1|
    |deleted_zeros_52_fu_5590_p2  |       xor|   0|  0|   6|           1|           1|
    |deleted_zeros_53_fu_5844_p2  |       xor|   0|  0|   6|           1|           1|
    |deleted_zeros_54_fu_5968_p2  |       xor|   0|  0|   6|           1|           1|
    |deleted_zeros_55_fu_6222_p2  |       xor|   0|  0|   6|           1|           1|
    |deleted_zeros_56_fu_6346_p2  |       xor|   0|  0|   6|           1|           1|
    |deleted_zeros_57_fu_6570_p2  |       xor|   0|  0|   6|           1|           1|
    |deleted_zeros_58_fu_6694_p2  |       xor|   0|  0|   6|           1|           1|
    |deleted_zeros_59_fu_6918_p2  |       xor|   0|  0|   6|           1|           1|
    |deleted_zeros_60_fu_7042_p2  |       xor|   0|  0|   6|           1|           1|
    |deleted_zeros_61_fu_7266_p2  |       xor|   0|  0|   6|           1|           1|
    |deleted_zeros_62_fu_7390_p2  |       xor|   0|  0|   6|           1|           1|
    |deleted_zeros_fu_1712_p2     |       xor|   0|  0|   6|           1|           1|
    |xor_ln888_10_fu_2555_p2      |       xor|   0|  0|   6|           1|           2|
    |xor_ln888_12_fu_2809_p2      |       xor|   0|  0|   6|           1|           2|
    |xor_ln888_14_fu_2933_p2      |       xor|   0|  0|   6|           1|           2|
    |xor_ln888_16_fu_3187_p2      |       xor|   0|  0|   6|           1|           2|
    |xor_ln888_18_fu_3311_p2      |       xor|   0|  0|   6|           1|           2|
    |xor_ln888_20_fu_3565_p2      |       xor|   0|  0|   6|           1|           2|
    |xor_ln888_22_fu_3689_p2      |       xor|   0|  0|   6|           1|           2|
    |xor_ln888_24_fu_3943_p2      |       xor|   0|  0|   6|           1|           2|
    |xor_ln888_26_fu_4067_p2      |       xor|   0|  0|   6|           1|           2|
    |xor_ln888_28_fu_4321_p2      |       xor|   0|  0|   6|           1|           2|
    |xor_ln888_2_fu_1825_p2       |       xor|   0|  0|   6|           1|           2|
    |xor_ln888_30_fu_4445_p2      |       xor|   0|  0|   6|           1|           2|
    |xor_ln888_32_fu_4699_p2      |       xor|   0|  0|   6|           1|           2|
    |xor_ln888_34_fu_4823_p2      |       xor|   0|  0|   6|           1|           2|
    |xor_ln888_36_fu_5077_p2      |       xor|   0|  0|   6|           1|           2|
    |xor_ln888_38_fu_5201_p2      |       xor|   0|  0|   6|           1|           2|
    |xor_ln888_40_fu_5455_p2      |       xor|   0|  0|   6|           1|           2|
    |xor_ln888_42_fu_5579_p2      |       xor|   0|  0|   6|           1|           2|
    |xor_ln888_44_fu_5833_p2      |       xor|   0|  0|   6|           1|           2|
    |xor_ln888_46_fu_5957_p2      |       xor|   0|  0|   6|           1|           2|
    |xor_ln888_48_fu_6211_p2      |       xor|   0|  0|   6|           1|           2|
    |xor_ln888_4_fu_2053_p2       |       xor|   0|  0|   6|           1|           2|
    |xor_ln888_50_fu_6335_p2      |       xor|   0|  0|   6|           1|           2|
    |xor_ln888_52_fu_6559_p2      |       xor|   0|  0|   6|           1|           2|
    |xor_ln888_54_fu_6683_p2      |       xor|   0|  0|   6|           1|           2|
    |xor_ln888_56_fu_6907_p2      |       xor|   0|  0|   6|           1|           2|
    |xor_ln888_58_fu_7031_p2      |       xor|   0|  0|   6|           1|           2|
    |xor_ln888_60_fu_7255_p2      |       xor|   0|  0|   6|           1|           2|
    |xor_ln888_62_fu_7379_p2      |       xor|   0|  0|   6|           1|           2|
    |xor_ln888_6_fu_2177_p2       |       xor|   0|  0|   6|           1|           2|
    |xor_ln888_8_fu_2431_p2       |       xor|   0|  0|   6|           1|           2|
    |xor_ln888_fu_1701_p2         |       xor|   0|  0|   6|           1|           2|
    |xor_ln890_10_fu_3210_p2      |       xor|   0|  0|   6|           1|           2|
    |xor_ln890_11_fu_3334_p2      |       xor|   0|  0|   6|           1|           2|
    |xor_ln890_12_fu_3588_p2      |       xor|   0|  0|   6|           1|           2|
    |xor_ln890_13_fu_3712_p2      |       xor|   0|  0|   6|           1|           2|
    |xor_ln890_14_fu_3966_p2      |       xor|   0|  0|   6|           1|           2|
    |xor_ln890_15_fu_4090_p2      |       xor|   0|  0|   6|           1|           2|
    |xor_ln890_16_fu_4344_p2      |       xor|   0|  0|   6|           1|           2|
    |xor_ln890_17_fu_4468_p2      |       xor|   0|  0|   6|           1|           2|
    |xor_ln890_18_fu_4722_p2      |       xor|   0|  0|   6|           1|           2|
    |xor_ln890_19_fu_4846_p2      |       xor|   0|  0|   6|           1|           2|
    |xor_ln890_20_fu_5100_p2      |       xor|   0|  0|   6|           1|           2|
    |xor_ln890_21_fu_5224_p2      |       xor|   0|  0|   6|           1|           2|
    |xor_ln890_22_fu_5478_p2      |       xor|   0|  0|   6|           1|           2|
    |xor_ln890_23_fu_5602_p2      |       xor|   0|  0|   6|           1|           2|
    |xor_ln890_24_fu_5856_p2      |       xor|   0|  0|   6|           1|           2|
    |xor_ln890_25_fu_5980_p2      |       xor|   0|  0|   6|           1|           2|
    |xor_ln890_26_fu_6234_p2      |       xor|   0|  0|   6|           1|           2|
    |xor_ln890_27_fu_6358_p2      |       xor|   0|  0|   6|           1|           2|
    |xor_ln890_28_fu_6582_p2      |       xor|   0|  0|   6|           1|           2|
    |xor_ln890_29_fu_6706_p2      |       xor|   0|  0|   6|           1|           2|
    |xor_ln890_30_fu_6930_p2      |       xor|   0|  0|   6|           1|           2|
    |xor_ln890_31_fu_7054_p2      |       xor|   0|  0|   6|           1|           2|
    |xor_ln890_32_fu_7278_p2      |       xor|   0|  0|   6|           1|           2|
    |xor_ln890_33_fu_7402_p2      |       xor|   0|  0|   6|           1|           2|
    |xor_ln890_3_fu_1848_p2       |       xor|   0|  0|   6|           1|           2|
    |xor_ln890_4_fu_2076_p2       |       xor|   0|  0|   6|           1|           2|
    |xor_ln890_5_fu_2200_p2       |       xor|   0|  0|   6|           1|           2|
    |xor_ln890_6_fu_2454_p2       |       xor|   0|  0|   6|           1|           2|
    |xor_ln890_7_fu_2578_p2       |       xor|   0|  0|   6|           1|           2|
    |xor_ln890_8_fu_2832_p2       |       xor|   0|  0|   6|           1|           2|
    |xor_ln890_9_fu_2956_p2       |       xor|   0|  0|   6|           1|           2|
    |xor_ln890_fu_1724_p2         |       xor|   0|  0|   6|           1|           2|
    |xor_ln895_10_fu_2488_p2      |       xor|   0|  0|   6|           1|           2|
    |xor_ln895_11_fu_2600_p2      |       xor|   0|  0|   6|           1|           2|
    |xor_ln895_12_fu_2612_p2      |       xor|   0|  0|   6|           1|           2|
    |xor_ln895_13_fu_2854_p2      |       xor|   0|  0|   6|           1|           2|
    |xor_ln895_14_fu_2866_p2      |       xor|   0|  0|   6|           1|           2|
    |xor_ln895_15_fu_2978_p2      |       xor|   0|  0|   6|           1|           2|
    |xor_ln895_16_fu_2990_p2      |       xor|   0|  0|   6|           1|           2|
    |xor_ln895_17_fu_3232_p2      |       xor|   0|  0|   6|           1|           2|
    |xor_ln895_18_fu_3244_p2      |       xor|   0|  0|   6|           1|           2|
    |xor_ln895_19_fu_3356_p2      |       xor|   0|  0|   6|           1|           2|
    |xor_ln895_20_fu_3368_p2      |       xor|   0|  0|   6|           1|           2|
    |xor_ln895_21_fu_3610_p2      |       xor|   0|  0|   6|           1|           2|
    |xor_ln895_22_fu_3622_p2      |       xor|   0|  0|   6|           1|           2|
    |xor_ln895_23_fu_3734_p2      |       xor|   0|  0|   6|           1|           2|
    |xor_ln895_24_fu_3746_p2      |       xor|   0|  0|   6|           1|           2|
    |xor_ln895_25_fu_3988_p2      |       xor|   0|  0|   6|           1|           2|
    |xor_ln895_26_fu_4000_p2      |       xor|   0|  0|   6|           1|           2|
    |xor_ln895_27_fu_4112_p2      |       xor|   0|  0|   6|           1|           2|
    |xor_ln895_28_fu_4124_p2      |       xor|   0|  0|   6|           1|           2|
    |xor_ln895_29_fu_4366_p2      |       xor|   0|  0|   6|           1|           2|
    |xor_ln895_2_fu_1758_p2       |       xor|   0|  0|   6|           1|           2|
    |xor_ln895_30_fu_4378_p2      |       xor|   0|  0|   6|           1|           2|
    |xor_ln895_31_fu_4490_p2      |       xor|   0|  0|   6|           1|           2|
    |xor_ln895_32_fu_4502_p2      |       xor|   0|  0|   6|           1|           2|
    |xor_ln895_33_fu_4744_p2      |       xor|   0|  0|   6|           1|           2|
    |xor_ln895_34_fu_4756_p2      |       xor|   0|  0|   6|           1|           2|
    |xor_ln895_35_fu_4868_p2      |       xor|   0|  0|   6|           1|           2|
    |xor_ln895_36_fu_4880_p2      |       xor|   0|  0|   6|           1|           2|
    |xor_ln895_37_fu_5122_p2      |       xor|   0|  0|   6|           1|           2|
    |xor_ln895_38_fu_5134_p2      |       xor|   0|  0|   6|           1|           2|
    |xor_ln895_39_fu_5246_p2      |       xor|   0|  0|   6|           1|           2|
    |xor_ln895_3_fu_1870_p2       |       xor|   0|  0|   6|           1|           2|
    |xor_ln895_40_fu_5258_p2      |       xor|   0|  0|   6|           1|           2|
    |xor_ln895_41_fu_5500_p2      |       xor|   0|  0|   6|           1|           2|
    |xor_ln895_42_fu_5512_p2      |       xor|   0|  0|   6|           1|           2|
    |xor_ln895_43_fu_5624_p2      |       xor|   0|  0|   6|           1|           2|
    |xor_ln895_44_fu_5636_p2      |       xor|   0|  0|   6|           1|           2|
    |xor_ln895_45_fu_5878_p2      |       xor|   0|  0|   6|           1|           2|
    |xor_ln895_46_fu_5890_p2      |       xor|   0|  0|   6|           1|           2|
    |xor_ln895_47_fu_6002_p2      |       xor|   0|  0|   6|           1|           2|
    |xor_ln895_48_fu_6014_p2      |       xor|   0|  0|   6|           1|           2|
    |xor_ln895_49_fu_6256_p2      |       xor|   0|  0|   6|           1|           2|
    |xor_ln895_4_fu_1882_p2       |       xor|   0|  0|   6|           1|           2|
    |xor_ln895_50_fu_6268_p2      |       xor|   0|  0|   6|           1|           2|
    |xor_ln895_51_fu_6380_p2      |       xor|   0|  0|   6|           1|           2|
    |xor_ln895_52_fu_6392_p2      |       xor|   0|  0|   6|           1|           2|
    |xor_ln895_53_fu_6604_p2      |       xor|   0|  0|   6|           1|           2|
    |xor_ln895_54_fu_6616_p2      |       xor|   0|  0|   6|           1|           2|
    |xor_ln895_55_fu_6728_p2      |       xor|   0|  0|   6|           1|           2|
    |xor_ln895_56_fu_6740_p2      |       xor|   0|  0|   6|           1|           2|
    |xor_ln895_57_fu_6952_p2      |       xor|   0|  0|   6|           1|           2|
    |xor_ln895_58_fu_6964_p2      |       xor|   0|  0|   6|           1|           2|
    |xor_ln895_59_fu_7076_p2      |       xor|   0|  0|   6|           1|           2|
    |xor_ln895_5_fu_2098_p2       |       xor|   0|  0|   6|           1|           2|
    |xor_ln895_60_fu_7088_p2      |       xor|   0|  0|   6|           1|           2|
    |xor_ln895_61_fu_7300_p2      |       xor|   0|  0|   6|           1|           2|
    |xor_ln895_62_fu_7312_p2      |       xor|   0|  0|   6|           1|           2|
    |xor_ln895_63_fu_7424_p2      |       xor|   0|  0|   6|           1|           2|
    |xor_ln895_64_fu_7436_p2      |       xor|   0|  0|   6|           1|           2|
    |xor_ln895_6_fu_2110_p2       |       xor|   0|  0|   6|           1|           2|
    |xor_ln895_7_fu_2222_p2       |       xor|   0|  0|   6|           1|           2|
    |xor_ln895_8_fu_2234_p2       |       xor|   0|  0|   6|           1|           2|
    |xor_ln895_9_fu_2476_p2       |       xor|   0|  0|   6|           1|           2|
    |xor_ln895_fu_1746_p2         |       xor|   0|  0|   6|           1|           2|
    |xor_ln896_10_fu_2499_p2      |       xor|   0|  0|   6|           1|           2|
    |xor_ln896_11_fu_2544_p2      |       xor|   0|  0|   6|           1|           2|
    |xor_ln896_12_fu_2623_p2      |       xor|   0|  0|   6|           1|           2|
    |xor_ln896_13_fu_2798_p2      |       xor|   0|  0|   6|           1|           2|
    |xor_ln896_14_fu_2877_p2      |       xor|   0|  0|   6|           1|           2|
    |xor_ln896_15_fu_2922_p2      |       xor|   0|  0|   6|           1|           2|
    |xor_ln896_16_fu_3001_p2      |       xor|   0|  0|   6|           1|           2|
    |xor_ln896_17_fu_3176_p2      |       xor|   0|  0|   6|           1|           2|
    |xor_ln896_18_fu_3255_p2      |       xor|   0|  0|   6|           1|           2|
    |xor_ln896_19_fu_3300_p2      |       xor|   0|  0|   6|           1|           2|
    |xor_ln896_20_fu_3379_p2      |       xor|   0|  0|   6|           1|           2|
    |xor_ln896_21_fu_3554_p2      |       xor|   0|  0|   6|           1|           2|
    |xor_ln896_22_fu_3633_p2      |       xor|   0|  0|   6|           1|           2|
    |xor_ln896_23_fu_3678_p2      |       xor|   0|  0|   6|           1|           2|
    |xor_ln896_24_fu_3757_p2      |       xor|   0|  0|   6|           1|           2|
    |xor_ln896_25_fu_3932_p2      |       xor|   0|  0|   6|           1|           2|
    |xor_ln896_26_fu_4011_p2      |       xor|   0|  0|   6|           1|           2|
    |xor_ln896_27_fu_4056_p2      |       xor|   0|  0|   6|           1|           2|
    |xor_ln896_28_fu_4135_p2      |       xor|   0|  0|   6|           1|           2|
    |xor_ln896_29_fu_4310_p2      |       xor|   0|  0|   6|           1|           2|
    |xor_ln896_2_fu_1769_p2       |       xor|   0|  0|   6|           1|           2|
    |xor_ln896_30_fu_4389_p2      |       xor|   0|  0|   6|           1|           2|
    |xor_ln896_31_fu_4434_p2      |       xor|   0|  0|   6|           1|           2|
    |xor_ln896_32_fu_4513_p2      |       xor|   0|  0|   6|           1|           2|
    |xor_ln896_33_fu_4688_p2      |       xor|   0|  0|   6|           1|           2|
    |xor_ln896_34_fu_4767_p2      |       xor|   0|  0|   6|           1|           2|
    |xor_ln896_35_fu_4812_p2      |       xor|   0|  0|   6|           1|           2|
    |xor_ln896_36_fu_4891_p2      |       xor|   0|  0|   6|           1|           2|
    |xor_ln896_37_fu_5066_p2      |       xor|   0|  0|   6|           1|           2|
    |xor_ln896_38_fu_5145_p2      |       xor|   0|  0|   6|           1|           2|
    |xor_ln896_39_fu_5190_p2      |       xor|   0|  0|   6|           1|           2|
    |xor_ln896_3_fu_1814_p2       |       xor|   0|  0|   6|           1|           2|
    |xor_ln896_40_fu_5269_p2      |       xor|   0|  0|   6|           1|           2|
    |xor_ln896_41_fu_5444_p2      |       xor|   0|  0|   6|           1|           2|
    |xor_ln896_42_fu_5523_p2      |       xor|   0|  0|   6|           1|           2|
    |xor_ln896_43_fu_5568_p2      |       xor|   0|  0|   6|           1|           2|
    |xor_ln896_44_fu_5647_p2      |       xor|   0|  0|   6|           1|           2|
    |xor_ln896_45_fu_5822_p2      |       xor|   0|  0|   6|           1|           2|
    |xor_ln896_46_fu_5901_p2      |       xor|   0|  0|   6|           1|           2|
    |xor_ln896_47_fu_5946_p2      |       xor|   0|  0|   6|           1|           2|
    |xor_ln896_48_fu_6025_p2      |       xor|   0|  0|   6|           1|           2|
    |xor_ln896_49_fu_6200_p2      |       xor|   0|  0|   6|           1|           2|
    |xor_ln896_4_fu_1893_p2       |       xor|   0|  0|   6|           1|           2|
    |xor_ln896_50_fu_6279_p2      |       xor|   0|  0|   6|           1|           2|
    |xor_ln896_51_fu_6324_p2      |       xor|   0|  0|   6|           1|           2|
    |xor_ln896_52_fu_6403_p2      |       xor|   0|  0|   6|           1|           2|
    |xor_ln896_53_fu_6548_p2      |       xor|   0|  0|   6|           1|           2|
    |xor_ln896_54_fu_6627_p2      |       xor|   0|  0|   6|           1|           2|
    |xor_ln896_55_fu_6672_p2      |       xor|   0|  0|   6|           1|           2|
    |xor_ln896_56_fu_6751_p2      |       xor|   0|  0|   6|           1|           2|
    |xor_ln896_57_fu_6896_p2      |       xor|   0|  0|   6|           1|           2|
    |xor_ln896_58_fu_6975_p2      |       xor|   0|  0|   6|           1|           2|
    |xor_ln896_59_fu_7020_p2      |       xor|   0|  0|   6|           1|           2|
    |xor_ln896_5_fu_2042_p2       |       xor|   0|  0|   6|           1|           2|
    |xor_ln896_60_fu_7099_p2      |       xor|   0|  0|   6|           1|           2|
    |xor_ln896_61_fu_7244_p2      |       xor|   0|  0|   6|           1|           2|
    |xor_ln896_62_fu_7323_p2      |       xor|   0|  0|   6|           1|           2|
    |xor_ln896_63_fu_7368_p2      |       xor|   0|  0|   6|           1|           2|
    |xor_ln896_64_fu_7447_p2      |       xor|   0|  0|   6|           1|           2|
    |xor_ln896_65_fu_1781_p2      |       xor|   0|  0|   6|           1|           1|
    |xor_ln896_66_fu_1905_p2      |       xor|   0|  0|   6|           1|           1|
    |xor_ln896_67_fu_2133_p2      |       xor|   0|  0|   6|           1|           1|
    |xor_ln896_68_fu_2257_p2      |       xor|   0|  0|   6|           1|           1|
    |xor_ln896_69_fu_2511_p2      |       xor|   0|  0|   6|           1|           1|
    |xor_ln896_6_fu_2121_p2       |       xor|   0|  0|   6|           1|           2|
    |xor_ln896_70_fu_2635_p2      |       xor|   0|  0|   6|           1|           1|
    |xor_ln896_71_fu_2889_p2      |       xor|   0|  0|   6|           1|           1|
    |xor_ln896_72_fu_3013_p2      |       xor|   0|  0|   6|           1|           1|
    |xor_ln896_73_fu_3267_p2      |       xor|   0|  0|   6|           1|           1|
    |xor_ln896_74_fu_3391_p2      |       xor|   0|  0|   6|           1|           1|
    |xor_ln896_75_fu_3645_p2      |       xor|   0|  0|   6|           1|           1|
    |xor_ln896_76_fu_3769_p2      |       xor|   0|  0|   6|           1|           1|
    |xor_ln896_77_fu_4023_p2      |       xor|   0|  0|   6|           1|           1|
    |xor_ln896_78_fu_4147_p2      |       xor|   0|  0|   6|           1|           1|
    |xor_ln896_79_fu_4401_p2      |       xor|   0|  0|   6|           1|           1|
    |xor_ln896_7_fu_2166_p2       |       xor|   0|  0|   6|           1|           2|
    |xor_ln896_80_fu_4525_p2      |       xor|   0|  0|   6|           1|           1|
    |xor_ln896_81_fu_4779_p2      |       xor|   0|  0|   6|           1|           1|
    |xor_ln896_82_fu_4903_p2      |       xor|   0|  0|   6|           1|           1|
    |xor_ln896_83_fu_5157_p2      |       xor|   0|  0|   6|           1|           1|
    |xor_ln896_84_fu_5281_p2      |       xor|   0|  0|   6|           1|           1|
    |xor_ln896_85_fu_5535_p2      |       xor|   0|  0|   6|           1|           1|
    |xor_ln896_86_fu_5659_p2      |       xor|   0|  0|   6|           1|           1|
    |xor_ln896_87_fu_5913_p2      |       xor|   0|  0|   6|           1|           1|
    |xor_ln896_88_fu_6037_p2      |       xor|   0|  0|   6|           1|           1|
    |xor_ln896_89_fu_6291_p2      |       xor|   0|  0|   6|           1|           1|
    |xor_ln896_8_fu_2245_p2       |       xor|   0|  0|   6|           1|           2|
    |xor_ln896_90_fu_6415_p2      |       xor|   0|  0|   6|           1|           1|
    |xor_ln896_91_fu_6639_p2      |       xor|   0|  0|   6|           1|           1|
    |xor_ln896_92_fu_6763_p2      |       xor|   0|  0|   6|           1|           1|
    |xor_ln896_93_fu_6987_p2      |       xor|   0|  0|   6|           1|           1|
    |xor_ln896_94_fu_7111_p2      |       xor|   0|  0|   6|           1|           1|
    |xor_ln896_95_fu_7335_p2      |       xor|   0|  0|   6|           1|           1|
    |xor_ln896_96_fu_7459_p2      |       xor|   0|  0|   6|           1|           1|
    |xor_ln896_9_fu_2420_p2       |       xor|   0|  0|   6|           1|           2|
    |xor_ln896_fu_1690_p2         |       xor|   0|  0|   6|           1|           2|
    +-----------------------------+----------+----+---+----+------------+------------+
    |Total                        |          |   0|  0|4480|         896|        1504|
    +-----------------------------+----------+----+---+----+------------+------------+

    * Multiplexer: 
    +-------------------+-----+-----------+-----+-----------+
    |        Name       | LUT | Input Size| Bits| Total Bits|
    +-------------------+-----+-----------+-----+-----------+
    |ap_NS_fsm          |  134|         30|    1|         30|
    |grp_fu_11016_ce    |   13|          3|    1|          3|
    |grp_fu_11016_p0    |   13|          3|   23|         69|
    |grp_fu_11016_p1    |   13|          3|   23|         69|
    |grp_fu_11020_ce    |   13|          3|    1|          3|
    |grp_fu_11020_p0    |   13|          3|   22|         66|
    |grp_fu_11020_p1    |   13|          3|   23|         69|
    |grp_fu_11024_ce    |   13|          3|    1|          3|
    |grp_fu_11024_p0    |   13|          3|   22|         66|
    |grp_fu_11024_p1    |   13|          3|   23|         69|
    |grp_fu_11028_ce    |   13|          3|    1|          3|
    |grp_fu_11028_p0    |   13|          3|   21|         63|
    |grp_fu_11028_p1    |   13|          3|   23|         69|
    |grp_fu_11032_ce    |   13|          3|    1|          3|
    |grp_fu_11032_p0    |   13|          3|   22|         66|
    |grp_fu_11032_p1    |   13|          3|   23|         69|
    |grp_fu_11036_ce    |   13|          3|    1|          3|
    |grp_fu_11036_p0    |   13|          3|   22|         66|
    |grp_fu_11036_p1    |   13|          3|   23|         69|
    |grp_fu_11040_ce    |   13|          3|    1|          3|
    |grp_fu_11040_p0    |   13|          3|   22|         66|
    |grp_fu_11040_p1    |   13|          3|   23|         69|
    |grp_fu_11044_ce    |   13|          3|    1|          3|
    |grp_fu_11044_p0    |   13|          3|   22|         66|
    |grp_fu_11044_p1    |   13|          3|   23|         69|
    |grp_fu_11048_ce    |   13|          3|    1|          3|
    |grp_fu_11048_p0    |   13|          3|   22|         66|
    |grp_fu_11048_p1    |   13|          3|   23|         69|
    |grp_fu_11052_ce    |   13|          3|    1|          3|
    |grp_fu_11052_p0    |   13|          3|   21|         63|
    |grp_fu_11052_p1    |   13|          3|   23|         69|
    |grp_fu_11056_ce    |   13|          3|    1|          3|
    |grp_fu_11056_p0    |   13|          3|   23|         69|
    |grp_fu_11056_p1    |   13|          3|   23|         69|
    |grp_fu_11060_ce    |   13|          3|    1|          3|
    |grp_fu_11060_p0    |   13|          3|   22|         66|
    |grp_fu_11060_p1    |   13|          3|   23|         69|
    |grp_fu_11064_ce    |   13|          3|    1|          3|
    |grp_fu_11064_p0    |   13|          3|   22|         66|
    |grp_fu_11064_p1    |   13|          3|   23|         69|
    |grp_fu_11068_ce    |   13|          3|    1|          3|
    |grp_fu_11068_p0    |   13|          3|   22|         66|
    |grp_fu_11068_p1    |   13|          3|   23|         69|
    |grp_fu_11072_ce    |   13|          3|    1|          3|
    |grp_fu_11072_p0    |   13|          3|   22|         66|
    |grp_fu_11072_p1    |   13|          3|   23|         69|
    |grp_fu_11076_ce    |   13|          3|    1|          3|
    |grp_fu_11076_p0    |   13|          3|   22|         66|
    |grp_fu_11076_p1    |   13|          3|   23|         69|
    |grp_fu_11080_ce    |   13|          3|    1|          3|
    |grp_fu_11080_p0    |   13|          3|   22|         66|
    |grp_fu_11080_p1    |   13|          3|   23|         69|
    |grp_fu_11084_ce    |   13|          3|    1|          3|
    |grp_fu_11084_p0    |   13|          3|   22|         66|
    |grp_fu_11084_p1    |   13|          3|   23|         69|
    |grp_fu_11088_ce    |    9|          2|    1|          2|
    |grp_fu_11092_ce    |    9|          2|    1|          2|
    |grp_fu_11096_ce    |   13|          3|    1|          3|
    |grp_fu_11096_p0    |   13|          3|   22|         66|
    |grp_fu_11096_p1    |   13|          3|   23|         69|
    |grp_fu_11100_ce    |    9|          2|    1|          2|
    |grp_fu_11104_ce    |   13|          3|    1|          3|
    |grp_fu_11104_p0    |   13|          3|   22|         66|
    |grp_fu_11104_p1    |   13|          3|   23|         69|
    |grp_fu_11108_ce    |   13|          3|    1|          3|
    |grp_fu_11108_p0    |   13|          3|   22|         66|
    |grp_fu_11108_p1    |   13|          3|   23|         69|
    |grp_fu_11112_ce    |   13|          3|    1|          3|
    |grp_fu_11112_p0    |   13|          3|   22|         66|
    |grp_fu_11112_p1    |   13|          3|   23|         69|
    |grp_fu_11116_ce    |   13|          3|    1|          3|
    |grp_fu_11116_p0    |   13|          3|   22|         66|
    |grp_fu_11116_p1    |   13|          3|   23|         69|
    |grp_fu_11120_ce    |   13|          3|    1|          3|
    |grp_fu_11120_p0    |   13|          3|   22|         66|
    |grp_fu_11120_p1    |   13|          3|   23|         69|
    |grp_fu_11124_ce    |   13|          3|    1|          3|
    |grp_fu_11124_p0    |   13|          3|   22|         66|
    |grp_fu_11124_p1    |   13|          3|   23|         69|
    |grp_fu_11128_ce    |   13|          3|    1|          3|
    |grp_fu_11128_p0    |   13|          3|   21|         63|
    |grp_fu_11128_p1    |   13|          3|   23|         69|
    |grp_fu_11132_ce    |   13|          3|    1|          3|
    |grp_fu_11132_p0    |   13|          3|   22|         66|
    |grp_fu_11132_p1    |   13|          3|   23|         69|
    |grp_fu_11136_ce    |    9|          2|    1|          2|
    |grp_fu_11140_ce    |    9|          2|    1|          2|
    |grp_fu_11144_ce    |    9|          2|    1|          2|
    |grp_fu_11148_ce    |    9|          2|    1|          2|
    |grp_fu_11152_ce    |    9|          2|    1|          2|
    |grp_fu_11156_ce    |   13|          3|    1|          3|
    |grp_fu_11156_p0    |   13|          3|   21|         63|
    |grp_fu_11156_p1    |   13|          3|   23|         69|
    |grp_fu_11160_ce    |    9|          2|    1|          2|
    |grp_fu_11164_ce    |    9|          2|    1|          2|
    |grp_fu_11168_ce    |    9|          2|    1|          2|
    |grp_fu_11172_ce    |    9|          2|    1|          2|
    |grp_fu_11176_ce    |    9|          2|    1|          2|
    |grp_fu_11180_ce    |    9|          2|    1|          2|
    |grp_fu_11184_ce    |   13|          3|    1|          3|
    |grp_fu_11184_p0    |   13|          3|   21|         63|
    |grp_fu_11184_p1    |   13|          3|   23|         69|
    |grp_fu_11188_ce    |    9|          2|    1|          2|
    |grp_fu_11192_ce    |    9|          2|    1|          2|
    |grp_fu_11196_ce    |    9|          2|    1|          2|
    |grp_fu_11200_ce    |    9|          2|    1|          2|
    |grp_fu_11204_ce    |    9|          2|    1|          2|
    |grp_fu_11208_ce    |    9|          2|    1|          2|
    |grp_fu_11212_ce    |    9|          2|    1|          2|
    |grp_fu_11216_ce    |    9|          2|    1|          2|
    |grp_fu_11220_ce    |    9|          2|    1|          2|
    |grp_fu_11224_ce    |    9|          2|    1|          2|
    |h_prev_0_address0  |   25|          6|    3|         18|
    |h_prev_0_address1  |   21|          5|    3|         15|
    |h_prev_0_ce0       |   13|          3|    1|          3|
    |h_prev_1_address0  |   25|          6|    3|         18|
    |h_prev_1_address1  |   21|          5|    3|         15|
    |h_prev_1_ce0       |   13|          3|    1|          3|
    |h_prev_2_address0  |   25|          6|    3|         18|
    |h_prev_2_address1  |   21|          5|    3|         15|
    |h_prev_2_ce0       |   13|          3|    1|          3|
    |h_prev_3_address0  |   25|          6|    3|         18|
    |h_prev_3_address1  |   21|          5|    3|         15|
    |h_prev_3_ce0       |   13|          3|    1|          3|
    |r_V_address0       |   87|         18|    5|         90|
    |r_V_address1       |   81|         17|    5|         85|
    |r_V_ce0            |   13|          3|    1|          3|
    |r_V_we0            |    9|          2|    1|          2|
    |z_V_address0       |   13|          3|    5|         15|
    |z_V_ce0            |   13|          3|    1|          3|
    |z_V_we0            |    9|          2|    1|          2|
    +-------------------+-----+-----------+-----+-----------+
    |Total              | 1942|        443| 1403|       4415|
    +-------------------+-----+-----------+-----+-----------+

    * Register: 
    +-------------------------------------------------------------------+----+----+-----+-----------+
    |                                Name                               | FF | LUT| Bits| Const Bits|
    +-------------------------------------------------------------------+----+----+-----+-----------+
    |Range2_all_ones_10_reg_9179                                        |   1|   0|    1|          0|
    |Range2_all_ones_11_reg_9213                                        |   1|   0|    1|          0|
    |Range2_all_ones_12_reg_9317                                        |   1|   0|    1|          0|
    |Range2_all_ones_13_reg_9351                                        |   1|   0|    1|          0|
    |Range2_all_ones_14_reg_9455                                        |   1|   0|    1|          0|
    |Range2_all_ones_15_reg_9489                                        |   1|   0|    1|          0|
    |Range2_all_ones_16_reg_9593                                        |   1|   0|    1|          0|
    |Range2_all_ones_17_reg_9627                                        |   1|   0|    1|          0|
    |Range2_all_ones_18_reg_9731                                        |   1|   0|    1|          0|
    |Range2_all_ones_19_reg_9765                                        |   1|   0|    1|          0|
    |Range2_all_ones_20_reg_9869                                        |   1|   0|    1|          0|
    |Range2_all_ones_21_reg_9903                                        |   1|   0|    1|          0|
    |Range2_all_ones_22_reg_10007                                       |   1|   0|    1|          0|
    |Range2_all_ones_23_reg_10041                                       |   1|   0|    1|          0|
    |Range2_all_ones_24_reg_10145                                       |   1|   0|    1|          0|
    |Range2_all_ones_25_reg_10179                                       |   1|   0|    1|          0|
    |Range2_all_ones_26_reg_10283                                       |   1|   0|    1|          0|
    |Range2_all_ones_27_reg_10317                                       |   1|   0|    1|          0|
    |Range2_all_ones_28_reg_10421                                       |   1|   0|    1|          0|
    |Range2_all_ones_29_reg_10455                                       |   1|   0|    1|          0|
    |Range2_all_ones_30_reg_10549                                       |   1|   0|    1|          0|
    |Range2_all_ones_31_reg_10583                                       |   1|   0|    1|          0|
    |Range2_all_ones_32_reg_10657                                       |   1|   0|    1|          0|
    |Range2_all_ones_33_reg_10691                                       |   1|   0|    1|          0|
    |Range2_all_ones_34_reg_10765                                       |   1|   0|    1|          0|
    |Range2_all_ones_35_reg_10799                                       |   1|   0|    1|          0|
    |Range2_all_ones_5_reg_8819                                         |   1|   0|    1|          0|
    |Range2_all_ones_6_reg_8913                                         |   1|   0|    1|          0|
    |Range2_all_ones_7_reg_8947                                         |   1|   0|    1|          0|
    |Range2_all_ones_8_reg_9041                                         |   1|   0|    1|          0|
    |Range2_all_ones_9_reg_9075                                         |   1|   0|    1|          0|
    |Range2_all_ones_reg_8785                                           |   1|   0|    1|          0|
    |ap_CS_fsm                                                          |  29|   0|   29|          0|
    |grp_gru_cell_step_1_Pipeline_VITIS_LOOP_48_1_fu_901_ap_start_reg   |   1|   0|    1|          0|
    |grp_gru_cell_step_1_Pipeline_VITIS_LOOP_94_5_fu_1087_ap_start_reg  |   1|   0|    1|          0|
    |h_prev_0_load_1_reg_8242                                           |   8|   0|    8|          0|
    |h_prev_0_load_2_reg_8306                                           |   8|   0|    8|          0|
    |h_prev_0_load_3_reg_8330                                           |   8|   0|    8|          0|
    |h_prev_0_load_4_reg_8394                                           |   8|   0|    8|          0|
    |h_prev_0_load_5_reg_8418                                           |   8|   0|    8|          0|
    |h_prev_0_load_6_reg_8575                                           |   8|   0|    8|          0|
    |h_prev_0_load_7_reg_8616                                           |   8|   0|    8|          0|
    |h_prev_0_load_reg_8218                                             |   8|   0|    8|          0|
    |h_prev_1_load_1_reg_8248                                           |   8|   0|    8|          0|
    |h_prev_1_load_2_reg_8312                                           |   8|   0|    8|          0|
    |h_prev_1_load_3_reg_8336                                           |   8|   0|    8|          0|
    |h_prev_1_load_4_reg_8400                                           |   8|   0|    8|          0|
    |h_prev_1_load_5_reg_8424                                           |   8|   0|    8|          0|
    |h_prev_1_load_6_reg_8585                                           |   8|   0|    8|          0|
    |h_prev_1_load_7_reg_8626                                           |   8|   0|    8|          0|
    |h_prev_1_load_reg_8224                                             |   8|   0|    8|          0|
    |h_prev_2_load_1_reg_8254                                           |   8|   0|    8|          0|
    |h_prev_2_load_2_reg_8318                                           |   8|   0|    8|          0|
    |h_prev_2_load_3_reg_8342                                           |   8|   0|    8|          0|
    |h_prev_2_load_4_reg_8406                                           |   8|   0|    8|          0|
    |h_prev_2_load_5_reg_8430                                           |   8|   0|    8|          0|
    |h_prev_2_load_6_reg_8595                                           |   8|   0|    8|          0|
    |h_prev_2_load_7_reg_8637                                           |   8|   0|    8|          0|
    |h_prev_2_load_reg_8230                                             |   8|   0|    8|          0|
    |h_prev_3_load_1_reg_8260                                           |   8|   0|    8|          0|
    |h_prev_3_load_2_reg_8324                                           |   8|   0|    8|          0|
    |h_prev_3_load_3_reg_8348                                           |   8|   0|    8|          0|
    |h_prev_3_load_4_reg_8412                                           |   8|   0|    8|          0|
    |h_prev_3_load_5_reg_8436                                           |   8|   0|    8|          0|
    |h_prev_3_load_6_reg_8606                                           |   8|   0|    8|          0|
    |h_prev_3_load_7_reg_8648                                           |   8|   0|    8|          0|
    |h_prev_3_load_reg_8236                                             |   8|   0|    8|          0|
    |or_ln346_10_reg_9546                                               |   1|   0|    1|          0|
    |or_ln346_11_reg_9561                                               |   1|   0|    1|          0|
    |or_ln346_12_reg_9684                                               |   1|   0|    1|          0|
    |or_ln346_13_reg_9699                                               |   1|   0|    1|          0|
    |or_ln346_14_reg_9822                                               |   1|   0|    1|          0|
    |or_ln346_15_reg_9837                                               |   1|   0|    1|          0|
    |or_ln346_16_reg_9960                                               |   1|   0|    1|          0|
    |or_ln346_17_reg_9975                                               |   1|   0|    1|          0|
    |or_ln346_18_reg_10098                                              |   1|   0|    1|          0|
    |or_ln346_19_reg_10113                                              |   1|   0|    1|          0|
    |or_ln346_1_reg_8881                                                |   1|   0|    1|          0|
    |or_ln346_20_reg_10236                                              |   1|   0|    1|          0|
    |or_ln346_21_reg_10251                                              |   1|   0|    1|          0|
    |or_ln346_22_reg_10374                                              |   1|   0|    1|          0|
    |or_ln346_23_reg_10389                                              |   1|   0|    1|          0|
    |or_ln346_24_reg_10502                                              |   1|   0|    1|          0|
    |or_ln346_25_reg_10517                                              |   1|   0|    1|          0|
    |or_ln346_26_reg_10610                                              |   1|   0|    1|          0|
    |or_ln346_27_reg_10625                                              |   1|   0|    1|          0|
    |or_ln346_28_reg_10718                                              |   1|   0|    1|          0|
    |or_ln346_29_reg_10733                                              |   1|   0|    1|          0|
    |or_ln346_2_reg_8994                                                |   1|   0|    1|          0|
    |or_ln346_30_reg_10826                                              |   1|   0|    1|          0|
    |or_ln346_31_reg_10841                                              |   1|   0|    1|          0|
    |or_ln346_3_reg_9009                                                |   1|   0|    1|          0|
    |or_ln346_4_reg_9132                                                |   1|   0|    1|          0|
    |or_ln346_5_reg_9147                                                |   1|   0|    1|          0|
    |or_ln346_6_reg_9270                                                |   1|   0|    1|          0|
    |or_ln346_7_reg_9285                                                |   1|   0|    1|          0|
    |or_ln346_8_reg_9408                                                |   1|   0|    1|          0|
    |or_ln346_9_reg_9423                                                |   1|   0|    1|          0|
    |or_ln346_reg_8866                                                  |   1|   0|    1|          0|
    |overflow_32_reg_8876                                               |   1|   0|    1|          0|
    |overflow_33_reg_8989                                               |   1|   0|    1|          0|
    |overflow_34_reg_9004                                               |   1|   0|    1|          0|
    |overflow_35_reg_9127                                               |   1|   0|    1|          0|
    |overflow_36_reg_9142                                               |   1|   0|    1|          0|
    |overflow_37_reg_9265                                               |   1|   0|    1|          0|
    |overflow_38_reg_9280                                               |   1|   0|    1|          0|
    |overflow_39_reg_9403                                               |   1|   0|    1|          0|
    |overflow_40_reg_9418                                               |   1|   0|    1|          0|
    |overflow_41_reg_9541                                               |   1|   0|    1|          0|
    |overflow_42_reg_9556                                               |   1|   0|    1|          0|
    |overflow_43_reg_9679                                               |   1|   0|    1|          0|
    |overflow_44_reg_9694                                               |   1|   0|    1|          0|
    |overflow_45_reg_9817                                               |   1|   0|    1|          0|
    |overflow_46_reg_9832                                               |   1|   0|    1|          0|
    |overflow_47_reg_9955                                               |   1|   0|    1|          0|
    |overflow_48_reg_9970                                               |   1|   0|    1|          0|
    |overflow_49_reg_10093                                              |   1|   0|    1|          0|
    |overflow_50_reg_10108                                              |   1|   0|    1|          0|
    |overflow_51_reg_10231                                              |   1|   0|    1|          0|
    |overflow_52_reg_10246                                              |   1|   0|    1|          0|
    |overflow_53_reg_10369                                              |   1|   0|    1|          0|
    |overflow_54_reg_10384                                              |   1|   0|    1|          0|
    |overflow_55_reg_10497                                              |   1|   0|    1|          0|
    |overflow_56_reg_10512                                              |   1|   0|    1|          0|
    |overflow_57_reg_10605                                              |   1|   0|    1|          0|
    |overflow_58_reg_10620                                              |   1|   0|    1|          0|
    |overflow_59_reg_10713                                              |   1|   0|    1|          0|
    |overflow_60_reg_10728                                              |   1|   0|    1|          0|
    |overflow_61_reg_10821                                              |   1|   0|    1|          0|
    |overflow_62_reg_10836                                              |   1|   0|    1|          0|
    |overflow_reg_8861                                                  |   1|   0|    1|          0|
    |p_Result_100_reg_10680                                             |   1|   0|    1|          0|
    |p_Result_102_reg_10743                                             |   1|   0|    1|          0|
    |p_Result_103_reg_10754                                             |   1|   0|    1|          0|
    |p_Result_105_reg_10777                                             |   1|   0|    1|          0|
    |p_Result_106_reg_10788                                             |   1|   0|    1|          0|
    |p_Result_13_reg_8774                                               |   1|   0|    1|          0|
    |p_Result_15_reg_8797                                               |   1|   0|    1|          0|
    |p_Result_16_reg_8808                                               |   1|   0|    1|          0|
    |p_Result_18_reg_8891                                               |   1|   0|    1|          0|
    |p_Result_19_reg_8902                                               |   1|   0|    1|          0|
    |p_Result_21_reg_8925                                               |   1|   0|    1|          0|
    |p_Result_22_reg_8936                                               |   1|   0|    1|          0|
    |p_Result_24_reg_9019                                               |   1|   0|    1|          0|
    |p_Result_25_reg_9030                                               |   1|   0|    1|          0|
    |p_Result_27_reg_9053                                               |   1|   0|    1|          0|
    |p_Result_28_reg_9064                                               |   1|   0|    1|          0|
    |p_Result_30_reg_9157                                               |   1|   0|    1|          0|
    |p_Result_31_reg_9168                                               |   1|   0|    1|          0|
    |p_Result_33_reg_9191                                               |   1|   0|    1|          0|
    |p_Result_34_reg_9202                                               |   1|   0|    1|          0|
    |p_Result_36_reg_9295                                               |   1|   0|    1|          0|
    |p_Result_37_reg_9306                                               |   1|   0|    1|          0|
    |p_Result_39_reg_9329                                               |   1|   0|    1|          0|
    |p_Result_40_reg_9340                                               |   1|   0|    1|          0|
    |p_Result_42_reg_9433                                               |   1|   0|    1|          0|
    |p_Result_43_reg_9444                                               |   1|   0|    1|          0|
    |p_Result_45_reg_9467                                               |   1|   0|    1|          0|
    |p_Result_46_reg_9478                                               |   1|   0|    1|          0|
    |p_Result_48_reg_9571                                               |   1|   0|    1|          0|
    |p_Result_49_reg_9582                                               |   1|   0|    1|          0|
    |p_Result_51_reg_9605                                               |   1|   0|    1|          0|
    |p_Result_52_reg_9616                                               |   1|   0|    1|          0|
    |p_Result_54_reg_9709                                               |   1|   0|    1|          0|
    |p_Result_55_reg_9720                                               |   1|   0|    1|          0|
    |p_Result_57_reg_9743                                               |   1|   0|    1|          0|
    |p_Result_58_reg_9754                                               |   1|   0|    1|          0|
    |p_Result_60_reg_9847                                               |   1|   0|    1|          0|
    |p_Result_61_reg_9858                                               |   1|   0|    1|          0|
    |p_Result_63_reg_9881                                               |   1|   0|    1|          0|
    |p_Result_64_reg_9892                                               |   1|   0|    1|          0|
    |p_Result_66_reg_9985                                               |   1|   0|    1|          0|
    |p_Result_67_reg_9996                                               |   1|   0|    1|          0|
    |p_Result_69_reg_10019                                              |   1|   0|    1|          0|
    |p_Result_70_reg_10030                                              |   1|   0|    1|          0|
    |p_Result_72_reg_10123                                              |   1|   0|    1|          0|
    |p_Result_73_reg_10134                                              |   1|   0|    1|          0|
    |p_Result_75_reg_10157                                              |   1|   0|    1|          0|
    |p_Result_76_reg_10168                                              |   1|   0|    1|          0|
    |p_Result_78_reg_10261                                              |   1|   0|    1|          0|
    |p_Result_79_reg_10272                                              |   1|   0|    1|          0|
    |p_Result_81_reg_10295                                              |   1|   0|    1|          0|
    |p_Result_82_reg_10306                                              |   1|   0|    1|          0|
    |p_Result_84_reg_10399                                              |   1|   0|    1|          0|
    |p_Result_85_reg_10410                                              |   1|   0|    1|          0|
    |p_Result_87_reg_10433                                              |   1|   0|    1|          0|
    |p_Result_88_reg_10444                                              |   1|   0|    1|          0|
    |p_Result_90_reg_10527                                              |   1|   0|    1|          0|
    |p_Result_91_reg_10538                                              |   1|   0|    1|          0|
    |p_Result_93_reg_10561                                              |   1|   0|    1|          0|
    |p_Result_94_reg_10572                                              |   1|   0|    1|          0|
    |p_Result_96_reg_10635                                              |   1|   0|    1|          0|
    |p_Result_97_reg_10646                                              |   1|   0|    1|          0|
    |p_Result_99_reg_10669                                              |   1|   0|    1|          0|
    |p_Result_s_reg_8763                                                |   1|   0|    1|          0|
    |p_Val2_100_reg_9473                                                |   8|   0|    8|          0|
    |p_Val2_101_reg_9551                                                |   8|   0|    8|          0|
    |p_Val2_103_reg_9577                                                |   8|   0|    8|          0|
    |p_Val2_104_reg_9674                                                |   8|   0|    8|          0|
    |p_Val2_106_reg_9611                                                |   8|   0|    8|          0|
    |p_Val2_107_reg_9689                                                |   8|   0|    8|          0|
    |p_Val2_109_reg_9715                                                |   8|   0|    8|          0|
    |p_Val2_110_reg_9812                                                |   8|   0|    8|          0|
    |p_Val2_112_reg_9749                                                |   8|   0|    8|          0|
    |p_Val2_113_reg_9827                                                |   8|   0|    8|          0|
    |p_Val2_115_reg_9853                                                |   8|   0|    8|          0|
    |p_Val2_116_reg_9950                                                |   8|   0|    8|          0|
    |p_Val2_118_reg_9887                                                |   8|   0|    8|          0|
    |p_Val2_119_reg_9965                                                |   8|   0|    8|          0|
    |p_Val2_121_reg_9991                                                |   8|   0|    8|          0|
    |p_Val2_122_reg_10088                                               |   8|   0|    8|          0|
    |p_Val2_124_reg_10025                                               |   8|   0|    8|          0|
    |p_Val2_125_reg_10103                                               |   8|   0|    8|          0|
    |p_Val2_127_reg_10129                                               |   8|   0|    8|          0|
    |p_Val2_128_reg_10226                                               |   8|   0|    8|          0|
    |p_Val2_130_reg_10163                                               |   8|   0|    8|          0|
    |p_Val2_131_reg_10241                                               |   8|   0|    8|          0|
    |p_Val2_133_reg_10267                                               |   8|   0|    8|          0|
    |p_Val2_134_reg_10364                                               |   8|   0|    8|          0|
    |p_Val2_136_reg_10301                                               |   8|   0|    8|          0|
    |p_Val2_137_reg_10379                                               |   8|   0|    8|          0|
    |p_Val2_139_reg_10405                                               |   8|   0|    8|          0|
    |p_Val2_140_reg_10492                                               |   8|   0|    8|          0|
    |p_Val2_142_reg_10439                                               |   8|   0|    8|          0|
    |p_Val2_143_reg_10507                                               |   8|   0|    8|          0|
    |p_Val2_145_reg_10533                                               |   8|   0|    8|          0|
    |p_Val2_146_reg_10600                                               |   8|   0|    8|          0|
    |p_Val2_148_reg_10567                                               |   8|   0|    8|          0|
    |p_Val2_149_reg_10615                                               |   8|   0|    8|          0|
    |p_Val2_14_reg_8856                                                 |   8|   0|    8|          0|
    |p_Val2_151_reg_10641                                               |   8|   0|    8|          0|
    |p_Val2_152_reg_10708                                               |   8|   0|    8|          0|
    |p_Val2_154_reg_10675                                               |   8|   0|    8|          0|
    |p_Val2_155_reg_10723                                               |   8|   0|    8|          0|
    |p_Val2_157_reg_10749                                               |   8|   0|    8|          0|
    |p_Val2_158_reg_10816                                               |   8|   0|    8|          0|
    |p_Val2_160_reg_10783                                               |   8|   0|    8|          0|
    |p_Val2_161_reg_10831                                               |   8|   0|    8|          0|
    |p_Val2_20_reg_8871                                                 |   8|   0|    8|          0|
    |p_Val2_26_reg_8984                                                 |   8|   0|    8|          0|
    |p_Val2_32_reg_8931                                                 |   8|   0|    8|          0|
    |p_Val2_35_reg_8999                                                 |   8|   0|    8|          0|
    |p_Val2_3_reg_8769                                                  |   8|   0|    8|          0|
    |p_Val2_41_reg_9025                                                 |   8|   0|    8|          0|
    |p_Val2_44_reg_9122                                                 |   8|   0|    8|          0|
    |p_Val2_50_reg_9059                                                 |   8|   0|    8|          0|
    |p_Val2_53_reg_9137                                                 |   8|   0|    8|          0|
    |p_Val2_59_reg_9163                                                 |   8|   0|    8|          0|
    |p_Val2_62_reg_9260                                                 |   8|   0|    8|          0|
    |p_Val2_68_reg_9197                                                 |   8|   0|    8|          0|
    |p_Val2_6_reg_8803                                                  |   8|   0|    8|          0|
    |p_Val2_71_reg_9275                                                 |   8|   0|    8|          0|
    |p_Val2_77_reg_9301                                                 |   8|   0|    8|          0|
    |p_Val2_80_reg_9398                                                 |   8|   0|    8|          0|
    |p_Val2_86_reg_9335                                                 |   8|   0|    8|          0|
    |p_Val2_89_reg_9413                                                 |   8|   0|    8|          0|
    |p_Val2_95_reg_9439                                                 |   8|   0|    8|          0|
    |p_Val2_98_reg_9536                                                 |   8|   0|    8|          0|
    |p_Val2_9_reg_8897                                                  |   8|   0|    8|          0|
    |r_V_307_reg_8758                                                   |  29|   0|   29|          0|
    |r_V_308_reg_8792                                                   |  29|   0|   29|          0|
    |r_V_309_reg_8886                                                   |  29|   0|   29|          0|
    |r_V_310_reg_8920                                                   |  29|   0|   29|          0|
    |r_V_311_reg_9014                                                   |  29|   0|   29|          0|
    |r_V_312_reg_9048                                                   |  29|   0|   29|          0|
    |r_V_313_reg_9152                                                   |  29|   0|   29|          0|
    |r_V_314_reg_9186                                                   |  29|   0|   29|          0|
    |r_V_315_reg_9290                                                   |  29|   0|   29|          0|
    |r_V_316_reg_9324                                                   |  29|   0|   29|          0|
    |r_V_317_reg_9428                                                   |  29|   0|   29|          0|
    |r_V_318_reg_9462                                                   |  29|   0|   29|          0|
    |r_V_319_reg_9566                                                   |  29|   0|   29|          0|
    |r_V_31_reg_8448                                                    |   8|   0|   23|         15|
    |r_V_320_reg_9600                                                   |  29|   0|   29|          0|
    |r_V_321_reg_9704                                                   |  29|   0|   29|          0|
    |r_V_322_reg_9738                                                   |  29|   0|   29|          0|
    |r_V_323_reg_9842                                                   |  29|   0|   29|          0|
    |r_V_324_reg_9876                                                   |  29|   0|   29|          0|
    |r_V_325_reg_9980                                                   |  29|   0|   29|          0|
    |r_V_326_reg_10014                                                  |  29|   0|   29|          0|
    |r_V_327_reg_10118                                                  |  29|   0|   29|          0|
    |r_V_328_reg_10152                                                  |  29|   0|   29|          0|
    |r_V_329_reg_10256                                                  |  29|   0|   29|          0|
    |r_V_32_reg_8454                                                    |   8|   0|   23|         15|
    |r_V_330_reg_10290                                                  |  29|   0|   29|          0|
    |r_V_331_reg_10394                                                  |  29|   0|   29|          0|
    |r_V_332_reg_10428                                                  |  29|   0|   29|          0|
    |r_V_333_reg_10522                                                  |  29|   0|   29|          0|
    |r_V_334_reg_10556                                                  |  29|   0|   29|          0|
    |r_V_335_reg_10630                                                  |  29|   0|   29|          0|
    |r_V_336_reg_10664                                                  |  29|   0|   29|          0|
    |r_V_337_reg_10738                                                  |  29|   0|   29|          0|
    |r_V_338_reg_10772                                                  |  29|   0|   29|          0|
    |r_V_33_reg_8459                                                    |   8|   0|   23|         15|
    |r_V_34_reg_8464                                                    |   8|   0|   23|         15|
    |r_V_35_reg_8470                                                    |   8|   0|   23|         15|
    |r_V_36_reg_8476                                                    |   8|   0|   23|         15|
    |r_V_37_reg_8481                                                    |   8|   0|   23|         15|
    |r_V_38_reg_8486                                                    |   8|   0|   23|         15|
    |r_V_39_reg_8491                                                    |   8|   0|   23|         15|
    |r_V_40_reg_8496                                                    |   8|   0|   23|         15|
    |r_V_41_reg_8502                                                    |   8|   0|   23|         15|
    |r_V_42_reg_8507                                                    |   8|   0|   23|         15|
    |r_V_43_reg_8512                                                    |   8|   0|   23|         15|
    |r_V_44_reg_8517                                                    |   8|   0|   23|         15|
    |r_V_45_reg_8523                                                    |   8|   0|   23|         15|
    |r_V_46_reg_8529                                                    |   8|   0|   23|         15|
    |r_V_47_reg_8535                                                    |   8|   0|   23|         15|
    |r_V_48_reg_8541                                                    |   8|   0|   23|         15|
    |r_V_49_reg_8547                                                    |   8|   0|   23|         15|
    |r_V_50_reg_8552                                                    |   8|   0|   23|         15|
    |r_V_51_reg_8558                                                    |   8|   0|   23|         15|
    |r_V_52_reg_8564                                                    |   8|   0|   23|         15|
    |r_V_53_reg_8569                                                    |   8|   0|   23|         15|
    |r_V_54_reg_8580                                                    |   8|   0|   23|         15|
    |r_V_55_reg_8590                                                    |   8|   0|   23|         15|
    |r_V_56_reg_8600                                                    |   8|   0|   23|         15|
    |r_V_57_reg_8611                                                    |   8|   0|   23|         15|
    |r_V_58_reg_8621                                                    |   8|   0|   23|         15|
    |r_V_59_reg_8631                                                    |   8|   0|   23|         15|
    |r_V_60_reg_8642                                                    |   8|   0|   23|         15|
    |r_V_61_reg_8653                                                    |   8|   0|   23|         15|
    |r_V_62_reg_10856                                                   |   8|   0|   23|         15|
    |r_V_63_reg_10861                                                   |   8|   0|   23|         15|
    |r_V_64_reg_10866                                                   |   8|   0|   23|         15|
    |r_V_65_reg_10871                                                   |   8|   0|   23|         15|
    |r_V_66_reg_10876                                                   |   8|   0|   23|         15|
    |r_V_67_reg_10881                                                   |   8|   0|   23|         15|
    |r_V_68_reg_10886                                                   |   8|   0|   23|         15|
    |r_V_69_reg_10891                                                   |   8|   0|   23|         15|
    |r_V_70_reg_10896                                                   |   8|   0|   23|         15|
    |r_V_71_reg_10901                                                   |   8|   0|   23|         15|
    |r_V_72_reg_10906                                                   |   8|   0|   23|         15|
    |r_V_73_reg_10911                                                   |   8|   0|   23|         15|
    |r_V_74_reg_10916                                                   |   8|   0|   23|         15|
    |r_V_75_reg_10921                                                   |   8|   0|   23|         15|
    |r_V_76_reg_10926                                                   |   8|   0|   23|         15|
    |r_V_77_reg_10931                                                   |   8|   0|   23|         15|
    |r_V_78_reg_10936                                                   |   8|   0|   23|         15|
    |r_V_79_reg_10941                                                   |   8|   0|   23|         15|
    |r_V_80_reg_10946                                                   |   8|   0|   23|         15|
    |r_V_81_reg_10951                                                   |   8|   0|   23|         15|
    |r_V_82_reg_10956                                                   |   8|   0|   23|         15|
    |r_V_83_reg_10961                                                   |   8|   0|   23|         15|
    |r_V_84_reg_10966                                                   |   8|   0|   23|         15|
    |r_V_85_reg_10971                                                   |   8|   0|   23|         15|
    |r_V_86_reg_10976                                                   |   8|   0|   23|         15|
    |r_V_87_reg_10981                                                   |   8|   0|   23|         15|
    |r_V_88_reg_10986                                                   |   8|   0|   23|         15|
    |r_V_89_reg_10991                                                   |   8|   0|   23|         15|
    |r_V_90_reg_10996                                                   |   8|   0|   23|         15|
    |r_V_91_reg_11001                                                   |   8|   0|   23|         15|
    |r_V_92_reg_11006                                                   |   8|   0|   23|         15|
    |r_V_93_reg_11011                                                   |   8|   0|   23|         15|
    |r_V_s_reg_8442                                                     |   8|   0|   23|         15|
    |select_ln346_10_reg_9388                                           |   8|   0|    8|          0|
    |select_ln346_12_reg_9393                                           |   8|   0|    8|          0|
    |select_ln346_14_reg_9526                                           |   8|   0|    8|          0|
    |select_ln346_16_reg_9531                                           |   8|   0|    8|          0|
    |select_ln346_18_reg_9664                                           |   8|   0|    8|          0|
    |select_ln346_20_reg_9669                                           |   8|   0|    8|          0|
    |select_ln346_22_reg_9802                                           |   8|   0|    8|          0|
    |select_ln346_24_reg_9807                                           |   8|   0|    8|          0|
    |select_ln346_26_reg_9940                                           |   8|   0|    8|          0|
    |select_ln346_28_reg_9945                                           |   8|   0|    8|          0|
    |select_ln346_2_reg_9112                                            |   8|   0|    8|          0|
    |select_ln346_30_reg_10078                                          |   8|   0|    8|          0|
    |select_ln346_32_reg_10083                                          |   8|   0|    8|          0|
    |select_ln346_34_reg_10216                                          |   8|   0|    8|          0|
    |select_ln346_36_reg_10221                                          |   8|   0|    8|          0|
    |select_ln346_38_reg_10354                                          |   8|   0|    8|          0|
    |select_ln346_40_reg_10359                                          |   8|   0|    8|          0|
    |select_ln346_42_reg_10482                                          |   8|   0|    8|          0|
    |select_ln346_44_reg_10487                                          |   8|   0|    8|          0|
    |select_ln346_46_reg_10590                                          |   8|   0|    8|          0|
    |select_ln346_48_reg_10595                                          |   8|   0|    8|          0|
    |select_ln346_4_reg_9117                                            |   8|   0|    8|          0|
    |select_ln346_50_reg_10698                                          |   8|   0|    8|          0|
    |select_ln346_52_reg_10703                                          |   8|   0|    8|          0|
    |select_ln346_54_reg_10806                                          |   8|   0|    8|          0|
    |select_ln346_56_reg_10811                                          |   8|   0|    8|          0|
    |select_ln346_58_reg_10846                                          |   8|   0|    8|          0|
    |select_ln346_60_reg_10851                                          |   8|   0|    8|          0|
    |select_ln346_6_reg_9250                                            |   8|   0|    8|          0|
    |select_ln346_8_reg_9255                                            |   8|   0|    8|          0|
    |tmp_292_reg_8814                                                   |   1|   0|    1|          0|
    |tmp_298_reg_8908                                                   |   1|   0|    1|          0|
    |tmp_304_reg_8942                                                   |   1|   0|    1|          0|
    |tmp_310_reg_9036                                                   |   1|   0|    1|          0|
    |tmp_316_reg_9070                                                   |   1|   0|    1|          0|
    |tmp_322_reg_9174                                                   |   1|   0|    1|          0|
    |tmp_328_reg_9208                                                   |   1|   0|    1|          0|
    |tmp_334_reg_9312                                                   |   1|   0|    1|          0|
    |tmp_340_reg_9346                                                   |   1|   0|    1|          0|
    |tmp_346_reg_9450                                                   |   1|   0|    1|          0|
    |tmp_352_reg_9484                                                   |   1|   0|    1|          0|
    |tmp_358_reg_9588                                                   |   1|   0|    1|          0|
    |tmp_364_reg_9622                                                   |   1|   0|    1|          0|
    |tmp_370_reg_9726                                                   |   1|   0|    1|          0|
    |tmp_376_reg_9760                                                   |   1|   0|    1|          0|
    |tmp_382_reg_9864                                                   |   1|   0|    1|          0|
    |tmp_388_reg_9898                                                   |   1|   0|    1|          0|
    |tmp_394_reg_10002                                                  |   1|   0|    1|          0|
    |tmp_400_reg_10036                                                  |   1|   0|    1|          0|
    |tmp_406_reg_10140                                                  |   1|   0|    1|          0|
    |tmp_412_reg_10174                                                  |   1|   0|    1|          0|
    |tmp_418_reg_10278                                                  |   1|   0|    1|          0|
    |tmp_424_reg_10312                                                  |   1|   0|    1|          0|
    |tmp_430_reg_10416                                                  |   1|   0|    1|          0|
    |tmp_436_reg_10450                                                  |   1|   0|    1|          0|
    |tmp_442_reg_10544                                                  |   1|   0|    1|          0|
    |tmp_448_reg_10578                                                  |   1|   0|    1|          0|
    |tmp_454_reg_10652                                                  |   1|   0|    1|          0|
    |tmp_460_reg_10686                                                  |   1|   0|    1|          0|
    |tmp_466_reg_10760                                                  |   1|   0|    1|          0|
    |tmp_472_reg_10794                                                  |   1|   0|    1|          0|
    |tmp_reg_8780                                                       |   1|   0|    1|          0|
    +-------------------------------------------------------------------+----+----+-----+-----------+
    |Total                                                              |2671|   0| 3631|        960|
    +-------------------------------------------------------------------+----+----+-----+-----------+



================================================================
== Interface
================================================================
* Summary: 
+---------------------+-----+-----+------------+-----------------+--------------+
|      RTL Ports      | Dir | Bits|  Protocol  |  Source Object  |    C Type    |
+---------------------+-----+-----+------------+-----------------+--------------+
|ap_clk               |   in|    1|  ap_ctrl_hs|  gru_cell_step.1|  return value|
|ap_rst               |   in|    1|  ap_ctrl_hs|  gru_cell_step.1|  return value|
|ap_start             |   in|    1|  ap_ctrl_hs|  gru_cell_step.1|  return value|
|ap_done              |  out|    1|  ap_ctrl_hs|  gru_cell_step.1|  return value|
|ap_idle              |  out|    1|  ap_ctrl_hs|  gru_cell_step.1|  return value|
|ap_ready             |  out|    1|  ap_ctrl_hs|  gru_cell_step.1|  return value|
|grp_fu_4266_p_din0   |  out|   23|  ap_ctrl_hs|  gru_cell_step.1|  return value|
|grp_fu_4266_p_din1   |  out|   23|  ap_ctrl_hs|  gru_cell_step.1|  return value|
|grp_fu_4266_p_dout0  |   in|   46|  ap_ctrl_hs|  gru_cell_step.1|  return value|
|grp_fu_4266_p_ce     |  out|    1|  ap_ctrl_hs|  gru_cell_step.1|  return value|
|grp_fu_4174_p_din0   |  out|   22|  ap_ctrl_hs|  gru_cell_step.1|  return value|
|grp_fu_4174_p_din1   |  out|   23|  ap_ctrl_hs|  gru_cell_step.1|  return value|
|grp_fu_4174_p_dout0  |   in|   45|  ap_ctrl_hs|  gru_cell_step.1|  return value|
|grp_fu_4174_p_ce     |  out|    1|  ap_ctrl_hs|  gru_cell_step.1|  return value|
|grp_fu_4178_p_din0   |  out|   22|  ap_ctrl_hs|  gru_cell_step.1|  return value|
|grp_fu_4178_p_din1   |  out|   23|  ap_ctrl_hs|  gru_cell_step.1|  return value|
|grp_fu_4178_p_dout0  |   in|   45|  ap_ctrl_hs|  gru_cell_step.1|  return value|
|grp_fu_4178_p_ce     |  out|    1|  ap_ctrl_hs|  gru_cell_step.1|  return value|
|grp_fu_4170_p_din0   |  out|   21|  ap_ctrl_hs|  gru_cell_step.1|  return value|
|grp_fu_4170_p_din1   |  out|   23|  ap_ctrl_hs|  gru_cell_step.1|  return value|
|grp_fu_4170_p_dout0  |   in|   44|  ap_ctrl_hs|  gru_cell_step.1|  return value|
|grp_fu_4170_p_ce     |  out|    1|  ap_ctrl_hs|  gru_cell_step.1|  return value|
|grp_fu_4186_p_din0   |  out|   22|  ap_ctrl_hs|  gru_cell_step.1|  return value|
|grp_fu_4186_p_din1   |  out|   23|  ap_ctrl_hs|  gru_cell_step.1|  return value|
|grp_fu_4186_p_dout0  |   in|   45|  ap_ctrl_hs|  gru_cell_step.1|  return value|
|grp_fu_4186_p_ce     |  out|    1|  ap_ctrl_hs|  gru_cell_step.1|  return value|
|grp_fu_4190_p_din0   |  out|   22|  ap_ctrl_hs|  gru_cell_step.1|  return value|
|grp_fu_4190_p_din1   |  out|   23|  ap_ctrl_hs|  gru_cell_step.1|  return value|
|grp_fu_4190_p_dout0  |   in|   45|  ap_ctrl_hs|  gru_cell_step.1|  return value|
|grp_fu_4190_p_ce     |  out|    1|  ap_ctrl_hs|  gru_cell_step.1|  return value|
|grp_fu_4194_p_din0   |  out|   22|  ap_ctrl_hs|  gru_cell_step.1|  return value|
|grp_fu_4194_p_din1   |  out|   23|  ap_ctrl_hs|  gru_cell_step.1|  return value|
|grp_fu_4194_p_dout0  |   in|   45|  ap_ctrl_hs|  gru_cell_step.1|  return value|
|grp_fu_4194_p_ce     |  out|    1|  ap_ctrl_hs|  gru_cell_step.1|  return value|
|grp_fu_4202_p_din0   |  out|   22|  ap_ctrl_hs|  gru_cell_step.1|  return value|
|grp_fu_4202_p_din1   |  out|   23|  ap_ctrl_hs|  gru_cell_step.1|  return value|
|grp_fu_4202_p_dout0  |   in|   45|  ap_ctrl_hs|  gru_cell_step.1|  return value|
|grp_fu_4202_p_ce     |  out|    1|  ap_ctrl_hs|  gru_cell_step.1|  return value|
|grp_fu_4206_p_din0   |  out|   22|  ap_ctrl_hs|  gru_cell_step.1|  return value|
|grp_fu_4206_p_din1   |  out|   23|  ap_ctrl_hs|  gru_cell_step.1|  return value|
|grp_fu_4206_p_dout0  |   in|   45|  ap_ctrl_hs|  gru_cell_step.1|  return value|
|grp_fu_4206_p_ce     |  out|    1|  ap_ctrl_hs|  gru_cell_step.1|  return value|
|grp_fu_4182_p_din0   |  out|   21|  ap_ctrl_hs|  gru_cell_step.1|  return value|
|grp_fu_4182_p_din1   |  out|   23|  ap_ctrl_hs|  gru_cell_step.1|  return value|
|grp_fu_4182_p_dout0  |   in|   44|  ap_ctrl_hs|  gru_cell_step.1|  return value|
|grp_fu_4182_p_ce     |  out|    1|  ap_ctrl_hs|  gru_cell_step.1|  return value|
|grp_fu_4282_p_din0   |  out|   23|  ap_ctrl_hs|  gru_cell_step.1|  return value|
|grp_fu_4282_p_din1   |  out|   23|  ap_ctrl_hs|  gru_cell_step.1|  return value|
|grp_fu_4282_p_dout0  |   in|   46|  ap_ctrl_hs|  gru_cell_step.1|  return value|
|grp_fu_4282_p_ce     |  out|    1|  ap_ctrl_hs|  gru_cell_step.1|  return value|
|grp_fu_4210_p_din0   |  out|   22|  ap_ctrl_hs|  gru_cell_step.1|  return value|
|grp_fu_4210_p_din1   |  out|   23|  ap_ctrl_hs|  gru_cell_step.1|  return value|
|grp_fu_4210_p_dout0  |   in|   45|  ap_ctrl_hs|  gru_cell_step.1|  return value|
|grp_fu_4210_p_ce     |  out|    1|  ap_ctrl_hs|  gru_cell_step.1|  return value|
|grp_fu_4218_p_din0   |  out|   22|  ap_ctrl_hs|  gru_cell_step.1|  return value|
|grp_fu_4218_p_din1   |  out|   23|  ap_ctrl_hs|  gru_cell_step.1|  return value|
|grp_fu_4218_p_dout0  |   in|   45|  ap_ctrl_hs|  gru_cell_step.1|  return value|
|grp_fu_4218_p_ce     |  out|    1|  ap_ctrl_hs|  gru_cell_step.1|  return value|
|grp_fu_4222_p_din0   |  out|   22|  ap_ctrl_hs|  gru_cell_step.1|  return value|
|grp_fu_4222_p_din1   |  out|   23|  ap_ctrl_hs|  gru_cell_step.1|  return value|
|grp_fu_4222_p_dout0  |   in|   45|  ap_ctrl_hs|  gru_cell_step.1|  return value|
|grp_fu_4222_p_ce     |  out|    1|  ap_ctrl_hs|  gru_cell_step.1|  return value|
|grp_fu_4230_p_din0   |  out|   22|  ap_ctrl_hs|  gru_cell_step.1|  return value|
|grp_fu_4230_p_din1   |  out|   23|  ap_ctrl_hs|  gru_cell_step.1|  return value|
|grp_fu_4230_p_dout0  |   in|   45|  ap_ctrl_hs|  gru_cell_step.1|  return value|
|grp_fu_4230_p_ce     |  out|    1|  ap_ctrl_hs|  gru_cell_step.1|  return value|
|grp_fu_4234_p_din0   |  out|   22|  ap_ctrl_hs|  gru_cell_step.1|  return value|
|grp_fu_4234_p_din1   |  out|   23|  ap_ctrl_hs|  gru_cell_step.1|  return value|
|grp_fu_4234_p_dout0  |   in|   45|  ap_ctrl_hs|  gru_cell_step.1|  return value|
|grp_fu_4234_p_ce     |  out|    1|  ap_ctrl_hs|  gru_cell_step.1|  return value|
|grp_fu_4242_p_din0   |  out|   22|  ap_ctrl_hs|  gru_cell_step.1|  return value|
|grp_fu_4242_p_din1   |  out|   23|  ap_ctrl_hs|  gru_cell_step.1|  return value|
|grp_fu_4242_p_dout0  |   in|   45|  ap_ctrl_hs|  gru_cell_step.1|  return value|
|grp_fu_4242_p_ce     |  out|    1|  ap_ctrl_hs|  gru_cell_step.1|  return value|
|grp_fu_4246_p_din0   |  out|   22|  ap_ctrl_hs|  gru_cell_step.1|  return value|
|grp_fu_4246_p_din1   |  out|   23|  ap_ctrl_hs|  gru_cell_step.1|  return value|
|grp_fu_4246_p_dout0  |   in|   45|  ap_ctrl_hs|  gru_cell_step.1|  return value|
|grp_fu_4246_p_ce     |  out|    1|  ap_ctrl_hs|  gru_cell_step.1|  return value|
|grp_fu_4314_p_din0   |  out|   23|  ap_ctrl_hs|  gru_cell_step.1|  return value|
|grp_fu_4314_p_din1   |  out|   23|  ap_ctrl_hs|  gru_cell_step.1|  return value|
|grp_fu_4314_p_dout0  |   in|   46|  ap_ctrl_hs|  gru_cell_step.1|  return value|
|grp_fu_4314_p_ce     |  out|    1|  ap_ctrl_hs|  gru_cell_step.1|  return value|
|grp_fu_4318_p_din0   |  out|   23|  ap_ctrl_hs|  gru_cell_step.1|  return value|
|grp_fu_4318_p_din1   |  out|   23|  ap_ctrl_hs|  gru_cell_step.1|  return value|
|grp_fu_4318_p_dout0  |   in|   46|  ap_ctrl_hs|  gru_cell_step.1|  return value|
|grp_fu_4318_p_ce     |  out|    1|  ap_ctrl_hs|  gru_cell_step.1|  return value|
|grp_fu_4254_p_din0   |  out|   22|  ap_ctrl_hs|  gru_cell_step.1|  return value|
|grp_fu_4254_p_din1   |  out|   23|  ap_ctrl_hs|  gru_cell_step.1|  return value|
|grp_fu_4254_p_dout0  |   in|   45|  ap_ctrl_hs|  gru_cell_step.1|  return value|
|grp_fu_4254_p_ce     |  out|    1|  ap_ctrl_hs|  gru_cell_step.1|  return value|
|grp_fu_4346_p_din0   |  out|   23|  ap_ctrl_hs|  gru_cell_step.1|  return value|
|grp_fu_4346_p_din1   |  out|   23|  ap_ctrl_hs|  gru_cell_step.1|  return value|
|grp_fu_4346_p_dout0  |   in|   46|  ap_ctrl_hs|  gru_cell_step.1|  return value|
|grp_fu_4346_p_ce     |  out|    1|  ap_ctrl_hs|  gru_cell_step.1|  return value|
|grp_fu_4258_p_din0   |  out|   22|  ap_ctrl_hs|  gru_cell_step.1|  return value|
|grp_fu_4258_p_din1   |  out|   23|  ap_ctrl_hs|  gru_cell_step.1|  return value|
|grp_fu_4258_p_dout0  |   in|   45|  ap_ctrl_hs|  gru_cell_step.1|  return value|
|grp_fu_4258_p_ce     |  out|    1|  ap_ctrl_hs|  gru_cell_step.1|  return value|
|grp_fu_4262_p_din0   |  out|   22|  ap_ctrl_hs|  gru_cell_step.1|  return value|
|grp_fu_4262_p_din1   |  out|   23|  ap_ctrl_hs|  gru_cell_step.1|  return value|
|grp_fu_4262_p_dout0  |   in|   45|  ap_ctrl_hs|  gru_cell_step.1|  return value|
|grp_fu_4262_p_ce     |  out|    1|  ap_ctrl_hs|  gru_cell_step.1|  return value|
|grp_fu_4274_p_din0   |  out|   22|  ap_ctrl_hs|  gru_cell_step.1|  return value|
|grp_fu_4274_p_din1   |  out|   23|  ap_ctrl_hs|  gru_cell_step.1|  return value|
|grp_fu_4274_p_dout0  |   in|   45|  ap_ctrl_hs|  gru_cell_step.1|  return value|
|grp_fu_4274_p_ce     |  out|    1|  ap_ctrl_hs|  gru_cell_step.1|  return value|
|grp_fu_4278_p_din0   |  out|   22|  ap_ctrl_hs|  gru_cell_step.1|  return value|
|grp_fu_4278_p_din1   |  out|   23|  ap_ctrl_hs|  gru_cell_step.1|  return value|
|grp_fu_4278_p_dout0  |   in|   45|  ap_ctrl_hs|  gru_cell_step.1|  return value|
|grp_fu_4278_p_ce     |  out|    1|  ap_ctrl_hs|  gru_cell_step.1|  return value|
|grp_fu_4286_p_din0   |  out|   22|  ap_ctrl_hs|  gru_cell_step.1|  return value|
|grp_fu_4286_p_din1   |  out|   23|  ap_ctrl_hs|  gru_cell_step.1|  return value|
|grp_fu_4286_p_dout0  |   in|   45|  ap_ctrl_hs|  gru_cell_step.1|  return value|
|grp_fu_4286_p_ce     |  out|    1|  ap_ctrl_hs|  gru_cell_step.1|  return value|
|grp_fu_4290_p_din0   |  out|   22|  ap_ctrl_hs|  gru_cell_step.1|  return value|
|grp_fu_4290_p_din1   |  out|   23|  ap_ctrl_hs|  gru_cell_step.1|  return value|
|grp_fu_4290_p_dout0  |   in|   45|  ap_ctrl_hs|  gru_cell_step.1|  return value|
|grp_fu_4290_p_ce     |  out|    1|  ap_ctrl_hs|  gru_cell_step.1|  return value|
|grp_fu_4198_p_din0   |  out|   21|  ap_ctrl_hs|  gru_cell_step.1|  return value|
|grp_fu_4198_p_din1   |  out|   23|  ap_ctrl_hs|  gru_cell_step.1|  return value|
|grp_fu_4198_p_dout0  |   in|   44|  ap_ctrl_hs|  gru_cell_step.1|  return value|
|grp_fu_4198_p_ce     |  out|    1|  ap_ctrl_hs|  gru_cell_step.1|  return value|
|grp_fu_4294_p_din0   |  out|   22|  ap_ctrl_hs|  gru_cell_step.1|  return value|
|grp_fu_4294_p_din1   |  out|   23|  ap_ctrl_hs|  gru_cell_step.1|  return value|
|grp_fu_4294_p_dout0  |   in|   45|  ap_ctrl_hs|  gru_cell_step.1|  return value|
|grp_fu_4294_p_ce     |  out|    1|  ap_ctrl_hs|  gru_cell_step.1|  return value|
|grp_fu_4298_p_din0   |  out|   22|  ap_ctrl_hs|  gru_cell_step.1|  return value|
|grp_fu_4298_p_din1   |  out|   23|  ap_ctrl_hs|  gru_cell_step.1|  return value|
|grp_fu_4298_p_dout0  |   in|   45|  ap_ctrl_hs|  gru_cell_step.1|  return value|
|grp_fu_4298_p_ce     |  out|    1|  ap_ctrl_hs|  gru_cell_step.1|  return value|
|grp_fu_4302_p_din0   |  out|   22|  ap_ctrl_hs|  gru_cell_step.1|  return value|
|grp_fu_4302_p_din1   |  out|   23|  ap_ctrl_hs|  gru_cell_step.1|  return value|
|grp_fu_4302_p_dout0  |   in|   45|  ap_ctrl_hs|  gru_cell_step.1|  return value|
|grp_fu_4302_p_ce     |  out|    1|  ap_ctrl_hs|  gru_cell_step.1|  return value|
|grp_fu_4306_p_din0   |  out|   22|  ap_ctrl_hs|  gru_cell_step.1|  return value|
|grp_fu_4306_p_din1   |  out|   23|  ap_ctrl_hs|  gru_cell_step.1|  return value|
|grp_fu_4306_p_dout0  |   in|   45|  ap_ctrl_hs|  gru_cell_step.1|  return value|
|grp_fu_4306_p_ce     |  out|    1|  ap_ctrl_hs|  gru_cell_step.1|  return value|
|grp_fu_4310_p_din0   |  out|   22|  ap_ctrl_hs|  gru_cell_step.1|  return value|
|grp_fu_4310_p_din1   |  out|   23|  ap_ctrl_hs|  gru_cell_step.1|  return value|
|grp_fu_4310_p_dout0  |   in|   45|  ap_ctrl_hs|  gru_cell_step.1|  return value|
|grp_fu_4310_p_ce     |  out|    1|  ap_ctrl_hs|  gru_cell_step.1|  return value|
|grp_fu_4322_p_din0   |  out|   22|  ap_ctrl_hs|  gru_cell_step.1|  return value|
|grp_fu_4322_p_din1   |  out|   23|  ap_ctrl_hs|  gru_cell_step.1|  return value|
|grp_fu_4322_p_dout0  |   in|   45|  ap_ctrl_hs|  gru_cell_step.1|  return value|
|grp_fu_4322_p_ce     |  out|    1|  ap_ctrl_hs|  gru_cell_step.1|  return value|
|grp_fu_4214_p_din0   |  out|   21|  ap_ctrl_hs|  gru_cell_step.1|  return value|
|grp_fu_4214_p_din1   |  out|   23|  ap_ctrl_hs|  gru_cell_step.1|  return value|
|grp_fu_4214_p_dout0  |   in|   44|  ap_ctrl_hs|  gru_cell_step.1|  return value|
|grp_fu_4214_p_ce     |  out|    1|  ap_ctrl_hs|  gru_cell_step.1|  return value|
|grp_fu_4326_p_din0   |  out|   22|  ap_ctrl_hs|  gru_cell_step.1|  return value|
|grp_fu_4326_p_din1   |  out|   23|  ap_ctrl_hs|  gru_cell_step.1|  return value|
|grp_fu_4326_p_dout0  |   in|   45|  ap_ctrl_hs|  gru_cell_step.1|  return value|
|grp_fu_4326_p_ce     |  out|    1|  ap_ctrl_hs|  gru_cell_step.1|  return value|
|grp_fu_4330_p_din0   |  out|   22|  ap_ctrl_hs|  gru_cell_step.1|  return value|
|grp_fu_4330_p_din1   |  out|   23|  ap_ctrl_hs|  gru_cell_step.1|  return value|
|grp_fu_4330_p_dout0  |   in|   45|  ap_ctrl_hs|  gru_cell_step.1|  return value|
|grp_fu_4330_p_ce     |  out|    1|  ap_ctrl_hs|  gru_cell_step.1|  return value|
|grp_fu_4334_p_din0   |  out|   22|  ap_ctrl_hs|  gru_cell_step.1|  return value|
|grp_fu_4334_p_din1   |  out|   23|  ap_ctrl_hs|  gru_cell_step.1|  return value|
|grp_fu_4334_p_dout0  |   in|   45|  ap_ctrl_hs|  gru_cell_step.1|  return value|
|grp_fu_4334_p_ce     |  out|    1|  ap_ctrl_hs|  gru_cell_step.1|  return value|
|grp_fu_4338_p_din0   |  out|   22|  ap_ctrl_hs|  gru_cell_step.1|  return value|
|grp_fu_4338_p_din1   |  out|   23|  ap_ctrl_hs|  gru_cell_step.1|  return value|
|grp_fu_4338_p_dout0  |   in|   45|  ap_ctrl_hs|  gru_cell_step.1|  return value|
|grp_fu_4338_p_ce     |  out|    1|  ap_ctrl_hs|  gru_cell_step.1|  return value|
|grp_fu_4342_p_din0   |  out|   22|  ap_ctrl_hs|  gru_cell_step.1|  return value|
|grp_fu_4342_p_din1   |  out|   23|  ap_ctrl_hs|  gru_cell_step.1|  return value|
|grp_fu_4342_p_dout0  |   in|   45|  ap_ctrl_hs|  gru_cell_step.1|  return value|
|grp_fu_4342_p_ce     |  out|    1|  ap_ctrl_hs|  gru_cell_step.1|  return value|
|grp_fu_4350_p_din0   |  out|   22|  ap_ctrl_hs|  gru_cell_step.1|  return value|
|grp_fu_4350_p_din1   |  out|   23|  ap_ctrl_hs|  gru_cell_step.1|  return value|
|grp_fu_4350_p_dout0  |   in|   45|  ap_ctrl_hs|  gru_cell_step.1|  return value|
|grp_fu_4350_p_ce     |  out|    1|  ap_ctrl_hs|  gru_cell_step.1|  return value|
|grp_fu_4226_p_din0   |  out|   21|  ap_ctrl_hs|  gru_cell_step.1|  return value|
|grp_fu_4226_p_din1   |  out|   23|  ap_ctrl_hs|  gru_cell_step.1|  return value|
|grp_fu_4226_p_dout0  |   in|   44|  ap_ctrl_hs|  gru_cell_step.1|  return value|
|grp_fu_4226_p_ce     |  out|    1|  ap_ctrl_hs|  gru_cell_step.1|  return value|
|grp_fu_4354_p_din0   |  out|   22|  ap_ctrl_hs|  gru_cell_step.1|  return value|
|grp_fu_4354_p_din1   |  out|   23|  ap_ctrl_hs|  gru_cell_step.1|  return value|
|grp_fu_4354_p_dout0  |   in|   45|  ap_ctrl_hs|  gru_cell_step.1|  return value|
|grp_fu_4354_p_ce     |  out|    1|  ap_ctrl_hs|  gru_cell_step.1|  return value|
|grp_fu_4358_p_din0   |  out|   22|  ap_ctrl_hs|  gru_cell_step.1|  return value|
|grp_fu_4358_p_din1   |  out|   23|  ap_ctrl_hs|  gru_cell_step.1|  return value|
|grp_fu_4358_p_dout0  |   in|   45|  ap_ctrl_hs|  gru_cell_step.1|  return value|
|grp_fu_4358_p_ce     |  out|    1|  ap_ctrl_hs|  gru_cell_step.1|  return value|
|grp_fu_4362_p_din0   |  out|   22|  ap_ctrl_hs|  gru_cell_step.1|  return value|
|grp_fu_4362_p_din1   |  out|   23|  ap_ctrl_hs|  gru_cell_step.1|  return value|
|grp_fu_4362_p_dout0  |   in|   45|  ap_ctrl_hs|  gru_cell_step.1|  return value|
|grp_fu_4362_p_ce     |  out|    1|  ap_ctrl_hs|  gru_cell_step.1|  return value|
|grp_fu_4366_p_din0   |  out|   22|  ap_ctrl_hs|  gru_cell_step.1|  return value|
|grp_fu_4366_p_din1   |  out|   23|  ap_ctrl_hs|  gru_cell_step.1|  return value|
|grp_fu_4366_p_dout0  |   in|   45|  ap_ctrl_hs|  gru_cell_step.1|  return value|
|grp_fu_4366_p_ce     |  out|    1|  ap_ctrl_hs|  gru_cell_step.1|  return value|
|grp_fu_4370_p_din0   |  out|   22|  ap_ctrl_hs|  gru_cell_step.1|  return value|
|grp_fu_4370_p_din1   |  out|   23|  ap_ctrl_hs|  gru_cell_step.1|  return value|
|grp_fu_4370_p_dout0  |   in|   45|  ap_ctrl_hs|  gru_cell_step.1|  return value|
|grp_fu_4370_p_ce     |  out|    1|  ap_ctrl_hs|  gru_cell_step.1|  return value|
|grp_fu_4374_p_din0   |  out|   22|  ap_ctrl_hs|  gru_cell_step.1|  return value|
|grp_fu_4374_p_din1   |  out|   23|  ap_ctrl_hs|  gru_cell_step.1|  return value|
|grp_fu_4374_p_dout0  |   in|   45|  ap_ctrl_hs|  gru_cell_step.1|  return value|
|grp_fu_4374_p_ce     |  out|    1|  ap_ctrl_hs|  gru_cell_step.1|  return value|
|grp_fu_4378_p_din0   |  out|   22|  ap_ctrl_hs|  gru_cell_step.1|  return value|
|grp_fu_4378_p_din1   |  out|   23|  ap_ctrl_hs|  gru_cell_step.1|  return value|
|grp_fu_4378_p_dout0  |   in|   45|  ap_ctrl_hs|  gru_cell_step.1|  return value|
|grp_fu_4378_p_ce     |  out|    1|  ap_ctrl_hs|  gru_cell_step.1|  return value|
|grp_fu_4238_p_din0   |  out|   21|  ap_ctrl_hs|  gru_cell_step.1|  return value|
|grp_fu_4238_p_din1   |  out|   23|  ap_ctrl_hs|  gru_cell_step.1|  return value|
|grp_fu_4238_p_dout0  |   in|   44|  ap_ctrl_hs|  gru_cell_step.1|  return value|
|grp_fu_4238_p_ce     |  out|    1|  ap_ctrl_hs|  gru_cell_step.1|  return value|
|grp_fu_4250_p_din0   |  out|   21|  ap_ctrl_hs|  gru_cell_step.1|  return value|
|grp_fu_4250_p_din1   |  out|   23|  ap_ctrl_hs|  gru_cell_step.1|  return value|
|grp_fu_4250_p_dout0  |   in|   44|  ap_ctrl_hs|  gru_cell_step.1|  return value|
|grp_fu_4250_p_ce     |  out|    1|  ap_ctrl_hs|  gru_cell_step.1|  return value|
|grp_fu_4270_p_din0   |  out|   21|  ap_ctrl_hs|  gru_cell_step.1|  return value|
|grp_fu_4270_p_din1   |  out|   23|  ap_ctrl_hs|  gru_cell_step.1|  return value|
|grp_fu_4270_p_dout0  |   in|   44|  ap_ctrl_hs|  gru_cell_step.1|  return value|
|grp_fu_4270_p_ce     |  out|    1|  ap_ctrl_hs|  gru_cell_step.1|  return value|
|h_prev_0_address0    |  out|    3|   ap_memory|         h_prev_0|         array|
|h_prev_0_ce0         |  out|    1|   ap_memory|         h_prev_0|         array|
|h_prev_0_q0          |   in|    8|   ap_memory|         h_prev_0|         array|
|h_prev_0_address1    |  out|    3|   ap_memory|         h_prev_0|         array|
|h_prev_0_ce1         |  out|    1|   ap_memory|         h_prev_0|         array|
|h_prev_0_q1          |   in|    8|   ap_memory|         h_prev_0|         array|
|h_prev_1_address0    |  out|    3|   ap_memory|         h_prev_1|         array|
|h_prev_1_ce0         |  out|    1|   ap_memory|         h_prev_1|         array|
|h_prev_1_q0          |   in|    8|   ap_memory|         h_prev_1|         array|
|h_prev_1_address1    |  out|    3|   ap_memory|         h_prev_1|         array|
|h_prev_1_ce1         |  out|    1|   ap_memory|         h_prev_1|         array|
|h_prev_1_q1          |   in|    8|   ap_memory|         h_prev_1|         array|
|h_prev_2_address0    |  out|    3|   ap_memory|         h_prev_2|         array|
|h_prev_2_ce0         |  out|    1|   ap_memory|         h_prev_2|         array|
|h_prev_2_q0          |   in|    8|   ap_memory|         h_prev_2|         array|
|h_prev_2_address1    |  out|    3|   ap_memory|         h_prev_2|         array|
|h_prev_2_ce1         |  out|    1|   ap_memory|         h_prev_2|         array|
|h_prev_2_q1          |   in|    8|   ap_memory|         h_prev_2|         array|
|h_prev_3_address0    |  out|    3|   ap_memory|         h_prev_3|         array|
|h_prev_3_ce0         |  out|    1|   ap_memory|         h_prev_3|         array|
|h_prev_3_q0          |   in|    8|   ap_memory|         h_prev_3|         array|
|h_prev_3_address1    |  out|    3|   ap_memory|         h_prev_3|         array|
|h_prev_3_ce1         |  out|    1|   ap_memory|         h_prev_3|         array|
|h_prev_3_q1          |   in|    8|   ap_memory|         h_prev_3|         array|
|h_new_address0       |  out|    5|   ap_memory|            h_new|         array|
|h_new_ce0            |  out|    1|   ap_memory|            h_new|         array|
|h_new_we0            |  out|    1|   ap_memory|            h_new|         array|
|h_new_d0             |  out|    8|   ap_memory|            h_new|         array|
+---------------------+-----+-----+------------+-----------------+--------------+

