

================================================================
== Vitis HLS Report for 'gru_cell_step'
================================================================
* Date:           Fri Aug 14 15:46:30 2026

* Version:        2022.2 (Build 3670227 on Oct 13 2022)
* Project:        seq2seqlite_student_proj
* Solution:       solution1 (Vivado IP Flow Target)
* Product family: kintex7
* Target device:  xc7k410t-ffg676-1


================================================================
== Performance Estimates
================================================================
+ Timing: 
    * Summary: 
    +--------+---------+----------+------------+
    |  Clock |  Target | Estimated| Uncertainty|
    +--------+---------+----------+------------+
    |ap_clk  |  4.50 ns|  3.245 ns|     1.22 ns|
    +--------+---------+----------+------------+

+ Latency: 
    * Summary: 
    +---------+---------+----------+----------+-----+-----+---------+
    |  Latency (cycles) |  Latency (absolute) |  Interval | Pipeline|
    |   min   |   max   |    min   |    max   | min | max |   Type  |
    +---------+---------+----------+----------+-----+-----+---------+
    |      360|      360|  1.620 us|  1.620 us|  360|  360|       no|
    +---------+---------+----------+----------+-----+-----+---------+

    + Detail: 
        * Instance: 
        +----------------------------------------------------+----------------------------------------+---------+---------+----------+----------+-----+-----+---------+
        |                                                    |                                        |  Latency (cycles) |  Latency (absolute) |  Interval | Pipeline|
        |                      Instance                      |                 Module                 |   min   |   max   |    min   |    max   | min | max |   Type  |
        +----------------------------------------------------+----------------------------------------+---------+---------+----------+----------+-----+-----+---------+
        |grp_gru_cell_step_Pipeline_VITIS_LOOP_48_1_fu_915   |gru_cell_step_Pipeline_VITIS_LOOP_48_1  |      159|      159|  0.716 us|  0.716 us|  159|  159|       no|
        |grp_gru_cell_step_Pipeline_VITIS_LOOP_94_5_fu_1105  |gru_cell_step_Pipeline_VITIS_LOOP_94_5  |      173|      173|  0.778 us|  0.778 us|  173|  173|       no|
        +----------------------------------------------------+----------------------------------------+---------+---------+----------+----------+-----+-----+---------+

        * Loop: 
        N/A



================================================================
== Utilization Estimates
================================================================
* Summary: 
+-----------------+---------+------+--------+--------+-----+
|       Name      | BRAM_18K|  DSP |   FF   |   LUT  | URAM|
+-----------------+---------+------+--------+--------+-----+
|DSP              |        -|    32|       -|       -|    -|
|Expression       |        -|     -|       0|    4480|    -|
|FIFO             |        -|     -|       -|       -|    -|
|Instance         |        0|    17|   14727|    7675|    -|
|Memory           |        0|     -|      42|      14|    0|
|Multiplexer      |        -|     -|       -|    2071|    -|
|Register         |        -|     -|    2687|       -|    -|
+-----------------+---------+------+--------+--------+-----+
|Total            |        0|    49|   17456|   14240|    0|
+-----------------+---------+------+--------+--------+-----+
|Available        |     1590|  1540|  508400|  254200|    0|
+-----------------+---------+------+--------+--------+-----+
|Utilization (%)  |        0|     3|       3|       5|    0|
+-----------------+---------+------+--------+--------+-----+

+ Detail: 
    * Instance: 
    +----------------------------------------------------+----------------------------------------+---------+----+------+------+-----+
    |                      Instance                      |                 Module                 | BRAM_18K| DSP|  FF  |  LUT | URAM|
    +----------------------------------------------------+----------------------------------------+---------+----+------+------+-----+
    |grp_gru_cell_step_Pipeline_VITIS_LOOP_48_1_fu_915   |gru_cell_step_Pipeline_VITIS_LOOP_48_1  |        0|  14|  9728|  4683|    0|
    |grp_gru_cell_step_Pipeline_VITIS_LOOP_94_5_fu_1105  |gru_cell_step_Pipeline_VITIS_LOOP_94_5  |        0|   2|  4982|  2969|    0|
    |mul_23s_24s_47_3_1_U342                             |mul_23s_24s_47_3_1                      |        0|   1|    17|    23|    0|
    +----------------------------------------------------+----------------------------------------+---------+----+------+------+-----+
    |Total                                               |                                        |        0|  17| 14727|  7675|    0|
    +----------------------------------------------------+----------------------------------------+---------+----+------+------+-----+

    * DSP: 
    +------------------------------+-------------------------+-----------+
    |           Instance           |          Module         | Expression|
    +------------------------------+-------------------------+-----------+
    |mul_mul_14ns_15s_29_4_1_U310  |mul_mul_14ns_15s_29_4_1  |    i0 * i1|
    |mul_mul_14ns_15s_29_4_1_U311  |mul_mul_14ns_15s_29_4_1  |    i0 * i1|
    |mul_mul_14ns_15s_29_4_1_U312  |mul_mul_14ns_15s_29_4_1  |    i0 * i1|
    |mul_mul_14ns_15s_29_4_1_U313  |mul_mul_14ns_15s_29_4_1  |    i0 * i1|
    |mul_mul_14ns_15s_29_4_1_U314  |mul_mul_14ns_15s_29_4_1  |    i0 * i1|
    |mul_mul_14ns_15s_29_4_1_U315  |mul_mul_14ns_15s_29_4_1  |    i0 * i1|
    |mul_mul_14ns_15s_29_4_1_U316  |mul_mul_14ns_15s_29_4_1  |    i0 * i1|
    |mul_mul_14ns_15s_29_4_1_U317  |mul_mul_14ns_15s_29_4_1  |    i0 * i1|
    |mul_mul_14ns_15s_29_4_1_U318  |mul_mul_14ns_15s_29_4_1  |    i0 * i1|
    |mul_mul_14ns_15s_29_4_1_U319  |mul_mul_14ns_15s_29_4_1  |    i0 * i1|
    |mul_mul_14ns_15s_29_4_1_U320  |mul_mul_14ns_15s_29_4_1  |    i0 * i1|
    |mul_mul_14ns_15s_29_4_1_U321  |mul_mul_14ns_15s_29_4_1  |    i0 * i1|
    |mul_mul_14ns_15s_29_4_1_U322  |mul_mul_14ns_15s_29_4_1  |    i0 * i1|
    |mul_mul_14ns_15s_29_4_1_U323  |mul_mul_14ns_15s_29_4_1  |    i0 * i1|
    |mul_mul_14ns_15s_29_4_1_U324  |mul_mul_14ns_15s_29_4_1  |    i0 * i1|
    |mul_mul_14ns_15s_29_4_1_U325  |mul_mul_14ns_15s_29_4_1  |    i0 * i1|
    |mul_mul_14ns_15s_29_4_1_U326  |mul_mul_14ns_15s_29_4_1  |    i0 * i1|
    |mul_mul_14ns_15s_29_4_1_U327  |mul_mul_14ns_15s_29_4_1  |    i0 * i1|
    |mul_mul_14ns_15s_29_4_1_U328  |mul_mul_14ns_15s_29_4_1  |    i0 * i1|
    |mul_mul_14ns_15s_29_4_1_U329  |mul_mul_14ns_15s_29_4_1  |    i0 * i1|
    |mul_mul_14ns_15s_29_4_1_U330  |mul_mul_14ns_15s_29_4_1  |    i0 * i1|
    |mul_mul_14ns_15s_29_4_1_U331  |mul_mul_14ns_15s_29_4_1  |    i0 * i1|
    |mul_mul_14ns_15s_29_4_1_U332  |mul_mul_14ns_15s_29_4_1  |    i0 * i1|
    |mul_mul_14ns_15s_29_4_1_U333  |mul_mul_14ns_15s_29_4_1  |    i0 * i1|
    |mul_mul_14ns_15s_29_4_1_U334  |mul_mul_14ns_15s_29_4_1  |    i0 * i1|
    |mul_mul_14ns_15s_29_4_1_U335  |mul_mul_14ns_15s_29_4_1  |    i0 * i1|
    |mul_mul_14ns_15s_29_4_1_U336  |mul_mul_14ns_15s_29_4_1  |    i0 * i1|
    |mul_mul_14ns_15s_29_4_1_U337  |mul_mul_14ns_15s_29_4_1  |    i0 * i1|
    |mul_mul_14ns_15s_29_4_1_U338  |mul_mul_14ns_15s_29_4_1  |    i0 * i1|
    |mul_mul_14ns_15s_29_4_1_U339  |mul_mul_14ns_15s_29_4_1  |    i0 * i1|
    |mul_mul_14ns_15s_29_4_1_U340  |mul_mul_14ns_15s_29_4_1  |    i0 * i1|
    |mul_mul_14ns_15s_29_4_1_U341  |mul_mul_14ns_15s_29_4_1  |    i0 * i1|
    +------------------------------+-------------------------+-----------+

    * Memory: 
    +-------+---------------------------------+---------+----+----+-----+------+-----+------+-------------+
    | Memory|              Module             | BRAM_18K| FF | LUT| URAM| Words| Bits| Banks| W*Bits*Banks|
    +-------+---------------------------------+---------+----+----+-----+------+-----+------+-------------+
    |r_V_U  |gru_cell_step_r_V_RAM_AUTO_1R1W  |        0|  28|   7|    0|    32|   14|     1|          448|
    |z_V_U  |gru_cell_step_z_V_RAM_AUTO_1R1W  |        0|  14|   7|    0|    32|   14|     1|          448|
    +-------+---------------------------------+---------+----+----+-----+------+-----+------+-------------+
    |Total  |                                 |        0|  42|  14|    0|    64|   28|     2|          896|
    +-------+---------------------------------+---------+----+----+-----+------+-----+------+-------------+

    * FIFO: 
    N/A

    * Expression: 
    +-----------------------------+----------+----+---+----+------------+------------+
    |        Variable Name        | Operation| DSP| FF| LUT| Bitwidth P0| Bitwidth P1|
    +-----------------------------+----------+----+---+----+------------+------------+
    |p_Val2_163_fu_1708_p2        |         +|   0|  0|  15|           8|           8|
    |p_Val2_166_fu_1832_p2        |         +|   0|  0|  15|           8|           8|
    |p_Val2_169_fu_2060_p2        |         +|   0|  0|  15|           8|           8|
    |p_Val2_172_fu_2184_p2        |         +|   0|  0|  15|           8|           8|
    |p_Val2_175_fu_2438_p2        |         +|   0|  0|  15|           8|           8|
    |p_Val2_178_fu_2562_p2        |         +|   0|  0|  15|           8|           8|
    |p_Val2_181_fu_2816_p2        |         +|   0|  0|  15|           8|           8|
    |p_Val2_184_fu_2940_p2        |         +|   0|  0|  15|           8|           8|
    |p_Val2_187_fu_3194_p2        |         +|   0|  0|  15|           8|           8|
    |p_Val2_190_fu_3318_p2        |         +|   0|  0|  15|           8|           8|
    |p_Val2_193_fu_3572_p2        |         +|   0|  0|  15|           8|           8|
    |p_Val2_196_fu_3696_p2        |         +|   0|  0|  15|           8|           8|
    |p_Val2_199_fu_3950_p2        |         +|   0|  0|  15|           8|           8|
    |p_Val2_202_fu_4074_p2        |         +|   0|  0|  15|           8|           8|
    |p_Val2_205_fu_4328_p2        |         +|   0|  0|  15|           8|           8|
    |p_Val2_208_fu_4452_p2        |         +|   0|  0|  15|           8|           8|
    |p_Val2_211_fu_4706_p2        |         +|   0|  0|  15|           8|           8|
    |p_Val2_214_fu_4830_p2        |         +|   0|  0|  15|           8|           8|
    |p_Val2_217_fu_5084_p2        |         +|   0|  0|  15|           8|           8|
    |p_Val2_220_fu_5208_p2        |         +|   0|  0|  15|           8|           8|
    |p_Val2_223_fu_5462_p2        |         +|   0|  0|  15|           8|           8|
    |p_Val2_226_fu_5586_p2        |         +|   0|  0|  15|           8|           8|
    |p_Val2_229_fu_5840_p2        |         +|   0|  0|  15|           8|           8|
    |p_Val2_232_fu_5964_p2        |         +|   0|  0|  15|           8|           8|
    |p_Val2_235_fu_6218_p2        |         +|   0|  0|  15|           8|           8|
    |p_Val2_238_fu_6342_p2        |         +|   0|  0|  15|           8|           8|
    |p_Val2_241_fu_6566_p2        |         +|   0|  0|  15|           8|           8|
    |p_Val2_244_fu_6690_p2        |         +|   0|  0|  15|           8|           8|
    |p_Val2_247_fu_6914_p2        |         +|   0|  0|  15|           8|           8|
    |p_Val2_250_fu_7038_p2        |         +|   0|  0|  15|           8|           8|
    |p_Val2_253_fu_7262_p2        |         +|   0|  0|  15|           8|           8|
    |p_Val2_256_fu_7386_p2        |         +|   0|  0|  15|           8|           8|
    |and_ln891_32_fu_1896_p2      |       and|   0|  0|   6|           1|           1|
    |and_ln891_33_fu_2124_p2      |       and|   0|  0|   6|           1|           1|
    |and_ln891_34_fu_2248_p2      |       and|   0|  0|   6|           1|           1|
    |and_ln891_35_fu_2502_p2      |       and|   0|  0|   6|           1|           1|
    |and_ln891_36_fu_2626_p2      |       and|   0|  0|   6|           1|           1|
    |and_ln891_37_fu_2880_p2      |       and|   0|  0|   6|           1|           1|
    |and_ln891_38_fu_3004_p2      |       and|   0|  0|   6|           1|           1|
    |and_ln891_39_fu_3258_p2      |       and|   0|  0|   6|           1|           1|
    |and_ln891_40_fu_3382_p2      |       and|   0|  0|   6|           1|           1|
    |and_ln891_41_fu_3636_p2      |       and|   0|  0|   6|           1|           1|
    |and_ln891_42_fu_3760_p2      |       and|   0|  0|   6|           1|           1|
    |and_ln891_43_fu_4014_p2      |       and|   0|  0|   6|           1|           1|
    |and_ln891_44_fu_4138_p2      |       and|   0|  0|   6|           1|           1|
    |and_ln891_45_fu_4392_p2      |       and|   0|  0|   6|           1|           1|
    |and_ln891_46_fu_4516_p2      |       and|   0|  0|   6|           1|           1|
    |and_ln891_47_fu_4770_p2      |       and|   0|  0|   6|           1|           1|
    |and_ln891_48_fu_4894_p2      |       and|   0|  0|   6|           1|           1|
    |and_ln891_49_fu_5148_p2      |       and|   0|  0|   6|           1|           1|
    |and_ln891_50_fu_5272_p2      |       and|   0|  0|   6|           1|           1|
    |and_ln891_51_fu_5526_p2      |       and|   0|  0|   6|           1|           1|
    |and_ln891_52_fu_5650_p2      |       and|   0|  0|   6|           1|           1|
    |and_ln891_53_fu_5904_p2      |       and|   0|  0|   6|           1|           1|
    |and_ln891_54_fu_6028_p2      |       and|   0|  0|   6|           1|           1|
    |and_ln891_55_fu_6282_p2      |       and|   0|  0|   6|           1|           1|
    |and_ln891_56_fu_6406_p2      |       and|   0|  0|   6|           1|           1|
    |and_ln891_57_fu_6630_p2      |       and|   0|  0|   6|           1|           1|
    |and_ln891_58_fu_6754_p2      |       and|   0|  0|   6|           1|           1|
    |and_ln891_59_fu_6978_p2      |       and|   0|  0|   6|           1|           1|
    |and_ln891_60_fu_7102_p2      |       and|   0|  0|   6|           1|           1|
    |and_ln891_61_fu_7326_p2      |       and|   0|  0|   6|           1|           1|
    |and_ln891_62_fu_7450_p2      |       and|   0|  0|   6|           1|           1|
    |and_ln891_fu_1772_p2         |       and|   0|  0|   6|           1|           1|
    |carry_100_fu_1727_p2         |       and|   0|  0|   6|           1|           1|
    |carry_104_fu_1851_p2         |       and|   0|  0|   6|           1|           1|
    |carry_108_fu_2079_p2         |       and|   0|  0|   6|           1|           1|
    |carry_112_fu_2203_p2         |       and|   0|  0|   6|           1|           1|
    |carry_116_fu_2457_p2         |       and|   0|  0|   6|           1|           1|
    |carry_120_fu_2581_p2         |       and|   0|  0|   6|           1|           1|
    |carry_124_fu_2835_p2         |       and|   0|  0|   6|           1|           1|
    |carry_128_fu_2959_p2         |       and|   0|  0|   6|           1|           1|
    |carry_132_fu_3213_p2         |       and|   0|  0|   6|           1|           1|
    |carry_134_fu_3337_p2         |       and|   0|  0|   6|           1|           1|
    |carry_136_fu_3591_p2         |       and|   0|  0|   6|           1|           1|
    |carry_138_fu_3715_p2         |       and|   0|  0|   6|           1|           1|
    |carry_140_fu_3969_p2         |       and|   0|  0|   6|           1|           1|
    |carry_142_fu_4093_p2         |       and|   0|  0|   6|           1|           1|
    |carry_144_fu_4347_p2         |       and|   0|  0|   6|           1|           1|
    |carry_146_fu_4471_p2         |       and|   0|  0|   6|           1|           1|
    |carry_148_fu_4725_p2         |       and|   0|  0|   6|           1|           1|
    |carry_150_fu_4849_p2         |       and|   0|  0|   6|           1|           1|
    |carry_152_fu_5103_p2         |       and|   0|  0|   6|           1|           1|
    |carry_154_fu_5227_p2         |       and|   0|  0|   6|           1|           1|
    |carry_156_fu_5481_p2         |       and|   0|  0|   6|           1|           1|
    |carry_158_fu_5605_p2         |       and|   0|  0|   6|           1|           1|
    |carry_160_fu_5859_p2         |       and|   0|  0|   6|           1|           1|
    |carry_162_fu_5983_p2         |       and|   0|  0|   6|           1|           1|
    |carry_164_fu_6237_p2         |       and|   0|  0|   6|           1|           1|
    |carry_166_fu_6361_p2         |       and|   0|  0|   6|           1|           1|
    |carry_168_fu_6585_p2         |       and|   0|  0|   6|           1|           1|
    |carry_170_fu_6709_p2         |       and|   0|  0|   6|           1|           1|
    |carry_172_fu_6933_p2         |       and|   0|  0|   6|           1|           1|
    |carry_174_fu_7057_p2         |       and|   0|  0|   6|           1|           1|
    |carry_176_fu_7281_p2         |       and|   0|  0|   6|           1|           1|
    |carry_178_fu_7405_p2         |       and|   0|  0|   6|           1|           1|
    |deleted_ones_65_fu_1891_p2   |       and|   0|  0|   6|           1|           1|
    |deleted_ones_66_fu_2119_p2   |       and|   0|  0|   6|           1|           1|
    |deleted_ones_67_fu_2243_p2   |       and|   0|  0|   6|           1|           1|
    |deleted_ones_68_fu_2497_p2   |       and|   0|  0|   6|           1|           1|
    |deleted_ones_69_fu_2621_p2   |       and|   0|  0|   6|           1|           1|
    |deleted_ones_70_fu_2875_p2   |       and|   0|  0|   6|           1|           1|
    |deleted_ones_71_fu_2999_p2   |       and|   0|  0|   6|           1|           1|
    |deleted_ones_72_fu_3253_p2   |       and|   0|  0|   6|           1|           1|
    |deleted_ones_73_fu_3377_p2   |       and|   0|  0|   6|           1|           1|
    |deleted_ones_74_fu_3631_p2   |       and|   0|  0|   6|           1|           1|
    |deleted_ones_75_fu_3755_p2   |       and|   0|  0|   6|           1|           1|
    |deleted_ones_76_fu_4009_p2   |       and|   0|  0|   6|           1|           1|
    |deleted_ones_77_fu_4133_p2   |       and|   0|  0|   6|           1|           1|
    |deleted_ones_78_fu_4387_p2   |       and|   0|  0|   6|           1|           1|
    |deleted_ones_79_fu_4511_p2   |       and|   0|  0|   6|           1|           1|
    |deleted_ones_80_fu_4765_p2   |       and|   0|  0|   6|           1|           1|
    |deleted_ones_81_fu_4889_p2   |       and|   0|  0|   6|           1|           1|
    |deleted_ones_82_fu_5143_p2   |       and|   0|  0|   6|           1|           1|
    |deleted_ones_83_fu_5267_p2   |       and|   0|  0|   6|           1|           1|
    |deleted_ones_84_fu_5521_p2   |       and|   0|  0|   6|           1|           1|
    |deleted_ones_85_fu_5645_p2   |       and|   0|  0|   6|           1|           1|
    |deleted_ones_86_fu_5899_p2   |       and|   0|  0|   6|           1|           1|
    |deleted_ones_87_fu_6023_p2   |       and|   0|  0|   6|           1|           1|
    |deleted_ones_88_fu_6277_p2   |       and|   0|  0|   6|           1|           1|
    |deleted_ones_89_fu_6401_p2   |       and|   0|  0|   6|           1|           1|
    |deleted_ones_90_fu_6625_p2   |       and|   0|  0|   6|           1|           1|
    |deleted_ones_91_fu_6749_p2   |       and|   0|  0|   6|           1|           1|
    |deleted_ones_92_fu_6973_p2   |       and|   0|  0|   6|           1|           1|
    |deleted_ones_93_fu_7097_p2   |       and|   0|  0|   6|           1|           1|
    |deleted_ones_94_fu_7321_p2   |       and|   0|  0|   6|           1|           1|
    |deleted_ones_95_fu_7445_p2   |       and|   0|  0|   6|           1|           1|
    |deleted_ones_fu_1767_p2      |       and|   0|  0|   6|           1|           1|
    |overflow_65_fu_1918_p2       |       and|   0|  0|   6|           1|           1|
    |overflow_66_fu_2146_p2       |       and|   0|  0|   6|           1|           1|
    |overflow_67_fu_2270_p2       |       and|   0|  0|   6|           1|           1|
    |overflow_68_fu_2524_p2       |       and|   0|  0|   6|           1|           1|
    |overflow_69_fu_2648_p2       |       and|   0|  0|   6|           1|           1|
    |overflow_70_fu_2902_p2       |       and|   0|  0|   6|           1|           1|
    |overflow_71_fu_3026_p2       |       and|   0|  0|   6|           1|           1|
    |overflow_72_fu_3280_p2       |       and|   0|  0|   6|           1|           1|
    |overflow_73_fu_3404_p2       |       and|   0|  0|   6|           1|           1|
    |overflow_74_fu_3658_p2       |       and|   0|  0|   6|           1|           1|
    |overflow_75_fu_3782_p2       |       and|   0|  0|   6|           1|           1|
    |overflow_76_fu_4036_p2       |       and|   0|  0|   6|           1|           1|
    |overflow_77_fu_4160_p2       |       and|   0|  0|   6|           1|           1|
    |overflow_78_fu_4414_p2       |       and|   0|  0|   6|           1|           1|
    |overflow_79_fu_4538_p2       |       and|   0|  0|   6|           1|           1|
    |overflow_80_fu_4792_p2       |       and|   0|  0|   6|           1|           1|
    |overflow_81_fu_4916_p2       |       and|   0|  0|   6|           1|           1|
    |overflow_82_fu_5170_p2       |       and|   0|  0|   6|           1|           1|
    |overflow_83_fu_5294_p2       |       and|   0|  0|   6|           1|           1|
    |overflow_84_fu_5548_p2       |       and|   0|  0|   6|           1|           1|
    |overflow_85_fu_5672_p2       |       and|   0|  0|   6|           1|           1|
    |overflow_86_fu_5926_p2       |       and|   0|  0|   6|           1|           1|
    |overflow_87_fu_6050_p2       |       and|   0|  0|   6|           1|           1|
    |overflow_88_fu_6304_p2       |       and|   0|  0|   6|           1|           1|
    |overflow_89_fu_6428_p2       |       and|   0|  0|   6|           1|           1|
    |overflow_90_fu_6652_p2       |       and|   0|  0|   6|           1|           1|
    |overflow_91_fu_6776_p2       |       and|   0|  0|   6|           1|           1|
    |overflow_92_fu_7000_p2       |       and|   0|  0|   6|           1|           1|
    |overflow_93_fu_7124_p2       |       and|   0|  0|   6|           1|           1|
    |overflow_94_fu_7348_p2       |       and|   0|  0|   6|           1|           1|
    |overflow_95_fu_7472_p2       |       and|   0|  0|   6|           1|           1|
    |overflow_fu_1794_p2          |       and|   0|  0|   6|           1|           1|
    |underflow_65_fu_1942_p2      |       and|   0|  0|   6|           1|           1|
    |underflow_66_fu_2170_p2      |       and|   0|  0|   6|           1|           1|
    |underflow_67_fu_2294_p2      |       and|   0|  0|   6|           1|           1|
    |underflow_68_fu_2548_p2      |       and|   0|  0|   6|           1|           1|
    |underflow_69_fu_2672_p2      |       and|   0|  0|   6|           1|           1|
    |underflow_70_fu_2926_p2      |       and|   0|  0|   6|           1|           1|
    |underflow_71_fu_3050_p2      |       and|   0|  0|   6|           1|           1|
    |underflow_72_fu_3304_p2      |       and|   0|  0|   6|           1|           1|
    |underflow_73_fu_3428_p2      |       and|   0|  0|   6|           1|           1|
    |underflow_74_fu_3682_p2      |       and|   0|  0|   6|           1|           1|
    |underflow_75_fu_3806_p2      |       and|   0|  0|   6|           1|           1|
    |underflow_76_fu_4060_p2      |       and|   0|  0|   6|           1|           1|
    |underflow_77_fu_4184_p2      |       and|   0|  0|   6|           1|           1|
    |underflow_78_fu_4438_p2      |       and|   0|  0|   6|           1|           1|
    |underflow_79_fu_4562_p2      |       and|   0|  0|   6|           1|           1|
    |underflow_80_fu_4816_p2      |       and|   0|  0|   6|           1|           1|
    |underflow_81_fu_4940_p2      |       and|   0|  0|   6|           1|           1|
    |underflow_82_fu_5194_p2      |       and|   0|  0|   6|           1|           1|
    |underflow_83_fu_5318_p2      |       and|   0|  0|   6|           1|           1|
    |underflow_84_fu_5572_p2      |       and|   0|  0|   6|           1|           1|
    |underflow_85_fu_5696_p2      |       and|   0|  0|   6|           1|           1|
    |underflow_86_fu_5950_p2      |       and|   0|  0|   6|           1|           1|
    |underflow_87_fu_6074_p2      |       and|   0|  0|   6|           1|           1|
    |underflow_88_fu_6328_p2      |       and|   0|  0|   6|           1|           1|
    |underflow_89_fu_6452_p2      |       and|   0|  0|   6|           1|           1|
    |underflow_90_fu_6676_p2      |       and|   0|  0|   6|           1|           1|
    |underflow_91_fu_6800_p2      |       and|   0|  0|   6|           1|           1|
    |underflow_92_fu_7024_p2      |       and|   0|  0|   6|           1|           1|
    |underflow_93_fu_7148_p2      |       and|   0|  0|   6|           1|           1|
    |underflow_94_fu_7372_p2      |       and|   0|  0|   6|           1|           1|
    |underflow_95_fu_7496_p2      |       and|   0|  0|   6|           1|           1|
    |underflow_fu_1818_p2         |       and|   0|  0|   6|           1|           1|
    |or_ln346_32_fu_1947_p2       |        or|   0|  0|   6|           1|           1|
    |or_ln346_33_fu_2175_p2       |        or|   0|  0|   6|           1|           1|
    |or_ln346_34_fu_2299_p2       |        or|   0|  0|   6|           1|           1|
    |or_ln346_35_fu_2553_p2       |        or|   0|  0|   6|           1|           1|
    |or_ln346_36_fu_2677_p2       |        or|   0|  0|   6|           1|           1|
    |or_ln346_37_fu_2931_p2       |        or|   0|  0|   6|           1|           1|
    |or_ln346_38_fu_3055_p2       |        or|   0|  0|   6|           1|           1|
    |or_ln346_39_fu_3309_p2       |        or|   0|  0|   6|           1|           1|
    |or_ln346_40_fu_3433_p2       |        or|   0|  0|   6|           1|           1|
    |or_ln346_41_fu_3687_p2       |        or|   0|  0|   6|           1|           1|
    |or_ln346_42_fu_3811_p2       |        or|   0|  0|   6|           1|           1|
    |or_ln346_43_fu_4065_p2       |        or|   0|  0|   6|           1|           1|
    |or_ln346_44_fu_4189_p2       |        or|   0|  0|   6|           1|           1|
    |or_ln346_45_fu_4443_p2       |        or|   0|  0|   6|           1|           1|
    |or_ln346_46_fu_4567_p2       |        or|   0|  0|   6|           1|           1|
    |or_ln346_47_fu_4821_p2       |        or|   0|  0|   6|           1|           1|
    |or_ln346_48_fu_4945_p2       |        or|   0|  0|   6|           1|           1|
    |or_ln346_49_fu_5199_p2       |        or|   0|  0|   6|           1|           1|
    |or_ln346_50_fu_5323_p2       |        or|   0|  0|   6|           1|           1|
    |or_ln346_51_fu_5577_p2       |        or|   0|  0|   6|           1|           1|
    |or_ln346_52_fu_5701_p2       |        or|   0|  0|   6|           1|           1|
    |or_ln346_53_fu_5955_p2       |        or|   0|  0|   6|           1|           1|
    |or_ln346_54_fu_6079_p2       |        or|   0|  0|   6|           1|           1|
    |or_ln346_55_fu_6333_p2       |        or|   0|  0|   6|           1|           1|
    |or_ln346_56_fu_6457_p2       |        or|   0|  0|   6|           1|           1|
    |or_ln346_57_fu_6681_p2       |        or|   0|  0|   6|           1|           1|
    |or_ln346_58_fu_6805_p2       |        or|   0|  0|   6|           1|           1|
    |or_ln346_59_fu_7029_p2       |        or|   0|  0|   6|           1|           1|
    |or_ln346_60_fu_7153_p2       |        or|   0|  0|   6|           1|           1|
    |or_ln346_61_fu_7377_p2       |        or|   0|  0|   6|           1|           1|
    |or_ln346_62_fu_7501_p2       |        or|   0|  0|   6|           1|           1|
    |or_ln346_fu_1823_p2          |        or|   0|  0|   6|           1|           1|
    |or_ln888_32_fu_1861_p2       |        or|   0|  0|   6|           1|           1|
    |or_ln888_33_fu_2089_p2       |        or|   0|  0|   6|           1|           1|
    |or_ln888_34_fu_2213_p2       |        or|   0|  0|   6|           1|           1|
    |or_ln888_35_fu_2467_p2       |        or|   0|  0|   6|           1|           1|
    |or_ln888_36_fu_2591_p2       |        or|   0|  0|   6|           1|           1|
    |or_ln888_37_fu_2845_p2       |        or|   0|  0|   6|           1|           1|
    |or_ln888_38_fu_2969_p2       |        or|   0|  0|   6|           1|           1|
    |or_ln888_39_fu_3223_p2       |        or|   0|  0|   6|           1|           1|
    |or_ln888_40_fu_3347_p2       |        or|   0|  0|   6|           1|           1|
    |or_ln888_41_fu_3601_p2       |        or|   0|  0|   6|           1|           1|
    |or_ln888_42_fu_3725_p2       |        or|   0|  0|   6|           1|           1|
    |or_ln888_43_fu_3979_p2       |        or|   0|  0|   6|           1|           1|
    |or_ln888_44_fu_4103_p2       |        or|   0|  0|   6|           1|           1|
    |or_ln888_45_fu_4357_p2       |        or|   0|  0|   6|           1|           1|
    |or_ln888_46_fu_4481_p2       |        or|   0|  0|   6|           1|           1|
    |or_ln888_47_fu_4735_p2       |        or|   0|  0|   6|           1|           1|
    |or_ln888_48_fu_4859_p2       |        or|   0|  0|   6|           1|           1|
    |or_ln888_49_fu_5113_p2       |        or|   0|  0|   6|           1|           1|
    |or_ln888_50_fu_5237_p2       |        or|   0|  0|   6|           1|           1|
    |or_ln888_51_fu_5491_p2       |        or|   0|  0|   6|           1|           1|
    |or_ln888_52_fu_5615_p2       |        or|   0|  0|   6|           1|           1|
    |or_ln888_53_fu_5869_p2       |        or|   0|  0|   6|           1|           1|
    |or_ln888_54_fu_5993_p2       |        or|   0|  0|   6|           1|           1|
    |or_ln888_55_fu_6247_p2       |        or|   0|  0|   6|           1|           1|
    |or_ln888_56_fu_6371_p2       |        or|   0|  0|   6|           1|           1|
    |or_ln888_57_fu_6595_p2       |        or|   0|  0|   6|           1|           1|
    |or_ln888_58_fu_6719_p2       |        or|   0|  0|   6|           1|           1|
    |or_ln888_59_fu_6943_p2       |        or|   0|  0|   6|           1|           1|
    |or_ln888_60_fu_7067_p2       |        or|   0|  0|   6|           1|           1|
    |or_ln888_61_fu_7291_p2       |        or|   0|  0|   6|           1|           1|
    |or_ln888_62_fu_7415_p2       |        or|   0|  0|   6|           1|           1|
    |or_ln888_fu_1737_p2          |        or|   0|  0|   6|           1|           1|
    |or_ln890_32_fu_1885_p2       |        or|   0|  0|   6|           1|           1|
    |or_ln890_33_fu_2113_p2       |        or|   0|  0|   6|           1|           1|
    |or_ln890_34_fu_2237_p2       |        or|   0|  0|   6|           1|           1|
    |or_ln890_35_fu_2491_p2       |        or|   0|  0|   6|           1|           1|
    |or_ln890_36_fu_2615_p2       |        or|   0|  0|   6|           1|           1|
    |or_ln890_37_fu_2869_p2       |        or|   0|  0|   6|           1|           1|
    |or_ln890_38_fu_2993_p2       |        or|   0|  0|   6|           1|           1|
    |or_ln890_39_fu_3247_p2       |        or|   0|  0|   6|           1|           1|
    |or_ln890_40_fu_3371_p2       |        or|   0|  0|   6|           1|           1|
    |or_ln890_41_fu_3625_p2       |        or|   0|  0|   6|           1|           1|
    |or_ln890_42_fu_3749_p2       |        or|   0|  0|   6|           1|           1|
    |or_ln890_43_fu_4003_p2       |        or|   0|  0|   6|           1|           1|
    |or_ln890_44_fu_4127_p2       |        or|   0|  0|   6|           1|           1|
    |or_ln890_45_fu_4381_p2       |        or|   0|  0|   6|           1|           1|
    |or_ln890_46_fu_4505_p2       |        or|   0|  0|   6|           1|           1|
    |or_ln890_47_fu_4759_p2       |        or|   0|  0|   6|           1|           1|
    |or_ln890_48_fu_4883_p2       |        or|   0|  0|   6|           1|           1|
    |or_ln890_49_fu_5137_p2       |        or|   0|  0|   6|           1|           1|
    |or_ln890_50_fu_5261_p2       |        or|   0|  0|   6|           1|           1|
    |or_ln890_51_fu_5515_p2       |        or|   0|  0|   6|           1|           1|
    |or_ln890_52_fu_5639_p2       |        or|   0|  0|   6|           1|           1|
    |or_ln890_53_fu_5893_p2       |        or|   0|  0|   6|           1|           1|
    |or_ln890_54_fu_6017_p2       |        or|   0|  0|   6|           1|           1|
    |or_ln890_55_fu_6271_p2       |        or|   0|  0|   6|           1|           1|
    |or_ln890_56_fu_6395_p2       |        or|   0|  0|   6|           1|           1|
    |or_ln890_57_fu_6619_p2       |        or|   0|  0|   6|           1|           1|
    |or_ln890_58_fu_6743_p2       |        or|   0|  0|   6|           1|           1|
    |or_ln890_59_fu_6967_p2       |        or|   0|  0|   6|           1|           1|
    |or_ln890_60_fu_7091_p2       |        or|   0|  0|   6|           1|           1|
    |or_ln890_61_fu_7315_p2       |        or|   0|  0|   6|           1|           1|
    |or_ln890_62_fu_7439_p2       |        or|   0|  0|   6|           1|           1|
    |or_ln890_fu_1761_p2          |        or|   0|  0|   6|           1|           1|
    |or_ln895_32_fu_1907_p2       |        or|   0|  0|   6|           1|           1|
    |or_ln895_33_fu_2135_p2       |        or|   0|  0|   6|           1|           1|
    |or_ln895_34_fu_2259_p2       |        or|   0|  0|   6|           1|           1|
    |or_ln895_35_fu_2513_p2       |        or|   0|  0|   6|           1|           1|
    |or_ln895_36_fu_2637_p2       |        or|   0|  0|   6|           1|           1|
    |or_ln895_37_fu_2891_p2       |        or|   0|  0|   6|           1|           1|
    |or_ln895_38_fu_3015_p2       |        or|   0|  0|   6|           1|           1|
    |or_ln895_39_fu_3269_p2       |        or|   0|  0|   6|           1|           1|
    |or_ln895_40_fu_3393_p2       |        or|   0|  0|   6|           1|           1|
    |or_ln895_41_fu_3647_p2       |        or|   0|  0|   6|           1|           1|
    |or_ln895_42_fu_3771_p2       |        or|   0|  0|   6|           1|           1|
    |or_ln895_43_fu_4025_p2       |        or|   0|  0|   6|           1|           1|
    |or_ln895_44_fu_4149_p2       |        or|   0|  0|   6|           1|           1|
    |or_ln895_45_fu_4403_p2       |        or|   0|  0|   6|           1|           1|
    |or_ln895_46_fu_4527_p2       |        or|   0|  0|   6|           1|           1|
    |or_ln895_47_fu_4781_p2       |        or|   0|  0|   6|           1|           1|
    |or_ln895_48_fu_4905_p2       |        or|   0|  0|   6|           1|           1|
    |or_ln895_49_fu_5159_p2       |        or|   0|  0|   6|           1|           1|
    |or_ln895_50_fu_5283_p2       |        or|   0|  0|   6|           1|           1|
    |or_ln895_51_fu_5537_p2       |        or|   0|  0|   6|           1|           1|
    |or_ln895_52_fu_5661_p2       |        or|   0|  0|   6|           1|           1|
    |or_ln895_53_fu_5915_p2       |        or|   0|  0|   6|           1|           1|
    |or_ln895_54_fu_6039_p2       |        or|   0|  0|   6|           1|           1|
    |or_ln895_55_fu_6293_p2       |        or|   0|  0|   6|           1|           1|
    |or_ln895_56_fu_6417_p2       |        or|   0|  0|   6|           1|           1|
    |or_ln895_57_fu_6641_p2       |        or|   0|  0|   6|           1|           1|
    |or_ln895_58_fu_6765_p2       |        or|   0|  0|   6|           1|           1|
    |or_ln895_59_fu_6989_p2       |        or|   0|  0|   6|           1|           1|
    |or_ln895_60_fu_7113_p2       |        or|   0|  0|   6|           1|           1|
    |or_ln895_61_fu_7337_p2       |        or|   0|  0|   6|           1|           1|
    |or_ln895_62_fu_7461_p2       |        or|   0|  0|   6|           1|           1|
    |or_ln895_fu_1783_p2          |        or|   0|  0|   6|           1|           1|
    |or_ln896_32_fu_1930_p2       |        or|   0|  0|   6|           1|           1|
    |or_ln896_33_fu_2158_p2       |        or|   0|  0|   6|           1|           1|
    |or_ln896_34_fu_2282_p2       |        or|   0|  0|   6|           1|           1|
    |or_ln896_35_fu_2536_p2       |        or|   0|  0|   6|           1|           1|
    |or_ln896_36_fu_2660_p2       |        or|   0|  0|   6|           1|           1|
    |or_ln896_37_fu_2914_p2       |        or|   0|  0|   6|           1|           1|
    |or_ln896_38_fu_3038_p2       |        or|   0|  0|   6|           1|           1|
    |or_ln896_39_fu_3292_p2       |        or|   0|  0|   6|           1|           1|
    |or_ln896_40_fu_3416_p2       |        or|   0|  0|   6|           1|           1|
    |or_ln896_41_fu_3670_p2       |        or|   0|  0|   6|           1|           1|
    |or_ln896_42_fu_3794_p2       |        or|   0|  0|   6|           1|           1|
    |or_ln896_43_fu_4048_p2       |        or|   0|  0|   6|           1|           1|
    |or_ln896_44_fu_4172_p2       |        or|   0|  0|   6|           1|           1|
    |or_ln896_45_fu_4426_p2       |        or|   0|  0|   6|           1|           1|
    |or_ln896_46_fu_4550_p2       |        or|   0|  0|   6|           1|           1|
    |or_ln896_47_fu_4804_p2       |        or|   0|  0|   6|           1|           1|
    |or_ln896_48_fu_4928_p2       |        or|   0|  0|   6|           1|           1|
    |or_ln896_49_fu_5182_p2       |        or|   0|  0|   6|           1|           1|
    |or_ln896_50_fu_5306_p2       |        or|   0|  0|   6|           1|           1|
    |or_ln896_51_fu_5560_p2       |        or|   0|  0|   6|           1|           1|
    |or_ln896_52_fu_5684_p2       |        or|   0|  0|   6|           1|           1|
    |or_ln896_53_fu_5938_p2       |        or|   0|  0|   6|           1|           1|
    |or_ln896_54_fu_6062_p2       |        or|   0|  0|   6|           1|           1|
    |or_ln896_55_fu_6316_p2       |        or|   0|  0|   6|           1|           1|
    |or_ln896_56_fu_6440_p2       |        or|   0|  0|   6|           1|           1|
    |or_ln896_57_fu_6664_p2       |        or|   0|  0|   6|           1|           1|
    |or_ln896_58_fu_6788_p2       |        or|   0|  0|   6|           1|           1|
    |or_ln896_59_fu_7012_p2       |        or|   0|  0|   6|           1|           1|
    |or_ln896_60_fu_7136_p2       |        or|   0|  0|   6|           1|           1|
    |or_ln896_61_fu_7360_p2       |        or|   0|  0|   6|           1|           1|
    |or_ln896_62_fu_7484_p2       |        or|   0|  0|   6|           1|           1|
    |or_ln896_fu_1806_p2          |        or|   0|  0|   6|           1|           1|
    |select_ln346_100_fu_5811_p3  |    select|   0|  0|   9|           1|           7|
    |select_ln346_101_fu_5818_p3  |    select|   0|  0|   8|           1|           8|
    |select_ln346_102_fu_5824_p3  |    select|   0|  0|   9|           1|           7|
    |select_ln346_103_fu_5831_p3  |    select|   0|  0|   8|           1|           8|
    |select_ln346_104_fu_6189_p3  |    select|   0|  0|   9|           1|           7|
    |select_ln346_105_fu_6196_p3  |    select|   0|  0|   8|           1|           8|
    |select_ln346_106_fu_6202_p3  |    select|   0|  0|   9|           1|           7|
    |select_ln346_107_fu_6209_p3  |    select|   0|  0|   8|           1|           8|
    |select_ln346_108_fu_6537_p3  |    select|   0|  0|   9|           1|           7|
    |select_ln346_109_fu_6544_p3  |    select|   0|  0|   8|           1|           8|
    |select_ln346_110_fu_6550_p3  |    select|   0|  0|   9|           1|           7|
    |select_ln346_111_fu_6557_p3  |    select|   0|  0|   8|           1|           8|
    |select_ln346_112_fu_6885_p3  |    select|   0|  0|   9|           1|           7|
    |select_ln346_113_fu_6892_p3  |    select|   0|  0|   8|           1|           8|
    |select_ln346_114_fu_6898_p3  |    select|   0|  0|   9|           1|           7|
    |select_ln346_115_fu_6905_p3  |    select|   0|  0|   8|           1|           8|
    |select_ln346_116_fu_7233_p3  |    select|   0|  0|   9|           1|           7|
    |select_ln346_117_fu_7240_p3  |    select|   0|  0|   8|           1|           8|
    |select_ln346_118_fu_7246_p3  |    select|   0|  0|   9|           1|           7|
    |select_ln346_119_fu_7253_p3  |    select|   0|  0|   8|           1|           8|
    |select_ln346_120_fu_7507_p3  |    select|   0|  0|   9|           1|           7|
    |select_ln346_121_fu_7514_p3  |    select|   0|  0|   8|           1|           8|
    |select_ln346_122_fu_7520_p3  |    select|   0|  0|   9|           1|           7|
    |select_ln346_123_fu_7527_p3  |    select|   0|  0|   8|           1|           8|
    |select_ln346_124_fu_7773_p3  |    select|   0|  0|   9|           1|           7|
    |select_ln346_125_fu_7780_p3  |    select|   0|  0|   8|           1|           8|
    |select_ln346_126_fu_7795_p3  |    select|   0|  0|   9|           1|           7|
    |select_ln346_127_fu_7802_p3  |    select|   0|  0|   8|           1|           8|
    |select_ln346_65_fu_2416_p3   |    select|   0|  0|   8|           1|           8|
    |select_ln346_66_fu_2422_p3   |    select|   0|  0|   9|           1|           7|
    |select_ln346_67_fu_2429_p3   |    select|   0|  0|   8|           1|           8|
    |select_ln346_68_fu_2787_p3   |    select|   0|  0|   9|           1|           7|
    |select_ln346_69_fu_2794_p3   |    select|   0|  0|   8|           1|           8|
    |select_ln346_70_fu_2800_p3   |    select|   0|  0|   9|           1|           7|
    |select_ln346_71_fu_2807_p3   |    select|   0|  0|   8|           1|           8|
    |select_ln346_72_fu_3165_p3   |    select|   0|  0|   9|           1|           7|
    |select_ln346_73_fu_3172_p3   |    select|   0|  0|   8|           1|           8|
    |select_ln346_74_fu_3178_p3   |    select|   0|  0|   9|           1|           7|
    |select_ln346_75_fu_3185_p3   |    select|   0|  0|   8|           1|           8|
    |select_ln346_76_fu_3543_p3   |    select|   0|  0|   9|           1|           7|
    |select_ln346_77_fu_3550_p3   |    select|   0|  0|   8|           1|           8|
    |select_ln346_78_fu_3556_p3   |    select|   0|  0|   9|           1|           7|
    |select_ln346_79_fu_3563_p3   |    select|   0|  0|   8|           1|           8|
    |select_ln346_80_fu_3921_p3   |    select|   0|  0|   9|           1|           7|
    |select_ln346_81_fu_3928_p3   |    select|   0|  0|   8|           1|           8|
    |select_ln346_82_fu_3934_p3   |    select|   0|  0|   9|           1|           7|
    |select_ln346_83_fu_3941_p3   |    select|   0|  0|   8|           1|           8|
    |select_ln346_84_fu_4299_p3   |    select|   0|  0|   9|           1|           7|
    |select_ln346_85_fu_4306_p3   |    select|   0|  0|   8|           1|           8|
    |select_ln346_86_fu_4312_p3   |    select|   0|  0|   9|           1|           7|
    |select_ln346_87_fu_4319_p3   |    select|   0|  0|   8|           1|           8|
    |select_ln346_88_fu_4677_p3   |    select|   0|  0|   9|           1|           7|
    |select_ln346_89_fu_4684_p3   |    select|   0|  0|   8|           1|           8|
    |select_ln346_90_fu_4690_p3   |    select|   0|  0|   9|           1|           7|
    |select_ln346_91_fu_4697_p3   |    select|   0|  0|   8|           1|           8|
    |select_ln346_92_fu_5055_p3   |    select|   0|  0|   9|           1|           7|
    |select_ln346_93_fu_5062_p3   |    select|   0|  0|   8|           1|           8|
    |select_ln346_94_fu_5068_p3   |    select|   0|  0|   9|           1|           7|
    |select_ln346_95_fu_5075_p3   |    select|   0|  0|   8|           1|           8|
    |select_ln346_96_fu_5433_p3   |    select|   0|  0|   9|           1|           7|
    |select_ln346_97_fu_5440_p3   |    select|   0|  0|   8|           1|           8|
    |select_ln346_98_fu_5446_p3   |    select|   0|  0|   9|           1|           7|
    |select_ln346_99_fu_5453_p3   |    select|   0|  0|   8|           1|           8|
    |select_ln346_fu_2409_p3      |    select|   0|  0|   9|           1|           7|
    |deleted_zeros_65_fu_1867_p2  |       xor|   0|  0|   6|           1|           1|
    |deleted_zeros_66_fu_2095_p2  |       xor|   0|  0|   6|           1|           1|
    |deleted_zeros_67_fu_2219_p2  |       xor|   0|  0|   6|           1|           1|
    |deleted_zeros_68_fu_2473_p2  |       xor|   0|  0|   6|           1|           1|
    |deleted_zeros_69_fu_2597_p2  |       xor|   0|  0|   6|           1|           1|
    |deleted_zeros_70_fu_2851_p2  |       xor|   0|  0|   6|           1|           1|
    |deleted_zeros_71_fu_2975_p2  |       xor|   0|  0|   6|           1|           1|
    |deleted_zeros_72_fu_3229_p2  |       xor|   0|  0|   6|           1|           1|
    |deleted_zeros_73_fu_3353_p2  |       xor|   0|  0|   6|           1|           1|
    |deleted_zeros_74_fu_3607_p2  |       xor|   0|  0|   6|           1|           1|
    |deleted_zeros_75_fu_3731_p2  |       xor|   0|  0|   6|           1|           1|
    |deleted_zeros_76_fu_3985_p2  |       xor|   0|  0|   6|           1|           1|
    |deleted_zeros_77_fu_4109_p2  |       xor|   0|  0|   6|           1|           1|
    |deleted_zeros_78_fu_4363_p2  |       xor|   0|  0|   6|           1|           1|
    |deleted_zeros_79_fu_4487_p2  |       xor|   0|  0|   6|           1|           1|
    |deleted_zeros_80_fu_4741_p2  |       xor|   0|  0|   6|           1|           1|
    |deleted_zeros_81_fu_4865_p2  |       xor|   0|  0|   6|           1|           1|
    |deleted_zeros_82_fu_5119_p2  |       xor|   0|  0|   6|           1|           1|
    |deleted_zeros_83_fu_5243_p2  |       xor|   0|  0|   6|           1|           1|
    |deleted_zeros_84_fu_5497_p2  |       xor|   0|  0|   6|           1|           1|
    |deleted_zeros_85_fu_5621_p2  |       xor|   0|  0|   6|           1|           1|
    |deleted_zeros_86_fu_5875_p2  |       xor|   0|  0|   6|           1|           1|
    |deleted_zeros_87_fu_5999_p2  |       xor|   0|  0|   6|           1|           1|
    |deleted_zeros_88_fu_6253_p2  |       xor|   0|  0|   6|           1|           1|
    |deleted_zeros_89_fu_6377_p2  |       xor|   0|  0|   6|           1|           1|
    |deleted_zeros_90_fu_6601_p2  |       xor|   0|  0|   6|           1|           1|
    |deleted_zeros_91_fu_6725_p2  |       xor|   0|  0|   6|           1|           1|
    |deleted_zeros_92_fu_6949_p2  |       xor|   0|  0|   6|           1|           1|
    |deleted_zeros_93_fu_7073_p2  |       xor|   0|  0|   6|           1|           1|
    |deleted_zeros_94_fu_7297_p2  |       xor|   0|  0|   6|           1|           1|
    |deleted_zeros_95_fu_7421_p2  |       xor|   0|  0|   6|           1|           1|
    |deleted_zeros_fu_1743_p2     |       xor|   0|  0|   6|           1|           1|
    |xor_ln888_100_fu_5108_p2     |       xor|   0|  0|   6|           1|           2|
    |xor_ln888_102_fu_5232_p2     |       xor|   0|  0|   6|           1|           2|
    |xor_ln888_104_fu_5486_p2     |       xor|   0|  0|   6|           1|           2|
    |xor_ln888_106_fu_5610_p2     |       xor|   0|  0|   6|           1|           2|
    |xor_ln888_108_fu_5864_p2     |       xor|   0|  0|   6|           1|           2|
    |xor_ln888_110_fu_5988_p2     |       xor|   0|  0|   6|           1|           2|
    |xor_ln888_112_fu_6242_p2     |       xor|   0|  0|   6|           1|           2|
    |xor_ln888_114_fu_6366_p2     |       xor|   0|  0|   6|           1|           2|
    |xor_ln888_116_fu_6590_p2     |       xor|   0|  0|   6|           1|           2|
    |xor_ln888_118_fu_6714_p2     |       xor|   0|  0|   6|           1|           2|
    |xor_ln888_120_fu_6938_p2     |       xor|   0|  0|   6|           1|           2|
    |xor_ln888_122_fu_7062_p2     |       xor|   0|  0|   6|           1|           2|
    |xor_ln888_124_fu_7286_p2     |       xor|   0|  0|   6|           1|           2|
    |xor_ln888_126_fu_7410_p2     |       xor|   0|  0|   6|           1|           2|
    |xor_ln888_66_fu_1856_p2      |       xor|   0|  0|   6|           1|           2|
    |xor_ln888_68_fu_2084_p2      |       xor|   0|  0|   6|           1|           2|
    |xor_ln888_70_fu_2208_p2      |       xor|   0|  0|   6|           1|           2|
    |xor_ln888_72_fu_2462_p2      |       xor|   0|  0|   6|           1|           2|
    |xor_ln888_74_fu_2586_p2      |       xor|   0|  0|   6|           1|           2|
    |xor_ln888_76_fu_2840_p2      |       xor|   0|  0|   6|           1|           2|
    |xor_ln888_78_fu_2964_p2      |       xor|   0|  0|   6|           1|           2|
    |xor_ln888_80_fu_3218_p2      |       xor|   0|  0|   6|           1|           2|
    |xor_ln888_82_fu_3342_p2      |       xor|   0|  0|   6|           1|           2|
    |xor_ln888_84_fu_3596_p2      |       xor|   0|  0|   6|           1|           2|
    |xor_ln888_86_fu_3720_p2      |       xor|   0|  0|   6|           1|           2|
    |xor_ln888_88_fu_3974_p2      |       xor|   0|  0|   6|           1|           2|
    |xor_ln888_90_fu_4098_p2      |       xor|   0|  0|   6|           1|           2|
    |xor_ln888_92_fu_4352_p2      |       xor|   0|  0|   6|           1|           2|
    |xor_ln888_94_fu_4476_p2      |       xor|   0|  0|   6|           1|           2|
    |xor_ln888_96_fu_4730_p2      |       xor|   0|  0|   6|           1|           2|
    |xor_ln888_98_fu_4854_p2      |       xor|   0|  0|   6|           1|           2|
    |xor_ln888_fu_1732_p2         |       xor|   0|  0|   6|           1|           2|
    |xor_ln890_34_fu_1879_p2      |       xor|   0|  0|   6|           1|           2|
    |xor_ln890_35_fu_2107_p2      |       xor|   0|  0|   6|           1|           2|
    |xor_ln890_36_fu_2231_p2      |       xor|   0|  0|   6|           1|           2|
    |xor_ln890_37_fu_2485_p2      |       xor|   0|  0|   6|           1|           2|
    |xor_ln890_38_fu_2609_p2      |       xor|   0|  0|   6|           1|           2|
    |xor_ln890_39_fu_2863_p2      |       xor|   0|  0|   6|           1|           2|
    |xor_ln890_40_fu_2987_p2      |       xor|   0|  0|   6|           1|           2|
    |xor_ln890_41_fu_3241_p2      |       xor|   0|  0|   6|           1|           2|
    |xor_ln890_42_fu_3365_p2      |       xor|   0|  0|   6|           1|           2|
    |xor_ln890_43_fu_3619_p2      |       xor|   0|  0|   6|           1|           2|
    |xor_ln890_44_fu_3743_p2      |       xor|   0|  0|   6|           1|           2|
    |xor_ln890_45_fu_3997_p2      |       xor|   0|  0|   6|           1|           2|
    |xor_ln890_46_fu_4121_p2      |       xor|   0|  0|   6|           1|           2|
    |xor_ln890_47_fu_4375_p2      |       xor|   0|  0|   6|           1|           2|
    |xor_ln890_48_fu_4499_p2      |       xor|   0|  0|   6|           1|           2|
    |xor_ln890_49_fu_4753_p2      |       xor|   0|  0|   6|           1|           2|
    |xor_ln890_50_fu_4877_p2      |       xor|   0|  0|   6|           1|           2|
    |xor_ln890_51_fu_5131_p2      |       xor|   0|  0|   6|           1|           2|
    |xor_ln890_52_fu_5255_p2      |       xor|   0|  0|   6|           1|           2|
    |xor_ln890_53_fu_5509_p2      |       xor|   0|  0|   6|           1|           2|
    |xor_ln890_54_fu_5633_p2      |       xor|   0|  0|   6|           1|           2|
    |xor_ln890_55_fu_5887_p2      |       xor|   0|  0|   6|           1|           2|
    |xor_ln890_56_fu_6011_p2      |       xor|   0|  0|   6|           1|           2|
    |xor_ln890_57_fu_6265_p2      |       xor|   0|  0|   6|           1|           2|
    |xor_ln890_58_fu_6389_p2      |       xor|   0|  0|   6|           1|           2|
    |xor_ln890_59_fu_6613_p2      |       xor|   0|  0|   6|           1|           2|
    |xor_ln890_60_fu_6737_p2      |       xor|   0|  0|   6|           1|           2|
    |xor_ln890_61_fu_6961_p2      |       xor|   0|  0|   6|           1|           2|
    |xor_ln890_62_fu_7085_p2      |       xor|   0|  0|   6|           1|           2|
    |xor_ln890_63_fu_7309_p2      |       xor|   0|  0|   6|           1|           2|
    |xor_ln890_64_fu_7433_p2      |       xor|   0|  0|   6|           1|           2|
    |xor_ln890_fu_1755_p2         |       xor|   0|  0|   6|           1|           2|
    |xor_ln895_100_fu_5153_p2     |       xor|   0|  0|   6|           1|           2|
    |xor_ln895_101_fu_5165_p2     |       xor|   0|  0|   6|           1|           2|
    |xor_ln895_102_fu_5277_p2     |       xor|   0|  0|   6|           1|           2|
    |xor_ln895_103_fu_5289_p2     |       xor|   0|  0|   6|           1|           2|
    |xor_ln895_104_fu_5531_p2     |       xor|   0|  0|   6|           1|           2|
    |xor_ln895_105_fu_5543_p2     |       xor|   0|  0|   6|           1|           2|
    |xor_ln895_106_fu_5655_p2     |       xor|   0|  0|   6|           1|           2|
    |xor_ln895_107_fu_5667_p2     |       xor|   0|  0|   6|           1|           2|
    |xor_ln895_108_fu_5909_p2     |       xor|   0|  0|   6|           1|           2|
    |xor_ln895_109_fu_5921_p2     |       xor|   0|  0|   6|           1|           2|
    |xor_ln895_110_fu_6033_p2     |       xor|   0|  0|   6|           1|           2|
    |xor_ln895_111_fu_6045_p2     |       xor|   0|  0|   6|           1|           2|
    |xor_ln895_112_fu_6287_p2     |       xor|   0|  0|   6|           1|           2|
    |xor_ln895_113_fu_6299_p2     |       xor|   0|  0|   6|           1|           2|
    |xor_ln895_114_fu_6411_p2     |       xor|   0|  0|   6|           1|           2|
    |xor_ln895_115_fu_6423_p2     |       xor|   0|  0|   6|           1|           2|
    |xor_ln895_116_fu_6635_p2     |       xor|   0|  0|   6|           1|           2|
    |xor_ln895_117_fu_6647_p2     |       xor|   0|  0|   6|           1|           2|
    |xor_ln895_118_fu_6759_p2     |       xor|   0|  0|   6|           1|           2|
    |xor_ln895_119_fu_6771_p2     |       xor|   0|  0|   6|           1|           2|
    |xor_ln895_120_fu_6983_p2     |       xor|   0|  0|   6|           1|           2|
    |xor_ln895_121_fu_6995_p2     |       xor|   0|  0|   6|           1|           2|
    |xor_ln895_122_fu_7107_p2     |       xor|   0|  0|   6|           1|           2|
    |xor_ln895_123_fu_7119_p2     |       xor|   0|  0|   6|           1|           2|
    |xor_ln895_124_fu_7331_p2     |       xor|   0|  0|   6|           1|           2|
    |xor_ln895_125_fu_7343_p2     |       xor|   0|  0|   6|           1|           2|
    |xor_ln895_126_fu_7455_p2     |       xor|   0|  0|   6|           1|           2|
    |xor_ln895_127_fu_7467_p2     |       xor|   0|  0|   6|           1|           2|
    |xor_ln895_65_fu_1789_p2      |       xor|   0|  0|   6|           1|           2|
    |xor_ln895_66_fu_1901_p2      |       xor|   0|  0|   6|           1|           2|
    |xor_ln895_67_fu_1913_p2      |       xor|   0|  0|   6|           1|           2|
    |xor_ln895_68_fu_2129_p2      |       xor|   0|  0|   6|           1|           2|
    |xor_ln895_69_fu_2141_p2      |       xor|   0|  0|   6|           1|           2|
    |xor_ln895_70_fu_2253_p2      |       xor|   0|  0|   6|           1|           2|
    |xor_ln895_71_fu_2265_p2      |       xor|   0|  0|   6|           1|           2|
    |xor_ln895_72_fu_2507_p2      |       xor|   0|  0|   6|           1|           2|
    |xor_ln895_73_fu_2519_p2      |       xor|   0|  0|   6|           1|           2|
    |xor_ln895_74_fu_2631_p2      |       xor|   0|  0|   6|           1|           2|
    |xor_ln895_75_fu_2643_p2      |       xor|   0|  0|   6|           1|           2|
    |xor_ln895_76_fu_2885_p2      |       xor|   0|  0|   6|           1|           2|
    |xor_ln895_77_fu_2897_p2      |       xor|   0|  0|   6|           1|           2|
    |xor_ln895_78_fu_3009_p2      |       xor|   0|  0|   6|           1|           2|
    |xor_ln895_79_fu_3021_p2      |       xor|   0|  0|   6|           1|           2|
    |xor_ln895_80_fu_3263_p2      |       xor|   0|  0|   6|           1|           2|
    |xor_ln895_81_fu_3275_p2      |       xor|   0|  0|   6|           1|           2|
    |xor_ln895_82_fu_3387_p2      |       xor|   0|  0|   6|           1|           2|
    |xor_ln895_83_fu_3399_p2      |       xor|   0|  0|   6|           1|           2|
    |xor_ln895_84_fu_3641_p2      |       xor|   0|  0|   6|           1|           2|
    |xor_ln895_85_fu_3653_p2      |       xor|   0|  0|   6|           1|           2|
    |xor_ln895_86_fu_3765_p2      |       xor|   0|  0|   6|           1|           2|
    |xor_ln895_87_fu_3777_p2      |       xor|   0|  0|   6|           1|           2|
    |xor_ln895_88_fu_4019_p2      |       xor|   0|  0|   6|           1|           2|
    |xor_ln895_89_fu_4031_p2      |       xor|   0|  0|   6|           1|           2|
    |xor_ln895_90_fu_4143_p2      |       xor|   0|  0|   6|           1|           2|
    |xor_ln895_91_fu_4155_p2      |       xor|   0|  0|   6|           1|           2|
    |xor_ln895_92_fu_4397_p2      |       xor|   0|  0|   6|           1|           2|
    |xor_ln895_93_fu_4409_p2      |       xor|   0|  0|   6|           1|           2|
    |xor_ln895_94_fu_4521_p2      |       xor|   0|  0|   6|           1|           2|
    |xor_ln895_95_fu_4533_p2      |       xor|   0|  0|   6|           1|           2|
    |xor_ln895_96_fu_4775_p2      |       xor|   0|  0|   6|           1|           2|
    |xor_ln895_97_fu_4787_p2      |       xor|   0|  0|   6|           1|           2|
    |xor_ln895_98_fu_4899_p2      |       xor|   0|  0|   6|           1|           2|
    |xor_ln895_99_fu_4911_p2      |       xor|   0|  0|   6|           1|           2|
    |xor_ln895_fu_1777_p2         |       xor|   0|  0|   6|           1|           2|
    |xor_ln896_100_fu_4719_p2     |       xor|   0|  0|   6|           1|           2|
    |xor_ln896_101_fu_4798_p2     |       xor|   0|  0|   6|           1|           2|
    |xor_ln896_102_fu_4843_p2     |       xor|   0|  0|   6|           1|           2|
    |xor_ln896_103_fu_4922_p2     |       xor|   0|  0|   6|           1|           2|
    |xor_ln896_104_fu_5097_p2     |       xor|   0|  0|   6|           1|           2|
    |xor_ln896_105_fu_5176_p2     |       xor|   0|  0|   6|           1|           2|
    |xor_ln896_106_fu_5221_p2     |       xor|   0|  0|   6|           1|           2|
    |xor_ln896_107_fu_5300_p2     |       xor|   0|  0|   6|           1|           2|
    |xor_ln896_108_fu_5475_p2     |       xor|   0|  0|   6|           1|           2|
    |xor_ln896_109_fu_5554_p2     |       xor|   0|  0|   6|           1|           2|
    |xor_ln896_110_fu_5599_p2     |       xor|   0|  0|   6|           1|           2|
    |xor_ln896_111_fu_5678_p2     |       xor|   0|  0|   6|           1|           2|
    |xor_ln896_112_fu_5853_p2     |       xor|   0|  0|   6|           1|           2|
    |xor_ln896_113_fu_5932_p2     |       xor|   0|  0|   6|           1|           2|
    |xor_ln896_114_fu_5977_p2     |       xor|   0|  0|   6|           1|           2|
    |xor_ln896_115_fu_6056_p2     |       xor|   0|  0|   6|           1|           2|
    |xor_ln896_116_fu_6231_p2     |       xor|   0|  0|   6|           1|           2|
    |xor_ln896_117_fu_6310_p2     |       xor|   0|  0|   6|           1|           2|
    |xor_ln896_118_fu_6355_p2     |       xor|   0|  0|   6|           1|           2|
    |xor_ln896_119_fu_6434_p2     |       xor|   0|  0|   6|           1|           2|
    |xor_ln896_120_fu_6579_p2     |       xor|   0|  0|   6|           1|           2|
    |xor_ln896_121_fu_6658_p2     |       xor|   0|  0|   6|           1|           2|
    |xor_ln896_122_fu_6703_p2     |       xor|   0|  0|   6|           1|           2|
    |xor_ln896_123_fu_6782_p2     |       xor|   0|  0|   6|           1|           2|
    |xor_ln896_124_fu_6927_p2     |       xor|   0|  0|   6|           1|           2|
    |xor_ln896_125_fu_7006_p2     |       xor|   0|  0|   6|           1|           2|
    |xor_ln896_126_fu_7051_p2     |       xor|   0|  0|   6|           1|           2|
    |xor_ln896_127_fu_7130_p2     |       xor|   0|  0|   6|           1|           2|
    |xor_ln896_128_fu_7275_p2     |       xor|   0|  0|   6|           1|           2|
    |xor_ln896_129_fu_7354_p2     |       xor|   0|  0|   6|           1|           2|
    |xor_ln896_130_fu_7399_p2     |       xor|   0|  0|   6|           1|           2|
    |xor_ln896_131_fu_7478_p2     |       xor|   0|  0|   6|           1|           2|
    |xor_ln896_132_fu_1812_p2     |       xor|   0|  0|   6|           1|           1|
    |xor_ln896_133_fu_1936_p2     |       xor|   0|  0|   6|           1|           1|
    |xor_ln896_134_fu_2164_p2     |       xor|   0|  0|   6|           1|           1|
    |xor_ln896_135_fu_2288_p2     |       xor|   0|  0|   6|           1|           1|
    |xor_ln896_136_fu_2542_p2     |       xor|   0|  0|   6|           1|           1|
    |xor_ln896_137_fu_2666_p2     |       xor|   0|  0|   6|           1|           1|
    |xor_ln896_138_fu_2920_p2     |       xor|   0|  0|   6|           1|           1|
    |xor_ln896_139_fu_3044_p2     |       xor|   0|  0|   6|           1|           1|
    |xor_ln896_140_fu_3298_p2     |       xor|   0|  0|   6|           1|           1|
    |xor_ln896_141_fu_3422_p2     |       xor|   0|  0|   6|           1|           1|
    |xor_ln896_142_fu_3676_p2     |       xor|   0|  0|   6|           1|           1|
    |xor_ln896_143_fu_3800_p2     |       xor|   0|  0|   6|           1|           1|
    |xor_ln896_144_fu_4054_p2     |       xor|   0|  0|   6|           1|           1|
    |xor_ln896_145_fu_4178_p2     |       xor|   0|  0|   6|           1|           1|
    |xor_ln896_146_fu_4432_p2     |       xor|   0|  0|   6|           1|           1|
    |xor_ln896_147_fu_4556_p2     |       xor|   0|  0|   6|           1|           1|
    |xor_ln896_148_fu_4810_p2     |       xor|   0|  0|   6|           1|           1|
    |xor_ln896_149_fu_4934_p2     |       xor|   0|  0|   6|           1|           1|
    |xor_ln896_150_fu_5188_p2     |       xor|   0|  0|   6|           1|           1|
    |xor_ln896_151_fu_5312_p2     |       xor|   0|  0|   6|           1|           1|
    |xor_ln896_152_fu_5566_p2     |       xor|   0|  0|   6|           1|           1|
    |xor_ln896_153_fu_5690_p2     |       xor|   0|  0|   6|           1|           1|
    |xor_ln896_154_fu_5944_p2     |       xor|   0|  0|   6|           1|           1|
    |xor_ln896_155_fu_6068_p2     |       xor|   0|  0|   6|           1|           1|
    |xor_ln896_156_fu_6322_p2     |       xor|   0|  0|   6|           1|           1|
    |xor_ln896_157_fu_6446_p2     |       xor|   0|  0|   6|           1|           1|
    |xor_ln896_158_fu_6670_p2     |       xor|   0|  0|   6|           1|           1|
    |xor_ln896_159_fu_6794_p2     |       xor|   0|  0|   6|           1|           1|
    |xor_ln896_160_fu_7018_p2     |       xor|   0|  0|   6|           1|           1|
    |xor_ln896_161_fu_7142_p2     |       xor|   0|  0|   6|           1|           1|
    |xor_ln896_162_fu_7366_p2     |       xor|   0|  0|   6|           1|           1|
    |xor_ln896_163_fu_7490_p2     |       xor|   0|  0|   6|           1|           1|
    |xor_ln896_69_fu_1800_p2      |       xor|   0|  0|   6|           1|           2|
    |xor_ln896_70_fu_1845_p2      |       xor|   0|  0|   6|           1|           2|
    |xor_ln896_71_fu_1924_p2      |       xor|   0|  0|   6|           1|           2|
    |xor_ln896_72_fu_2073_p2      |       xor|   0|  0|   6|           1|           2|
    |xor_ln896_73_fu_2152_p2      |       xor|   0|  0|   6|           1|           2|
    |xor_ln896_74_fu_2197_p2      |       xor|   0|  0|   6|           1|           2|
    |xor_ln896_75_fu_2276_p2      |       xor|   0|  0|   6|           1|           2|
    |xor_ln896_76_fu_2451_p2      |       xor|   0|  0|   6|           1|           2|
    |xor_ln896_77_fu_2530_p2      |       xor|   0|  0|   6|           1|           2|
    |xor_ln896_78_fu_2575_p2      |       xor|   0|  0|   6|           1|           2|
    |xor_ln896_79_fu_2654_p2      |       xor|   0|  0|   6|           1|           2|
    |xor_ln896_80_fu_2829_p2      |       xor|   0|  0|   6|           1|           2|
    |xor_ln896_81_fu_2908_p2      |       xor|   0|  0|   6|           1|           2|
    |xor_ln896_82_fu_2953_p2      |       xor|   0|  0|   6|           1|           2|
    |xor_ln896_83_fu_3032_p2      |       xor|   0|  0|   6|           1|           2|
    |xor_ln896_84_fu_3207_p2      |       xor|   0|  0|   6|           1|           2|
    |xor_ln896_85_fu_3286_p2      |       xor|   0|  0|   6|           1|           2|
    |xor_ln896_86_fu_3331_p2      |       xor|   0|  0|   6|           1|           2|
    |xor_ln896_87_fu_3410_p2      |       xor|   0|  0|   6|           1|           2|
    |xor_ln896_88_fu_3585_p2      |       xor|   0|  0|   6|           1|           2|
    |xor_ln896_89_fu_3664_p2      |       xor|   0|  0|   6|           1|           2|
    |xor_ln896_90_fu_3709_p2      |       xor|   0|  0|   6|           1|           2|
    |xor_ln896_91_fu_3788_p2      |       xor|   0|  0|   6|           1|           2|
    |xor_ln896_92_fu_3963_p2      |       xor|   0|  0|   6|           1|           2|
    |xor_ln896_93_fu_4042_p2      |       xor|   0|  0|   6|           1|           2|
    |xor_ln896_94_fu_4087_p2      |       xor|   0|  0|   6|           1|           2|
    |xor_ln896_95_fu_4166_p2      |       xor|   0|  0|   6|           1|           2|
    |xor_ln896_96_fu_4341_p2      |       xor|   0|  0|   6|           1|           2|
    |xor_ln896_97_fu_4420_p2      |       xor|   0|  0|   6|           1|           2|
    |xor_ln896_98_fu_4465_p2      |       xor|   0|  0|   6|           1|           2|
    |xor_ln896_99_fu_4544_p2      |       xor|   0|  0|   6|           1|           2|
    |xor_ln896_fu_1721_p2         |       xor|   0|  0|   6|           1|           2|
    +-----------------------------+----------+----+---+----+------------+------------+
    |Total                        |          |   0|  0|4480|         896|        1504|
    +-----------------------------+----------+----+---+----+------------+------------+

    * Multiplexer: 
    +-------------------+-----+-----------+-----+-----------+
    |        Name       | LUT | Input Size| Bits| Total Bits|
    +-------------------+-----+-----------+-----+-----------+
    |ap_NS_fsm          |  134|         30|    1|         30|
    |grp_fu_11056_ce    |   13|          3|    1|          3|
    |grp_fu_11056_p0    |   13|          3|   23|         69|
    |grp_fu_11056_p1    |   13|          3|   24|         72|
    |grp_fu_11060_ce    |   13|          3|    1|          3|
    |grp_fu_11060_p0    |   13|          3|   21|         63|
    |grp_fu_11060_p1    |   13|          3|   23|         69|
    |grp_fu_11064_ce    |   13|          3|    1|          3|
    |grp_fu_11064_p0    |   13|          3|   22|         66|
    |grp_fu_11064_p1    |   13|          3|   23|         69|
    |grp_fu_11068_ce    |   13|          3|    1|          3|
    |grp_fu_11068_p0    |   13|          3|   22|         66|
    |grp_fu_11068_p1    |   13|          3|   23|         69|
    |grp_fu_11072_ce    |   13|          3|    1|          3|
    |grp_fu_11072_p0    |   13|          3|   21|         63|
    |grp_fu_11072_p1    |   13|          3|   23|         69|
    |grp_fu_11076_ce    |   13|          3|    1|          3|
    |grp_fu_11076_p0    |   13|          3|   22|         66|
    |grp_fu_11076_p1    |   13|          3|   23|         69|
    |grp_fu_11080_ce    |   13|          3|    1|          3|
    |grp_fu_11080_p0    |   13|          3|   22|         66|
    |grp_fu_11080_p1    |   13|          3|   23|         69|
    |grp_fu_11084_ce    |   13|          3|    1|          3|
    |grp_fu_11084_p0    |   13|          3|   22|         66|
    |grp_fu_11084_p1    |   13|          3|   23|         69|
    |grp_fu_11088_ce    |   13|          3|    1|          3|
    |grp_fu_11088_p0    |   13|          3|   21|         63|
    |grp_fu_11088_p1    |   13|          3|   23|         69|
    |grp_fu_11092_ce    |   13|          3|    1|          3|
    |grp_fu_11092_p0    |   13|          3|   22|         66|
    |grp_fu_11092_p1    |   13|          3|   23|         69|
    |grp_fu_11096_ce    |   13|          3|    1|          3|
    |grp_fu_11096_p0    |   13|          3|   22|         66|
    |grp_fu_11096_p1    |   13|          3|   23|         69|
    |grp_fu_11100_ce    |   13|          3|    1|          3|
    |grp_fu_11100_p0    |   13|          3|   22|         66|
    |grp_fu_11100_p1    |   13|          3|   23|         69|
    |grp_fu_11104_ce    |   13|          3|    1|          3|
    |grp_fu_11104_p0    |   13|          3|   21|         63|
    |grp_fu_11104_p1    |   13|          3|   23|         69|
    |grp_fu_11108_ce    |   13|          3|    1|          3|
    |grp_fu_11108_p0    |   13|          3|   22|         66|
    |grp_fu_11108_p1    |   13|          3|   23|         69|
    |grp_fu_11112_ce    |   13|          3|    1|          3|
    |grp_fu_11112_p0    |   13|          3|   22|         66|
    |grp_fu_11112_p1    |   13|          3|   23|         69|
    |grp_fu_11116_ce    |   13|          3|    1|          3|
    |grp_fu_11116_p0    |   13|          3|   21|         63|
    |grp_fu_11116_p1    |   13|          3|   23|         69|
    |grp_fu_11120_ce    |   13|          3|    1|          3|
    |grp_fu_11120_p0    |   13|          3|   22|         66|
    |grp_fu_11120_p1    |   13|          3|   23|         69|
    |grp_fu_11124_ce    |   13|          3|    1|          3|
    |grp_fu_11124_p0    |   13|          3|   22|         66|
    |grp_fu_11124_p1    |   13|          3|   23|         69|
    |grp_fu_11128_ce    |   13|          3|    1|          3|
    |grp_fu_11128_p0    |   13|          3|   21|         63|
    |grp_fu_11128_p1    |   13|          3|   23|         69|
    |grp_fu_11132_ce    |   13|          3|    1|          3|
    |grp_fu_11132_p0    |   13|          3|   22|         66|
    |grp_fu_11132_p1    |   13|          3|   23|         69|
    |grp_fu_11136_ce    |   13|          3|    1|          3|
    |grp_fu_11136_p0    |   13|          3|   22|         66|
    |grp_fu_11136_p1    |   13|          3|   23|         69|
    |grp_fu_11140_ce    |   13|          3|    1|          3|
    |grp_fu_11140_p0    |   13|          3|   21|         63|
    |grp_fu_11140_p1    |   13|          3|   23|         69|
    |grp_fu_11144_ce    |   13|          3|    1|          3|
    |grp_fu_11144_p0    |   13|          3|   22|         66|
    |grp_fu_11144_p1    |   13|          3|   23|         69|
    |grp_fu_11148_ce    |   13|          3|    1|          3|
    |grp_fu_11148_p0    |   13|          3|   22|         66|
    |grp_fu_11148_p1    |   13|          3|   23|         69|
    |grp_fu_11152_ce    |   13|          3|    1|          3|
    |grp_fu_11152_p0    |   13|          3|   22|         66|
    |grp_fu_11152_p1    |   13|          3|   23|         69|
    |grp_fu_11156_ce    |   13|          3|    1|          3|
    |grp_fu_11156_p0    |   13|          3|   23|         69|
    |grp_fu_11156_p1    |   13|          3|   23|         69|
    |grp_fu_11160_ce    |   13|          3|    1|          3|
    |grp_fu_11160_p0    |   13|          3|   21|         63|
    |grp_fu_11160_p1    |   13|          3|   23|         69|
    |grp_fu_11164_ce    |   13|          3|    1|          3|
    |grp_fu_11164_p0    |   13|          3|   22|         66|
    |grp_fu_11164_p1    |   13|          3|   23|         69|
    |grp_fu_11168_ce    |   13|          3|    1|          3|
    |grp_fu_11168_p0    |   13|          3|   22|         66|
    |grp_fu_11168_p1    |   13|          3|   23|         69|
    |grp_fu_11172_ce    |   13|          3|    1|          3|
    |grp_fu_11172_p0    |   13|          3|   23|         69|
    |grp_fu_11172_p1    |   13|          3|   23|         69|
    |grp_fu_11176_ce    |   13|          3|    1|          3|
    |grp_fu_11176_p0    |   13|          3|   22|         66|
    |grp_fu_11176_p1    |   13|          3|   23|         69|
    |grp_fu_11180_ce    |   13|          3|    1|          3|
    |grp_fu_11180_p0    |   13|          3|   22|         66|
    |grp_fu_11180_p1    |   13|          3|   23|         69|
    |grp_fu_11184_ce    |    9|          2|    1|          2|
    |grp_fu_11188_ce    |    9|          2|    1|          2|
    |grp_fu_11192_ce    |    9|          2|    1|          2|
    |grp_fu_11196_ce    |    9|          2|    1|          2|
    |grp_fu_11200_ce    |    9|          2|    1|          2|
    |grp_fu_11204_ce    |   13|          3|    1|          3|
    |grp_fu_11204_p0    |   13|          3|   23|         69|
    |grp_fu_11204_p1    |   13|          3|   23|         69|
    |grp_fu_11208_ce    |    9|          2|    1|          2|
    |grp_fu_11212_ce    |    9|          2|    1|          2|
    |grp_fu_11216_ce    |    9|          2|    1|          2|
    |grp_fu_11220_ce    |    9|          2|    1|          2|
    |grp_fu_11224_ce    |    9|          2|    1|          2|
    |grp_fu_11228_ce    |    9|          2|    1|          2|
    |grp_fu_11232_ce    |    9|          2|    1|          2|
    |grp_fu_11236_ce    |    9|          2|    1|          2|
    |grp_fu_11240_ce    |    9|          2|    1|          2|
    |grp_fu_11244_ce    |    9|          2|    1|          2|
    |grp_fu_11248_ce    |    9|          2|    1|          2|
    |grp_fu_11252_ce    |    9|          2|    1|          2|
    |grp_fu_11256_ce    |    9|          2|    1|          2|
    |grp_fu_11260_ce    |    9|          2|    1|          2|
    |grp_fu_11264_ce    |    9|          2|    1|          2|
    |grp_fu_11268_ce    |    9|          2|    1|          2|
    |h_prev_0_address0  |   25|          6|    3|         18|
    |h_prev_0_address1  |   21|          5|    3|         15|
    |h_prev_0_ce0       |   13|          3|    1|          3|
    |h_prev_1_address0  |   25|          6|    3|         18|
    |h_prev_1_address1  |   21|          5|    3|         15|
    |h_prev_1_ce0       |   13|          3|    1|          3|
    |h_prev_2_address0  |   25|          6|    3|         18|
    |h_prev_2_address1  |   21|          5|    3|         15|
    |h_prev_2_ce0       |   13|          3|    1|          3|
    |h_prev_3_address0  |   25|          6|    3|         18|
    |h_prev_3_address1  |   21|          5|    3|         15|
    |h_prev_3_ce0       |   13|          3|    1|          3|
    |r_V_address0       |   87|         18|    5|         90|
    |r_V_address1       |   81|         17|    5|         85|
    |r_V_ce0            |   13|          3|    1|          3|
    |r_V_we0            |    9|          2|    1|          2|
    |z_V_address0       |   13|          3|    5|         15|
    |z_V_ce0            |   13|          3|    1|          3|
    |z_V_we0            |    9|          2|    1|          2|
    +-------------------+-----+-----------+-----+-----------+
    |Total              | 2071|        473| 1584|       4961|
    +-------------------+-----+-----------+-----+-----------+

    * Register: 
    +-----------------------------------------------------------------+----+----+-----+-----------+
    |                               Name                              | FF | LUT| Bits| Const Bits|
    +-----------------------------------------------------------------+----+----+-----+-----------+
    |Range2_all_ones_36_reg_8859                                      |   1|   0|    1|          0|
    |Range2_all_ones_37_reg_8953                                      |   1|   0|    1|          0|
    |Range2_all_ones_38_reg_8987                                      |   1|   0|    1|          0|
    |Range2_all_ones_39_reg_9081                                      |   1|   0|    1|          0|
    |Range2_all_ones_40_reg_9115                                      |   1|   0|    1|          0|
    |Range2_all_ones_41_reg_9219                                      |   1|   0|    1|          0|
    |Range2_all_ones_42_reg_9253                                      |   1|   0|    1|          0|
    |Range2_all_ones_43_reg_9357                                      |   1|   0|    1|          0|
    |Range2_all_ones_44_reg_9391                                      |   1|   0|    1|          0|
    |Range2_all_ones_45_reg_9495                                      |   1|   0|    1|          0|
    |Range2_all_ones_46_reg_9529                                      |   1|   0|    1|          0|
    |Range2_all_ones_47_reg_9633                                      |   1|   0|    1|          0|
    |Range2_all_ones_48_reg_9667                                      |   1|   0|    1|          0|
    |Range2_all_ones_49_reg_9771                                      |   1|   0|    1|          0|
    |Range2_all_ones_50_reg_9805                                      |   1|   0|    1|          0|
    |Range2_all_ones_51_reg_9909                                      |   1|   0|    1|          0|
    |Range2_all_ones_52_reg_9943                                      |   1|   0|    1|          0|
    |Range2_all_ones_53_reg_10047                                     |   1|   0|    1|          0|
    |Range2_all_ones_54_reg_10081                                     |   1|   0|    1|          0|
    |Range2_all_ones_55_reg_10185                                     |   1|   0|    1|          0|
    |Range2_all_ones_56_reg_10219                                     |   1|   0|    1|          0|
    |Range2_all_ones_57_reg_10323                                     |   1|   0|    1|          0|
    |Range2_all_ones_58_reg_10357                                     |   1|   0|    1|          0|
    |Range2_all_ones_59_reg_10461                                     |   1|   0|    1|          0|
    |Range2_all_ones_60_reg_10495                                     |   1|   0|    1|          0|
    |Range2_all_ones_61_reg_10589                                     |   1|   0|    1|          0|
    |Range2_all_ones_62_reg_10623                                     |   1|   0|    1|          0|
    |Range2_all_ones_63_reg_10697                                     |   1|   0|    1|          0|
    |Range2_all_ones_64_reg_10731                                     |   1|   0|    1|          0|
    |Range2_all_ones_65_reg_10805                                     |   1|   0|    1|          0|
    |Range2_all_ones_66_reg_10839                                     |   1|   0|    1|          0|
    |Range2_all_ones_reg_8825                                         |   1|   0|    1|          0|
    |ap_CS_fsm                                                        |  29|   0|   29|          0|
    |grp_gru_cell_step_Pipeline_VITIS_LOOP_48_1_fu_915_ap_start_reg   |   1|   0|    1|          0|
    |grp_gru_cell_step_Pipeline_VITIS_LOOP_94_5_fu_1105_ap_start_reg  |   1|   0|    1|          0|
    |h_prev_0_load_10_reg_8361                                        |   8|   0|    8|          0|
    |h_prev_0_load_11_reg_8425                                        |   8|   0|    8|          0|
    |h_prev_0_load_12_reg_8449                                        |   8|   0|    8|          0|
    |h_prev_0_load_13_reg_8613                                        |   8|   0|    8|          0|
    |h_prev_0_load_14_reg_8656                                        |   8|   0|    8|          0|
    |h_prev_0_load_8_reg_8273                                         |   8|   0|    8|          0|
    |h_prev_0_load_9_reg_8337                                         |   8|   0|    8|          0|
    |h_prev_0_load_reg_8249                                           |   8|   0|    8|          0|
    |h_prev_1_load_10_reg_8367                                        |   8|   0|    8|          0|
    |h_prev_1_load_11_reg_8431                                        |   8|   0|    8|          0|
    |h_prev_1_load_12_reg_8455                                        |   8|   0|    8|          0|
    |h_prev_1_load_13_reg_8624                                        |   8|   0|    8|          0|
    |h_prev_1_load_14_reg_8667                                        |   8|   0|    8|          0|
    |h_prev_1_load_8_reg_8279                                         |   8|   0|    8|          0|
    |h_prev_1_load_9_reg_8343                                         |   8|   0|    8|          0|
    |h_prev_1_load_reg_8255                                           |   8|   0|    8|          0|
    |h_prev_2_load_10_reg_8373                                        |   8|   0|    8|          0|
    |h_prev_2_load_11_reg_8437                                        |   8|   0|    8|          0|
    |h_prev_2_load_12_reg_8461                                        |   8|   0|    8|          0|
    |h_prev_2_load_13_reg_8634                                        |   8|   0|    8|          0|
    |h_prev_2_load_14_reg_8678                                        |   8|   0|    8|          0|
    |h_prev_2_load_8_reg_8285                                         |   8|   0|    8|          0|
    |h_prev_2_load_9_reg_8349                                         |   8|   0|    8|          0|
    |h_prev_2_load_reg_8261                                           |   8|   0|    8|          0|
    |h_prev_3_load_10_reg_8379                                        |   8|   0|    8|          0|
    |h_prev_3_load_11_reg_8443                                        |   8|   0|    8|          0|
    |h_prev_3_load_12_reg_8467                                        |   8|   0|    8|          0|
    |h_prev_3_load_13_reg_8645                                        |   8|   0|    8|          0|
    |h_prev_3_load_14_reg_8688                                        |   8|   0|    8|          0|
    |h_prev_3_load_8_reg_8291                                         |   8|   0|    8|          0|
    |h_prev_3_load_9_reg_8355                                         |   8|   0|    8|          0|
    |h_prev_3_load_reg_8267                                           |   8|   0|    8|          0|
    |or_ln346_32_reg_8921                                             |   1|   0|    1|          0|
    |or_ln346_33_reg_9034                                             |   1|   0|    1|          0|
    |or_ln346_34_reg_9049                                             |   1|   0|    1|          0|
    |or_ln346_35_reg_9172                                             |   1|   0|    1|          0|
    |or_ln346_36_reg_9187                                             |   1|   0|    1|          0|
    |or_ln346_37_reg_9310                                             |   1|   0|    1|          0|
    |or_ln346_38_reg_9325                                             |   1|   0|    1|          0|
    |or_ln346_39_reg_9448                                             |   1|   0|    1|          0|
    |or_ln346_40_reg_9463                                             |   1|   0|    1|          0|
    |or_ln346_41_reg_9586                                             |   1|   0|    1|          0|
    |or_ln346_42_reg_9601                                             |   1|   0|    1|          0|
    |or_ln346_43_reg_9724                                             |   1|   0|    1|          0|
    |or_ln346_44_reg_9739                                             |   1|   0|    1|          0|
    |or_ln346_45_reg_9862                                             |   1|   0|    1|          0|
    |or_ln346_46_reg_9877                                             |   1|   0|    1|          0|
    |or_ln346_47_reg_10000                                            |   1|   0|    1|          0|
    |or_ln346_48_reg_10015                                            |   1|   0|    1|          0|
    |or_ln346_49_reg_10138                                            |   1|   0|    1|          0|
    |or_ln346_50_reg_10153                                            |   1|   0|    1|          0|
    |or_ln346_51_reg_10276                                            |   1|   0|    1|          0|
    |or_ln346_52_reg_10291                                            |   1|   0|    1|          0|
    |or_ln346_53_reg_10414                                            |   1|   0|    1|          0|
    |or_ln346_54_reg_10429                                            |   1|   0|    1|          0|
    |or_ln346_55_reg_10542                                            |   1|   0|    1|          0|
    |or_ln346_56_reg_10557                                            |   1|   0|    1|          0|
    |or_ln346_57_reg_10650                                            |   1|   0|    1|          0|
    |or_ln346_58_reg_10665                                            |   1|   0|    1|          0|
    |or_ln346_59_reg_10758                                            |   1|   0|    1|          0|
    |or_ln346_60_reg_10773                                            |   1|   0|    1|          0|
    |or_ln346_61_reg_10866                                            |   1|   0|    1|          0|
    |or_ln346_62_reg_10881                                            |   1|   0|    1|          0|
    |or_ln346_reg_8906                                                |   1|   0|    1|          0|
    |overflow_65_reg_8916                                             |   1|   0|    1|          0|
    |overflow_66_reg_9029                                             |   1|   0|    1|          0|
    |overflow_67_reg_9044                                             |   1|   0|    1|          0|
    |overflow_68_reg_9167                                             |   1|   0|    1|          0|
    |overflow_69_reg_9182                                             |   1|   0|    1|          0|
    |overflow_70_reg_9305                                             |   1|   0|    1|          0|
    |overflow_71_reg_9320                                             |   1|   0|    1|          0|
    |overflow_72_reg_9443                                             |   1|   0|    1|          0|
    |overflow_73_reg_9458                                             |   1|   0|    1|          0|
    |overflow_74_reg_9581                                             |   1|   0|    1|          0|
    |overflow_75_reg_9596                                             |   1|   0|    1|          0|
    |overflow_76_reg_9719                                             |   1|   0|    1|          0|
    |overflow_77_reg_9734                                             |   1|   0|    1|          0|
    |overflow_78_reg_9857                                             |   1|   0|    1|          0|
    |overflow_79_reg_9872                                             |   1|   0|    1|          0|
    |overflow_80_reg_9995                                             |   1|   0|    1|          0|
    |overflow_81_reg_10010                                            |   1|   0|    1|          0|
    |overflow_82_reg_10133                                            |   1|   0|    1|          0|
    |overflow_83_reg_10148                                            |   1|   0|    1|          0|
    |overflow_84_reg_10271                                            |   1|   0|    1|          0|
    |overflow_85_reg_10286                                            |   1|   0|    1|          0|
    |overflow_86_reg_10409                                            |   1|   0|    1|          0|
    |overflow_87_reg_10424                                            |   1|   0|    1|          0|
    |overflow_88_reg_10537                                            |   1|   0|    1|          0|
    |overflow_89_reg_10552                                            |   1|   0|    1|          0|
    |overflow_90_reg_10645                                            |   1|   0|    1|          0|
    |overflow_91_reg_10660                                            |   1|   0|    1|          0|
    |overflow_92_reg_10753                                            |   1|   0|    1|          0|
    |overflow_93_reg_10768                                            |   1|   0|    1|          0|
    |overflow_94_reg_10861                                            |   1|   0|    1|          0|
    |overflow_95_reg_10876                                            |   1|   0|    1|          0|
    |overflow_reg_8901                                                |   1|   0|    1|          0|
    |p_Result_108_reg_8814                                            |   1|   0|    1|          0|
    |p_Result_110_reg_8837                                            |   1|   0|    1|          0|
    |p_Result_111_reg_8848                                            |   1|   0|    1|          0|
    |p_Result_113_reg_8931                                            |   1|   0|    1|          0|
    |p_Result_114_reg_8942                                            |   1|   0|    1|          0|
    |p_Result_116_reg_8965                                            |   1|   0|    1|          0|
    |p_Result_117_reg_8976                                            |   1|   0|    1|          0|
    |p_Result_119_reg_9059                                            |   1|   0|    1|          0|
    |p_Result_120_reg_9070                                            |   1|   0|    1|          0|
    |p_Result_122_reg_9093                                            |   1|   0|    1|          0|
    |p_Result_123_reg_9104                                            |   1|   0|    1|          0|
    |p_Result_125_reg_9197                                            |   1|   0|    1|          0|
    |p_Result_126_reg_9208                                            |   1|   0|    1|          0|
    |p_Result_128_reg_9231                                            |   1|   0|    1|          0|
    |p_Result_129_reg_9242                                            |   1|   0|    1|          0|
    |p_Result_131_reg_9335                                            |   1|   0|    1|          0|
    |p_Result_132_reg_9346                                            |   1|   0|    1|          0|
    |p_Result_134_reg_9369                                            |   1|   0|    1|          0|
    |p_Result_135_reg_9380                                            |   1|   0|    1|          0|
    |p_Result_137_reg_9473                                            |   1|   0|    1|          0|
    |p_Result_138_reg_9484                                            |   1|   0|    1|          0|
    |p_Result_140_reg_9507                                            |   1|   0|    1|          0|
    |p_Result_141_reg_9518                                            |   1|   0|    1|          0|
    |p_Result_143_reg_9611                                            |   1|   0|    1|          0|
    |p_Result_144_reg_9622                                            |   1|   0|    1|          0|
    |p_Result_146_reg_9645                                            |   1|   0|    1|          0|
    |p_Result_147_reg_9656                                            |   1|   0|    1|          0|
    |p_Result_149_reg_9749                                            |   1|   0|    1|          0|
    |p_Result_150_reg_9760                                            |   1|   0|    1|          0|
    |p_Result_152_reg_9783                                            |   1|   0|    1|          0|
    |p_Result_153_reg_9794                                            |   1|   0|    1|          0|
    |p_Result_155_reg_9887                                            |   1|   0|    1|          0|
    |p_Result_156_reg_9898                                            |   1|   0|    1|          0|
    |p_Result_158_reg_9921                                            |   1|   0|    1|          0|
    |p_Result_159_reg_9932                                            |   1|   0|    1|          0|
    |p_Result_161_reg_10025                                           |   1|   0|    1|          0|
    |p_Result_162_reg_10036                                           |   1|   0|    1|          0|
    |p_Result_164_reg_10059                                           |   1|   0|    1|          0|
    |p_Result_165_reg_10070                                           |   1|   0|    1|          0|
    |p_Result_167_reg_10163                                           |   1|   0|    1|          0|
    |p_Result_168_reg_10174                                           |   1|   0|    1|          0|
    |p_Result_170_reg_10197                                           |   1|   0|    1|          0|
    |p_Result_171_reg_10208                                           |   1|   0|    1|          0|
    |p_Result_173_reg_10301                                           |   1|   0|    1|          0|
    |p_Result_174_reg_10312                                           |   1|   0|    1|          0|
    |p_Result_176_reg_10335                                           |   1|   0|    1|          0|
    |p_Result_177_reg_10346                                           |   1|   0|    1|          0|
    |p_Result_179_reg_10439                                           |   1|   0|    1|          0|
    |p_Result_180_reg_10450                                           |   1|   0|    1|          0|
    |p_Result_182_reg_10473                                           |   1|   0|    1|          0|
    |p_Result_183_reg_10484                                           |   1|   0|    1|          0|
    |p_Result_185_reg_10567                                           |   1|   0|    1|          0|
    |p_Result_186_reg_10578                                           |   1|   0|    1|          0|
    |p_Result_188_reg_10601                                           |   1|   0|    1|          0|
    |p_Result_189_reg_10612                                           |   1|   0|    1|          0|
    |p_Result_191_reg_10675                                           |   1|   0|    1|          0|
    |p_Result_192_reg_10686                                           |   1|   0|    1|          0|
    |p_Result_194_reg_10709                                           |   1|   0|    1|          0|
    |p_Result_195_reg_10720                                           |   1|   0|    1|          0|
    |p_Result_197_reg_10783                                           |   1|   0|    1|          0|
    |p_Result_198_reg_10794                                           |   1|   0|    1|          0|
    |p_Result_200_reg_10817                                           |   1|   0|    1|          0|
    |p_Result_201_reg_10828                                           |   1|   0|    1|          0|
    |p_Result_s_reg_8803                                              |   1|   0|    1|          0|
    |p_Val2_162_reg_8809                                              |   8|   0|    8|          0|
    |p_Val2_163_reg_8896                                              |   8|   0|    8|          0|
    |p_Val2_165_reg_8843                                              |   8|   0|    8|          0|
    |p_Val2_166_reg_8911                                              |   8|   0|    8|          0|
    |p_Val2_168_reg_8937                                              |   8|   0|    8|          0|
    |p_Val2_169_reg_9024                                              |   8|   0|    8|          0|
    |p_Val2_171_reg_8971                                              |   8|   0|    8|          0|
    |p_Val2_172_reg_9039                                              |   8|   0|    8|          0|
    |p_Val2_174_reg_9065                                              |   8|   0|    8|          0|
    |p_Val2_175_reg_9162                                              |   8|   0|    8|          0|
    |p_Val2_177_reg_9099                                              |   8|   0|    8|          0|
    |p_Val2_178_reg_9177                                              |   8|   0|    8|          0|
    |p_Val2_180_reg_9203                                              |   8|   0|    8|          0|
    |p_Val2_181_reg_9300                                              |   8|   0|    8|          0|
    |p_Val2_183_reg_9237                                              |   8|   0|    8|          0|
    |p_Val2_184_reg_9315                                              |   8|   0|    8|          0|
    |p_Val2_186_reg_9341                                              |   8|   0|    8|          0|
    |p_Val2_187_reg_9438                                              |   8|   0|    8|          0|
    |p_Val2_189_reg_9375                                              |   8|   0|    8|          0|
    |p_Val2_190_reg_9453                                              |   8|   0|    8|          0|
    |p_Val2_192_reg_9479                                              |   8|   0|    8|          0|
    |p_Val2_193_reg_9576                                              |   8|   0|    8|          0|
    |p_Val2_195_reg_9513                                              |   8|   0|    8|          0|
    |p_Val2_196_reg_9591                                              |   8|   0|    8|          0|
    |p_Val2_198_reg_9617                                              |   8|   0|    8|          0|
    |p_Val2_199_reg_9714                                              |   8|   0|    8|          0|
    |p_Val2_201_reg_9651                                              |   8|   0|    8|          0|
    |p_Val2_202_reg_9729                                              |   8|   0|    8|          0|
    |p_Val2_204_reg_9755                                              |   8|   0|    8|          0|
    |p_Val2_205_reg_9852                                              |   8|   0|    8|          0|
    |p_Val2_207_reg_9789                                              |   8|   0|    8|          0|
    |p_Val2_208_reg_9867                                              |   8|   0|    8|          0|
    |p_Val2_210_reg_9893                                              |   8|   0|    8|          0|
    |p_Val2_211_reg_9990                                              |   8|   0|    8|          0|
    |p_Val2_213_reg_9927                                              |   8|   0|    8|          0|
    |p_Val2_214_reg_10005                                             |   8|   0|    8|          0|
    |p_Val2_216_reg_10031                                             |   8|   0|    8|          0|
    |p_Val2_217_reg_10128                                             |   8|   0|    8|          0|
    |p_Val2_219_reg_10065                                             |   8|   0|    8|          0|
    |p_Val2_220_reg_10143                                             |   8|   0|    8|          0|
    |p_Val2_222_reg_10169                                             |   8|   0|    8|          0|
    |p_Val2_223_reg_10266                                             |   8|   0|    8|          0|
    |p_Val2_225_reg_10203                                             |   8|   0|    8|          0|
    |p_Val2_226_reg_10281                                             |   8|   0|    8|          0|
    |p_Val2_228_reg_10307                                             |   8|   0|    8|          0|
    |p_Val2_229_reg_10404                                             |   8|   0|    8|          0|
    |p_Val2_231_reg_10341                                             |   8|   0|    8|          0|
    |p_Val2_232_reg_10419                                             |   8|   0|    8|          0|
    |p_Val2_234_reg_10445                                             |   8|   0|    8|          0|
    |p_Val2_235_reg_10532                                             |   8|   0|    8|          0|
    |p_Val2_237_reg_10479                                             |   8|   0|    8|          0|
    |p_Val2_238_reg_10547                                             |   8|   0|    8|          0|
    |p_Val2_240_reg_10573                                             |   8|   0|    8|          0|
    |p_Val2_241_reg_10640                                             |   8|   0|    8|          0|
    |p_Val2_243_reg_10607                                             |   8|   0|    8|          0|
    |p_Val2_244_reg_10655                                             |   8|   0|    8|          0|
    |p_Val2_246_reg_10681                                             |   8|   0|    8|          0|
    |p_Val2_247_reg_10748                                             |   8|   0|    8|          0|
    |p_Val2_249_reg_10715                                             |   8|   0|    8|          0|
    |p_Val2_250_reg_10763                                             |   8|   0|    8|          0|
    |p_Val2_252_reg_10789                                             |   8|   0|    8|          0|
    |p_Val2_253_reg_10856                                             |   8|   0|    8|          0|
    |p_Val2_255_reg_10823                                             |   8|   0|    8|          0|
    |p_Val2_256_reg_10871                                             |   8|   0|    8|          0|
    |r_V_100_reg_8513                                                 |   8|   0|   23|         15|
    |r_V_101_reg_8518                                                 |   8|   0|   23|         15|
    |r_V_102_reg_8524                                                 |   8|   0|   23|         15|
    |r_V_103_reg_8530                                                 |   8|   0|   23|         15|
    |r_V_104_reg_8535                                                 |   8|   0|   23|         15|
    |r_V_105_reg_8541                                                 |   8|   0|   23|         15|
    |r_V_106_reg_8546                                                 |   8|   0|   23|         15|
    |r_V_107_reg_8552                                                 |   8|   0|   23|         15|
    |r_V_108_reg_8558                                                 |   8|   0|   23|         15|
    |r_V_109_reg_8564                                                 |   8|   0|   23|         15|
    |r_V_110_reg_8569                                                 |   8|   0|   23|         15|
    |r_V_111_reg_8575                                                 |   8|   0|   23|         15|
    |r_V_112_reg_8580                                                 |   8|   0|   23|         15|
    |r_V_113_reg_8585                                                 |   8|   0|   23|         15|
    |r_V_114_reg_8590                                                 |   8|   0|   23|         15|
    |r_V_115_reg_8595                                                 |   8|   0|   23|         15|
    |r_V_116_reg_8601                                                 |   8|   0|   23|         15|
    |r_V_117_reg_8607                                                 |   8|   0|   23|         15|
    |r_V_118_reg_8618                                                 |   8|   0|   23|         15|
    |r_V_119_reg_8629                                                 |   8|   0|   23|         15|
    |r_V_120_reg_8639                                                 |   8|   0|   23|         15|
    |r_V_121_reg_8650                                                 |   8|   0|   23|         15|
    |r_V_122_reg_8661                                                 |   8|   0|   23|         15|
    |r_V_123_reg_8672                                                 |   8|   0|   23|         15|
    |r_V_124_reg_8683                                                 |   8|   0|   23|         15|
    |r_V_125_reg_8693                                                 |   8|   0|   23|         15|
    |r_V_126_reg_10896                                                |   8|   0|   23|         15|
    |r_V_127_reg_10901                                                |   8|   0|   23|         15|
    |r_V_128_reg_10906                                                |   8|   0|   23|         15|
    |r_V_129_reg_10911                                                |   8|   0|   23|         15|
    |r_V_130_reg_10916                                                |   8|   0|   23|         15|
    |r_V_131_reg_10921                                                |   8|   0|   23|         15|
    |r_V_132_reg_10926                                                |   8|   0|   23|         15|
    |r_V_133_reg_10931                                                |   8|   0|   23|         15|
    |r_V_134_reg_10936                                                |   8|   0|   23|         15|
    |r_V_135_reg_10941                                                |   8|   0|   23|         15|
    |r_V_136_reg_10946                                                |   8|   0|   23|         15|
    |r_V_137_reg_10951                                                |   8|   0|   23|         15|
    |r_V_138_reg_10956                                                |   8|   0|   23|         15|
    |r_V_139_reg_10961                                                |   8|   0|   23|         15|
    |r_V_140_reg_10966                                                |   8|   0|   23|         15|
    |r_V_141_reg_10971                                                |   8|   0|   23|         15|
    |r_V_142_reg_10976                                                |   8|   0|   23|         15|
    |r_V_143_reg_10981                                                |   8|   0|   23|         15|
    |r_V_144_reg_10986                                                |   8|   0|   23|         15|
    |r_V_145_reg_10991                                                |   8|   0|   23|         15|
    |r_V_146_reg_10996                                                |   8|   0|   23|         15|
    |r_V_147_reg_11001                                                |   8|   0|   23|         15|
    |r_V_148_reg_11006                                                |   8|   0|   23|         15|
    |r_V_149_reg_11011                                                |   8|   0|   23|         15|
    |r_V_150_reg_11016                                                |   8|   0|   23|         15|
    |r_V_151_reg_11021                                                |   8|   0|   23|         15|
    |r_V_152_reg_11026                                                |   8|   0|   23|         15|
    |r_V_153_reg_11031                                                |   8|   0|   23|         15|
    |r_V_154_reg_11036                                                |   8|   0|   23|         15|
    |r_V_155_reg_11041                                                |   8|   0|   23|         15|
    |r_V_156_reg_11046                                                |   8|   0|   23|         15|
    |r_V_157_reg_11051                                                |   8|   0|   23|         15|
    |r_V_403_reg_8798                                                 |  29|   0|   29|          0|
    |r_V_404_reg_8832                                                 |  29|   0|   29|          0|
    |r_V_405_reg_8926                                                 |  29|   0|   29|          0|
    |r_V_406_reg_8960                                                 |  29|   0|   29|          0|
    |r_V_407_reg_9054                                                 |  29|   0|   29|          0|
    |r_V_408_reg_9088                                                 |  29|   0|   29|          0|
    |r_V_409_reg_9192                                                 |  29|   0|   29|          0|
    |r_V_410_reg_9226                                                 |  29|   0|   29|          0|
    |r_V_411_reg_9330                                                 |  29|   0|   29|          0|
    |r_V_412_reg_9364                                                 |  29|   0|   29|          0|
    |r_V_413_reg_9468                                                 |  29|   0|   29|          0|
    |r_V_414_reg_9502                                                 |  29|   0|   29|          0|
    |r_V_415_reg_9606                                                 |  29|   0|   29|          0|
    |r_V_416_reg_9640                                                 |  29|   0|   29|          0|
    |r_V_417_reg_9744                                                 |  29|   0|   29|          0|
    |r_V_418_reg_9778                                                 |  29|   0|   29|          0|
    |r_V_419_reg_9882                                                 |  29|   0|   29|          0|
    |r_V_420_reg_9916                                                 |  29|   0|   29|          0|
    |r_V_421_reg_10020                                                |  29|   0|   29|          0|
    |r_V_422_reg_10054                                                |  29|   0|   29|          0|
    |r_V_423_reg_10158                                                |  29|   0|   29|          0|
    |r_V_424_reg_10192                                                |  29|   0|   29|          0|
    |r_V_425_reg_10296                                                |  29|   0|   29|          0|
    |r_V_426_reg_10330                                                |  29|   0|   29|          0|
    |r_V_427_reg_10434                                                |  29|   0|   29|          0|
    |r_V_428_reg_10468                                                |  29|   0|   29|          0|
    |r_V_429_reg_10562                                                |  29|   0|   29|          0|
    |r_V_430_reg_10596                                                |  29|   0|   29|          0|
    |r_V_431_reg_10670                                                |  29|   0|   29|          0|
    |r_V_432_reg_10704                                                |  29|   0|   29|          0|
    |r_V_433_reg_10778                                                |  29|   0|   29|          0|
    |r_V_434_reg_10812                                                |  29|   0|   29|          0|
    |r_V_94_reg_8479                                                  |   8|   0|   23|         15|
    |r_V_95_reg_8485                                                  |   8|   0|   23|         15|
    |r_V_96_reg_8491                                                  |   8|   0|   23|         15|
    |r_V_97_reg_8496                                                  |   8|   0|   23|         15|
    |r_V_98_reg_8502                                                  |   8|   0|   23|         15|
    |r_V_99_reg_8507                                                  |   8|   0|   23|         15|
    |r_V_s_reg_8473                                                   |  16|   0|   24|          8|
    |select_ln346_101_reg_10394                                       |   8|   0|    8|          0|
    |select_ln346_103_reg_10399                                       |   8|   0|    8|          0|
    |select_ln346_105_reg_10522                                       |   8|   0|    8|          0|
    |select_ln346_107_reg_10527                                       |   8|   0|    8|          0|
    |select_ln346_109_reg_10630                                       |   8|   0|    8|          0|
    |select_ln346_111_reg_10635                                       |   8|   0|    8|          0|
    |select_ln346_113_reg_10738                                       |   8|   0|    8|          0|
    |select_ln346_115_reg_10743                                       |   8|   0|    8|          0|
    |select_ln346_117_reg_10846                                       |   8|   0|    8|          0|
    |select_ln346_119_reg_10851                                       |   8|   0|    8|          0|
    |select_ln346_121_reg_10886                                       |   8|   0|    8|          0|
    |select_ln346_123_reg_10891                                       |   8|   0|    8|          0|
    |select_ln346_65_reg_9152                                         |   8|   0|    8|          0|
    |select_ln346_67_reg_9157                                         |   8|   0|    8|          0|
    |select_ln346_69_reg_9290                                         |   8|   0|    8|          0|
    |select_ln346_71_reg_9295                                         |   8|   0|    8|          0|
    |select_ln346_73_reg_9428                                         |   8|   0|    8|          0|
    |select_ln346_75_reg_9433                                         |   8|   0|    8|          0|
    |select_ln346_77_reg_9566                                         |   8|   0|    8|          0|
    |select_ln346_79_reg_9571                                         |   8|   0|    8|          0|
    |select_ln346_81_reg_9704                                         |   8|   0|    8|          0|
    |select_ln346_83_reg_9709                                         |   8|   0|    8|          0|
    |select_ln346_85_reg_9842                                         |   8|   0|    8|          0|
    |select_ln346_87_reg_9847                                         |   8|   0|    8|          0|
    |select_ln346_89_reg_9980                                         |   8|   0|    8|          0|
    |select_ln346_91_reg_9985                                         |   8|   0|    8|          0|
    |select_ln346_93_reg_10118                                        |   8|   0|    8|          0|
    |select_ln346_95_reg_10123                                        |   8|   0|    8|          0|
    |select_ln346_97_reg_10256                                        |   8|   0|    8|          0|
    |select_ln346_99_reg_10261                                        |   8|   0|    8|          0|
    |tmp_481_reg_8854                                                 |   1|   0|    1|          0|
    |tmp_487_reg_8948                                                 |   1|   0|    1|          0|
    |tmp_493_reg_8982                                                 |   1|   0|    1|          0|
    |tmp_499_reg_9076                                                 |   1|   0|    1|          0|
    |tmp_505_reg_9110                                                 |   1|   0|    1|          0|
    |tmp_511_reg_9214                                                 |   1|   0|    1|          0|
    |tmp_517_reg_9248                                                 |   1|   0|    1|          0|
    |tmp_523_reg_9352                                                 |   1|   0|    1|          0|
    |tmp_529_reg_9386                                                 |   1|   0|    1|          0|
    |tmp_535_reg_9490                                                 |   1|   0|    1|          0|
    |tmp_541_reg_9524                                                 |   1|   0|    1|          0|
    |tmp_547_reg_9628                                                 |   1|   0|    1|          0|
    |tmp_553_reg_9662                                                 |   1|   0|    1|          0|
    |tmp_559_reg_9766                                                 |   1|   0|    1|          0|
    |tmp_565_reg_9800                                                 |   1|   0|    1|          0|
    |tmp_571_reg_9904                                                 |   1|   0|    1|          0|
    |tmp_577_reg_9938                                                 |   1|   0|    1|          0|
    |tmp_583_reg_10042                                                |   1|   0|    1|          0|
    |tmp_589_reg_10076                                                |   1|   0|    1|          0|
    |tmp_595_reg_10180                                                |   1|   0|    1|          0|
    |tmp_601_reg_10214                                                |   1|   0|    1|          0|
    |tmp_607_reg_10318                                                |   1|   0|    1|          0|
    |tmp_613_reg_10352                                                |   1|   0|    1|          0|
    |tmp_619_reg_10456                                                |   1|   0|    1|          0|
    |tmp_625_reg_10490                                                |   1|   0|    1|          0|
    |tmp_631_reg_10584                                                |   1|   0|    1|          0|
    |tmp_637_reg_10618                                                |   1|   0|    1|          0|
    |tmp_643_reg_10692                                                |   1|   0|    1|          0|
    |tmp_649_reg_10726                                                |   1|   0|    1|          0|
    |tmp_655_reg_10800                                                |   1|   0|    1|          0|
    |tmp_661_reg_10834                                                |   1|   0|    1|          0|
    |tmp_reg_8820                                                     |   1|   0|    1|          0|
    +-----------------------------------------------------------------+----+----+-----+-----------+
    |Total                                                            |2687|   0| 3655|        968|
    +-----------------------------------------------------------------+----+----+-----+-----------+



================================================================
== Interface
================================================================
* Summary: 
+---------------------+-----+-----+------------+---------------+--------------+
|      RTL Ports      | Dir | Bits|  Protocol  | Source Object |    C Type    |
+---------------------+-----+-----+------------+---------------+--------------+
|ap_clk               |   in|    1|  ap_ctrl_hs|  gru_cell_step|  return value|
|ap_rst               |   in|    1|  ap_ctrl_hs|  gru_cell_step|  return value|
|ap_start             |   in|    1|  ap_ctrl_hs|  gru_cell_step|  return value|
|ap_done              |  out|    1|  ap_ctrl_hs|  gru_cell_step|  return value|
|ap_idle              |  out|    1|  ap_ctrl_hs|  gru_cell_step|  return value|
|ap_ready             |  out|    1|  ap_ctrl_hs|  gru_cell_step|  return value|
|grp_fu_4170_p_din0   |  out|   21|  ap_ctrl_hs|  gru_cell_step|  return value|
|grp_fu_4170_p_din1   |  out|   23|  ap_ctrl_hs|  gru_cell_step|  return value|
|grp_fu_4170_p_dout0  |   in|   44|  ap_ctrl_hs|  gru_cell_step|  return value|
|grp_fu_4170_p_ce     |  out|    1|  ap_ctrl_hs|  gru_cell_step|  return value|
|grp_fu_4174_p_din0   |  out|   22|  ap_ctrl_hs|  gru_cell_step|  return value|
|grp_fu_4174_p_din1   |  out|   23|  ap_ctrl_hs|  gru_cell_step|  return value|
|grp_fu_4174_p_dout0  |   in|   45|  ap_ctrl_hs|  gru_cell_step|  return value|
|grp_fu_4174_p_ce     |  out|    1|  ap_ctrl_hs|  gru_cell_step|  return value|
|grp_fu_4178_p_din0   |  out|   22|  ap_ctrl_hs|  gru_cell_step|  return value|
|grp_fu_4178_p_din1   |  out|   23|  ap_ctrl_hs|  gru_cell_step|  return value|
|grp_fu_4178_p_dout0  |   in|   45|  ap_ctrl_hs|  gru_cell_step|  return value|
|grp_fu_4178_p_ce     |  out|    1|  ap_ctrl_hs|  gru_cell_step|  return value|
|grp_fu_4182_p_din0   |  out|   21|  ap_ctrl_hs|  gru_cell_step|  return value|
|grp_fu_4182_p_din1   |  out|   23|  ap_ctrl_hs|  gru_cell_step|  return value|
|grp_fu_4182_p_dout0  |   in|   44|  ap_ctrl_hs|  gru_cell_step|  return value|
|grp_fu_4182_p_ce     |  out|    1|  ap_ctrl_hs|  gru_cell_step|  return value|
|grp_fu_4186_p_din0   |  out|   22|  ap_ctrl_hs|  gru_cell_step|  return value|
|grp_fu_4186_p_din1   |  out|   23|  ap_ctrl_hs|  gru_cell_step|  return value|
|grp_fu_4186_p_dout0  |   in|   45|  ap_ctrl_hs|  gru_cell_step|  return value|
|grp_fu_4186_p_ce     |  out|    1|  ap_ctrl_hs|  gru_cell_step|  return value|
|grp_fu_4190_p_din0   |  out|   22|  ap_ctrl_hs|  gru_cell_step|  return value|
|grp_fu_4190_p_din1   |  out|   23|  ap_ctrl_hs|  gru_cell_step|  return value|
|grp_fu_4190_p_dout0  |   in|   45|  ap_ctrl_hs|  gru_cell_step|  return value|
|grp_fu_4190_p_ce     |  out|    1|  ap_ctrl_hs|  gru_cell_step|  return value|
|grp_fu_4194_p_din0   |  out|   22|  ap_ctrl_hs|  gru_cell_step|  return value|
|grp_fu_4194_p_din1   |  out|   23|  ap_ctrl_hs|  gru_cell_step|  return value|
|grp_fu_4194_p_dout0  |   in|   45|  ap_ctrl_hs|  gru_cell_step|  return value|
|grp_fu_4194_p_ce     |  out|    1|  ap_ctrl_hs|  gru_cell_step|  return value|
|grp_fu_4198_p_din0   |  out|   21|  ap_ctrl_hs|  gru_cell_step|  return value|
|grp_fu_4198_p_din1   |  out|   23|  ap_ctrl_hs|  gru_cell_step|  return value|
|grp_fu_4198_p_dout0  |   in|   44|  ap_ctrl_hs|  gru_cell_step|  return value|
|grp_fu_4198_p_ce     |  out|    1|  ap_ctrl_hs|  gru_cell_step|  return value|
|grp_fu_4202_p_din0   |  out|   22|  ap_ctrl_hs|  gru_cell_step|  return value|
|grp_fu_4202_p_din1   |  out|   23|  ap_ctrl_hs|  gru_cell_step|  return value|
|grp_fu_4202_p_dout0  |   in|   45|  ap_ctrl_hs|  gru_cell_step|  return value|
|grp_fu_4202_p_ce     |  out|    1|  ap_ctrl_hs|  gru_cell_step|  return value|
|grp_fu_4206_p_din0   |  out|   22|  ap_ctrl_hs|  gru_cell_step|  return value|
|grp_fu_4206_p_din1   |  out|   23|  ap_ctrl_hs|  gru_cell_step|  return value|
|grp_fu_4206_p_dout0  |   in|   45|  ap_ctrl_hs|  gru_cell_step|  return value|
|grp_fu_4206_p_ce     |  out|    1|  ap_ctrl_hs|  gru_cell_step|  return value|
|grp_fu_4210_p_din0   |  out|   22|  ap_ctrl_hs|  gru_cell_step|  return value|
|grp_fu_4210_p_din1   |  out|   23|  ap_ctrl_hs|  gru_cell_step|  return value|
|grp_fu_4210_p_dout0  |   in|   45|  ap_ctrl_hs|  gru_cell_step|  return value|
|grp_fu_4210_p_ce     |  out|    1|  ap_ctrl_hs|  gru_cell_step|  return value|
|grp_fu_4214_p_din0   |  out|   21|  ap_ctrl_hs|  gru_cell_step|  return value|
|grp_fu_4214_p_din1   |  out|   23|  ap_ctrl_hs|  gru_cell_step|  return value|
|grp_fu_4214_p_dout0  |   in|   44|  ap_ctrl_hs|  gru_cell_step|  return value|
|grp_fu_4214_p_ce     |  out|    1|  ap_ctrl_hs|  gru_cell_step|  return value|
|grp_fu_4218_p_din0   |  out|   22|  ap_ctrl_hs|  gru_cell_step|  return value|
|grp_fu_4218_p_din1   |  out|   23|  ap_ctrl_hs|  gru_cell_step|  return value|
|grp_fu_4218_p_dout0  |   in|   45|  ap_ctrl_hs|  gru_cell_step|  return value|
|grp_fu_4218_p_ce     |  out|    1|  ap_ctrl_hs|  gru_cell_step|  return value|
|grp_fu_4222_p_din0   |  out|   22|  ap_ctrl_hs|  gru_cell_step|  return value|
|grp_fu_4222_p_din1   |  out|   23|  ap_ctrl_hs|  gru_cell_step|  return value|
|grp_fu_4222_p_dout0  |   in|   45|  ap_ctrl_hs|  gru_cell_step|  return value|
|grp_fu_4222_p_ce     |  out|    1|  ap_ctrl_hs|  gru_cell_step|  return value|
|grp_fu_4226_p_din0   |  out|   21|  ap_ctrl_hs|  gru_cell_step|  return value|
|grp_fu_4226_p_din1   |  out|   23|  ap_ctrl_hs|  gru_cell_step|  return value|
|grp_fu_4226_p_dout0  |   in|   44|  ap_ctrl_hs|  gru_cell_step|  return value|
|grp_fu_4226_p_ce     |  out|    1|  ap_ctrl_hs|  gru_cell_step|  return value|
|grp_fu_4230_p_din0   |  out|   22|  ap_ctrl_hs|  gru_cell_step|  return value|
|grp_fu_4230_p_din1   |  out|   23|  ap_ctrl_hs|  gru_cell_step|  return value|
|grp_fu_4230_p_dout0  |   in|   45|  ap_ctrl_hs|  gru_cell_step|  return value|
|grp_fu_4230_p_ce     |  out|    1|  ap_ctrl_hs|  gru_cell_step|  return value|
|grp_fu_4234_p_din0   |  out|   22|  ap_ctrl_hs|  gru_cell_step|  return value|
|grp_fu_4234_p_din1   |  out|   23|  ap_ctrl_hs|  gru_cell_step|  return value|
|grp_fu_4234_p_dout0  |   in|   45|  ap_ctrl_hs|  gru_cell_step|  return value|
|grp_fu_4234_p_ce     |  out|    1|  ap_ctrl_hs|  gru_cell_step|  return value|
|grp_fu_4238_p_din0   |  out|   21|  ap_ctrl_hs|  gru_cell_step|  return value|
|grp_fu_4238_p_din1   |  out|   23|  ap_ctrl_hs|  gru_cell_step|  return value|
|grp_fu_4238_p_dout0  |   in|   44|  ap_ctrl_hs|  gru_cell_step|  return value|
|grp_fu_4238_p_ce     |  out|    1|  ap_ctrl_hs|  gru_cell_step|  return value|
|grp_fu_4242_p_din0   |  out|   22|  ap_ctrl_hs|  gru_cell_step|  return value|
|grp_fu_4242_p_din1   |  out|   23|  ap_ctrl_hs|  gru_cell_step|  return value|
|grp_fu_4242_p_dout0  |   in|   45|  ap_ctrl_hs|  gru_cell_step|  return value|
|grp_fu_4242_p_ce     |  out|    1|  ap_ctrl_hs|  gru_cell_step|  return value|
|grp_fu_4246_p_din0   |  out|   22|  ap_ctrl_hs|  gru_cell_step|  return value|
|grp_fu_4246_p_din1   |  out|   23|  ap_ctrl_hs|  gru_cell_step|  return value|
|grp_fu_4246_p_dout0  |   in|   45|  ap_ctrl_hs|  gru_cell_step|  return value|
|grp_fu_4246_p_ce     |  out|    1|  ap_ctrl_hs|  gru_cell_step|  return value|
|grp_fu_4250_p_din0   |  out|   21|  ap_ctrl_hs|  gru_cell_step|  return value|
|grp_fu_4250_p_din1   |  out|   23|  ap_ctrl_hs|  gru_cell_step|  return value|
|grp_fu_4250_p_dout0  |   in|   44|  ap_ctrl_hs|  gru_cell_step|  return value|
|grp_fu_4250_p_ce     |  out|    1|  ap_ctrl_hs|  gru_cell_step|  return value|
|grp_fu_4254_p_din0   |  out|   22|  ap_ctrl_hs|  gru_cell_step|  return value|
|grp_fu_4254_p_din1   |  out|   23|  ap_ctrl_hs|  gru_cell_step|  return value|
|grp_fu_4254_p_dout0  |   in|   45|  ap_ctrl_hs|  gru_cell_step|  return value|
|grp_fu_4254_p_ce     |  out|    1|  ap_ctrl_hs|  gru_cell_step|  return value|
|grp_fu_4258_p_din0   |  out|   22|  ap_ctrl_hs|  gru_cell_step|  return value|
|grp_fu_4258_p_din1   |  out|   23|  ap_ctrl_hs|  gru_cell_step|  return value|
|grp_fu_4258_p_dout0  |   in|   45|  ap_ctrl_hs|  gru_cell_step|  return value|
|grp_fu_4258_p_ce     |  out|    1|  ap_ctrl_hs|  gru_cell_step|  return value|
|grp_fu_4262_p_din0   |  out|   22|  ap_ctrl_hs|  gru_cell_step|  return value|
|grp_fu_4262_p_din1   |  out|   23|  ap_ctrl_hs|  gru_cell_step|  return value|
|grp_fu_4262_p_dout0  |   in|   45|  ap_ctrl_hs|  gru_cell_step|  return value|
|grp_fu_4262_p_ce     |  out|    1|  ap_ctrl_hs|  gru_cell_step|  return value|
|grp_fu_4266_p_din0   |  out|   23|  ap_ctrl_hs|  gru_cell_step|  return value|
|grp_fu_4266_p_din1   |  out|   23|  ap_ctrl_hs|  gru_cell_step|  return value|
|grp_fu_4266_p_dout0  |   in|   46|  ap_ctrl_hs|  gru_cell_step|  return value|
|grp_fu_4266_p_ce     |  out|    1|  ap_ctrl_hs|  gru_cell_step|  return value|
|grp_fu_4270_p_din0   |  out|   21|  ap_ctrl_hs|  gru_cell_step|  return value|
|grp_fu_4270_p_din1   |  out|   23|  ap_ctrl_hs|  gru_cell_step|  return value|
|grp_fu_4270_p_dout0  |   in|   44|  ap_ctrl_hs|  gru_cell_step|  return value|
|grp_fu_4270_p_ce     |  out|    1|  ap_ctrl_hs|  gru_cell_step|  return value|
|grp_fu_4274_p_din0   |  out|   22|  ap_ctrl_hs|  gru_cell_step|  return value|
|grp_fu_4274_p_din1   |  out|   23|  ap_ctrl_hs|  gru_cell_step|  return value|
|grp_fu_4274_p_dout0  |   in|   45|  ap_ctrl_hs|  gru_cell_step|  return value|
|grp_fu_4274_p_ce     |  out|    1|  ap_ctrl_hs|  gru_cell_step|  return value|
|grp_fu_4278_p_din0   |  out|   22|  ap_ctrl_hs|  gru_cell_step|  return value|
|grp_fu_4278_p_din1   |  out|   23|  ap_ctrl_hs|  gru_cell_step|  return value|
|grp_fu_4278_p_dout0  |   in|   45|  ap_ctrl_hs|  gru_cell_step|  return value|
|grp_fu_4278_p_ce     |  out|    1|  ap_ctrl_hs|  gru_cell_step|  return value|
|grp_fu_4282_p_din0   |  out|   23|  ap_ctrl_hs|  gru_cell_step|  return value|
|grp_fu_4282_p_din1   |  out|   23|  ap_ctrl_hs|  gru_cell_step|  return value|
|grp_fu_4282_p_dout0  |   in|   46|  ap_ctrl_hs|  gru_cell_step|  return value|
|grp_fu_4282_p_ce     |  out|    1|  ap_ctrl_hs|  gru_cell_step|  return value|
|grp_fu_4286_p_din0   |  out|   22|  ap_ctrl_hs|  gru_cell_step|  return value|
|grp_fu_4286_p_din1   |  out|   23|  ap_ctrl_hs|  gru_cell_step|  return value|
|grp_fu_4286_p_dout0  |   in|   45|  ap_ctrl_hs|  gru_cell_step|  return value|
|grp_fu_4286_p_ce     |  out|    1|  ap_ctrl_hs|  gru_cell_step|  return value|
|grp_fu_4290_p_din0   |  out|   22|  ap_ctrl_hs|  gru_cell_step|  return value|
|grp_fu_4290_p_din1   |  out|   23|  ap_ctrl_hs|  gru_cell_step|  return value|
|grp_fu_4290_p_dout0  |   in|   45|  ap_ctrl_hs|  gru_cell_step|  return value|
|grp_fu_4290_p_ce     |  out|    1|  ap_ctrl_hs|  gru_cell_step|  return value|
|grp_fu_4294_p_din0   |  out|   22|  ap_ctrl_hs|  gru_cell_step|  return value|
|grp_fu_4294_p_din1   |  out|   23|  ap_ctrl_hs|  gru_cell_step|  return value|
|grp_fu_4294_p_dout0  |   in|   45|  ap_ctrl_hs|  gru_cell_step|  return value|
|grp_fu_4294_p_ce     |  out|    1|  ap_ctrl_hs|  gru_cell_step|  return value|
|grp_fu_4298_p_din0   |  out|   22|  ap_ctrl_hs|  gru_cell_step|  return value|
|grp_fu_4298_p_din1   |  out|   23|  ap_ctrl_hs|  gru_cell_step|  return value|
|grp_fu_4298_p_dout0  |   in|   45|  ap_ctrl_hs|  gru_cell_step|  return value|
|grp_fu_4298_p_ce     |  out|    1|  ap_ctrl_hs|  gru_cell_step|  return value|
|grp_fu_4302_p_din0   |  out|   22|  ap_ctrl_hs|  gru_cell_step|  return value|
|grp_fu_4302_p_din1   |  out|   23|  ap_ctrl_hs|  gru_cell_step|  return value|
|grp_fu_4302_p_dout0  |   in|   45|  ap_ctrl_hs|  gru_cell_step|  return value|
|grp_fu_4302_p_ce     |  out|    1|  ap_ctrl_hs|  gru_cell_step|  return value|
|grp_fu_4306_p_din0   |  out|   22|  ap_ctrl_hs|  gru_cell_step|  return value|
|grp_fu_4306_p_din1   |  out|   23|  ap_ctrl_hs|  gru_cell_step|  return value|
|grp_fu_4306_p_dout0  |   in|   45|  ap_ctrl_hs|  gru_cell_step|  return value|
|grp_fu_4306_p_ce     |  out|    1|  ap_ctrl_hs|  gru_cell_step|  return value|
|grp_fu_4310_p_din0   |  out|   22|  ap_ctrl_hs|  gru_cell_step|  return value|
|grp_fu_4310_p_din1   |  out|   23|  ap_ctrl_hs|  gru_cell_step|  return value|
|grp_fu_4310_p_dout0  |   in|   45|  ap_ctrl_hs|  gru_cell_step|  return value|
|grp_fu_4310_p_ce     |  out|    1|  ap_ctrl_hs|  gru_cell_step|  return value|
|grp_fu_4314_p_din0   |  out|   23|  ap_ctrl_hs|  gru_cell_step|  return value|
|grp_fu_4314_p_din1   |  out|   23|  ap_ctrl_hs|  gru_cell_step|  return value|
|grp_fu_4314_p_dout0  |   in|   46|  ap_ctrl_hs|  gru_cell_step|  return value|
|grp_fu_4314_p_ce     |  out|    1|  ap_ctrl_hs|  gru_cell_step|  return value|
|grp_fu_4318_p_din0   |  out|   23|  ap_ctrl_hs|  gru_cell_step|  return value|
|grp_fu_4318_p_din1   |  out|   23|  ap_ctrl_hs|  gru_cell_step|  return value|
|grp_fu_4318_p_dout0  |   in|   46|  ap_ctrl_hs|  gru_cell_step|  return value|
|grp_fu_4318_p_ce     |  out|    1|  ap_ctrl_hs|  gru_cell_step|  return value|
|grp_fu_4322_p_din0   |  out|   22|  ap_ctrl_hs|  gru_cell_step|  return value|
|grp_fu_4322_p_din1   |  out|   23|  ap_ctrl_hs|  gru_cell_step|  return value|
|grp_fu_4322_p_dout0  |   in|   45|  ap_ctrl_hs|  gru_cell_step|  return value|
|grp_fu_4322_p_ce     |  out|    1|  ap_ctrl_hs|  gru_cell_step|  return value|
|grp_fu_4326_p_din0   |  out|   22|  ap_ctrl_hs|  gru_cell_step|  return value|
|grp_fu_4326_p_din1   |  out|   23|  ap_ctrl_hs|  gru_cell_step|  return value|
|grp_fu_4326_p_dout0  |   in|   45|  ap_ctrl_hs|  gru_cell_step|  return value|
|grp_fu_4326_p_ce     |  out|    1|  ap_ctrl_hs|  gru_cell_step|  return value|
|grp_fu_4330_p_din0   |  out|   22|  ap_ctrl_hs|  gru_cell_step|  return value|
|grp_fu_4330_p_din1   |  out|   23|  ap_ctrl_hs|  gru_cell_step|  return value|
|grp_fu_4330_p_dout0  |   in|   45|  ap_ctrl_hs|  gru_cell_step|  return value|
|grp_fu_4330_p_ce     |  out|    1|  ap_ctrl_hs|  gru_cell_step|  return value|
|grp_fu_4334_p_din0   |  out|   22|  ap_ctrl_hs|  gru_cell_step|  return value|
|grp_fu_4334_p_din1   |  out|   23|  ap_ctrl_hs|  gru_cell_step|  return value|
|grp_fu_4334_p_dout0  |   in|   45|  ap_ctrl_hs|  gru_cell_step|  return value|
|grp_fu_4334_p_ce     |  out|    1|  ap_ctrl_hs|  gru_cell_step|  return value|
|grp_fu_4338_p_din0   |  out|   22|  ap_ctrl_hs|  gru_cell_step|  return value|
|grp_fu_4338_p_din1   |  out|   23|  ap_ctrl_hs|  gru_cell_step|  return value|
|grp_fu_4338_p_dout0  |   in|   45|  ap_ctrl_hs|  gru_cell_step|  return value|
|grp_fu_4338_p_ce     |  out|    1|  ap_ctrl_hs|  gru_cell_step|  return value|
|grp_fu_4342_p_din0   |  out|   22|  ap_ctrl_hs|  gru_cell_step|  return value|
|grp_fu_4342_p_din1   |  out|   23|  ap_ctrl_hs|  gru_cell_step|  return value|
|grp_fu_4342_p_dout0  |   in|   45|  ap_ctrl_hs|  gru_cell_step|  return value|
|grp_fu_4342_p_ce     |  out|    1|  ap_ctrl_hs|  gru_cell_step|  return value|
|grp_fu_4346_p_din0   |  out|   23|  ap_ctrl_hs|  gru_cell_step|  return value|
|grp_fu_4346_p_din1   |  out|   23|  ap_ctrl_hs|  gru_cell_step|  return value|
|grp_fu_4346_p_dout0  |   in|   46|  ap_ctrl_hs|  gru_cell_step|  return value|
|grp_fu_4346_p_ce     |  out|    1|  ap_ctrl_hs|  gru_cell_step|  return value|
|grp_fu_4350_p_din0   |  out|   22|  ap_ctrl_hs|  gru_cell_step|  return value|
|grp_fu_4350_p_din1   |  out|   23|  ap_ctrl_hs|  gru_cell_step|  return value|
|grp_fu_4350_p_dout0  |   in|   45|  ap_ctrl_hs|  gru_cell_step|  return value|
|grp_fu_4350_p_ce     |  out|    1|  ap_ctrl_hs|  gru_cell_step|  return value|
|grp_fu_4354_p_din0   |  out|   22|  ap_ctrl_hs|  gru_cell_step|  return value|
|grp_fu_4354_p_din1   |  out|   23|  ap_ctrl_hs|  gru_cell_step|  return value|
|grp_fu_4354_p_dout0  |   in|   45|  ap_ctrl_hs|  gru_cell_step|  return value|
|grp_fu_4354_p_ce     |  out|    1|  ap_ctrl_hs|  gru_cell_step|  return value|
|grp_fu_4358_p_din0   |  out|   22|  ap_ctrl_hs|  gru_cell_step|  return value|
|grp_fu_4358_p_din1   |  out|   23|  ap_ctrl_hs|  gru_cell_step|  return value|
|grp_fu_4358_p_dout0  |   in|   45|  ap_ctrl_hs|  gru_cell_step|  return value|
|grp_fu_4358_p_ce     |  out|    1|  ap_ctrl_hs|  gru_cell_step|  return value|
|grp_fu_4362_p_din0   |  out|   22|  ap_ctrl_hs|  gru_cell_step|  return value|
|grp_fu_4362_p_din1   |  out|   23|  ap_ctrl_hs|  gru_cell_step|  return value|
|grp_fu_4362_p_dout0  |   in|   45|  ap_ctrl_hs|  gru_cell_step|  return value|
|grp_fu_4362_p_ce     |  out|    1|  ap_ctrl_hs|  gru_cell_step|  return value|
|grp_fu_4366_p_din0   |  out|   22|  ap_ctrl_hs|  gru_cell_step|  return value|
|grp_fu_4366_p_din1   |  out|   23|  ap_ctrl_hs|  gru_cell_step|  return value|
|grp_fu_4366_p_dout0  |   in|   45|  ap_ctrl_hs|  gru_cell_step|  return value|
|grp_fu_4366_p_ce     |  out|    1|  ap_ctrl_hs|  gru_cell_step|  return value|
|grp_fu_4370_p_din0   |  out|   22|  ap_ctrl_hs|  gru_cell_step|  return value|
|grp_fu_4370_p_din1   |  out|   23|  ap_ctrl_hs|  gru_cell_step|  return value|
|grp_fu_4370_p_dout0  |   in|   45|  ap_ctrl_hs|  gru_cell_step|  return value|
|grp_fu_4370_p_ce     |  out|    1|  ap_ctrl_hs|  gru_cell_step|  return value|
|grp_fu_4374_p_din0   |  out|   22|  ap_ctrl_hs|  gru_cell_step|  return value|
|grp_fu_4374_p_din1   |  out|   23|  ap_ctrl_hs|  gru_cell_step|  return value|
|grp_fu_4374_p_dout0  |   in|   45|  ap_ctrl_hs|  gru_cell_step|  return value|
|grp_fu_4374_p_ce     |  out|    1|  ap_ctrl_hs|  gru_cell_step|  return value|
|grp_fu_4378_p_din0   |  out|   22|  ap_ctrl_hs|  gru_cell_step|  return value|
|grp_fu_4378_p_din1   |  out|   23|  ap_ctrl_hs|  gru_cell_step|  return value|
|grp_fu_4378_p_dout0  |   in|   45|  ap_ctrl_hs|  gru_cell_step|  return value|
|grp_fu_4378_p_ce     |  out|    1|  ap_ctrl_hs|  gru_cell_step|  return value|
|x                    |   in|   16|     ap_none|              x|        scalar|
|h_prev_0_address0    |  out|    3|   ap_memory|       h_prev_0|         array|
|h_prev_0_ce0         |  out|    1|   ap_memory|       h_prev_0|         array|
|h_prev_0_q0          |   in|    8|   ap_memory|       h_prev_0|         array|
|h_prev_0_address1    |  out|    3|   ap_memory|       h_prev_0|         array|
|h_prev_0_ce1         |  out|    1|   ap_memory|       h_prev_0|         array|
|h_prev_0_q1          |   in|    8|   ap_memory|       h_prev_0|         array|
|h_prev_1_address0    |  out|    3|   ap_memory|       h_prev_1|         array|
|h_prev_1_ce0         |  out|    1|   ap_memory|       h_prev_1|         array|
|h_prev_1_q0          |   in|    8|   ap_memory|       h_prev_1|         array|
|h_prev_1_address1    |  out|    3|   ap_memory|       h_prev_1|         array|
|h_prev_1_ce1         |  out|    1|   ap_memory|       h_prev_1|         array|
|h_prev_1_q1          |   in|    8|   ap_memory|       h_prev_1|         array|
|h_prev_2_address0    |  out|    3|   ap_memory|       h_prev_2|         array|
|h_prev_2_ce0         |  out|    1|   ap_memory|       h_prev_2|         array|
|h_prev_2_q0          |   in|    8|   ap_memory|       h_prev_2|         array|
|h_prev_2_address1    |  out|    3|   ap_memory|       h_prev_2|         array|
|h_prev_2_ce1         |  out|    1|   ap_memory|       h_prev_2|         array|
|h_prev_2_q1          |   in|    8|   ap_memory|       h_prev_2|         array|
|h_prev_3_address0    |  out|    3|   ap_memory|       h_prev_3|         array|
|h_prev_3_ce0         |  out|    1|   ap_memory|       h_prev_3|         array|
|h_prev_3_q0          |   in|    8|   ap_memory|       h_prev_3|         array|
|h_prev_3_address1    |  out|    3|   ap_memory|       h_prev_3|         array|
|h_prev_3_ce1         |  out|    1|   ap_memory|       h_prev_3|         array|
|h_prev_3_q1          |   in|    8|   ap_memory|       h_prev_3|         array|
|h_new_address0       |  out|    5|   ap_memory|          h_new|         array|
|h_new_ce0            |  out|    1|   ap_memory|          h_new|         array|
|h_new_we0            |  out|    1|   ap_memory|          h_new|         array|
|h_new_d0             |  out|    8|   ap_memory|          h_new|         array|
+---------------------+-----+-----+------------+---------------+--------------+

